SCAN,ADDRESS,TIMESTAMP,UUID,MAJOR,MINOR,TX POWER,RSSI
0,DC:A6:32:33:AA:47,2020-07-09 17:58:37.709271,6a4f71d8-c22a-11ea-9878-dca63233aa46,1,1,1,-40
1,DC:A6:32:33:AA:47,2020-07-09 17:58:38.161525,6a4f71d8-c22a-11ea-9878-dca63233aa46,1,1,1,-40
2,DC:A6:32:33:AA:47,2020-07-09 17:58:39.829506,6a4f71d8-c22a-11ea-9878-dca63233aa46,1,1,1,-39
3,DC:A6:32:33:AA:47,2020-07-09 17:58:40.026803,6a4f71d8-c22a-11ea-9878-dca63233aa46,1,1,1,-39
4,DC:A6:32:33:AA:47,2020-07-09 17:58:41.763229,6a4f71d8-c22a-11ea-9878-dca63233aa46,1,1,1,-40
5,DC:A6:32:33:AA:47,2020-07-09 17:58:42.251822,6a4f71d8-c22a-11ea-9878-dca63233aa46,1,1,1,-39
6,DC:A6:32:33:AA:47,2020-07-09 17:58:44.031948,6a4f71d8-c22a-11ea-9878-dca63233aa46,1,1,1,-39
7,DC:A6:32:33:AA:47,2020-07-09 17:58:45.091869,6a4f71d8-c22a-11ea-9878-dca63233aa46,1,1,1,-39
8,DC:A6:32:33:AA:47,2020-07-09 17:58:47.096893,6a4f71d8-c22a-11ea-9878-dca63233aa46,1,1,1,-39
9,DC:A6:32:33:AA:47,2020-07-09 17:58:48.229383,6a4f71d8-c22a-11ea-9878-dca63233aa46,1,1,1,-33
10,DC:A6:32:33:AA:47,2020-07-09 17:58:49.182964,6a4f71d8-c22a-11ea-9878-dca63233aa46,1,1,1,-39
11,DC:A6:32:33:AA:47,2020-07-09 17:58:50.043272,6a4f71d8-c22a-11ea-9878-dca63233aa46,1,1,1,-34
12,DC:A6:32:33:AA:47,2020-07-09 17:58:51.276943,6a4f71d8-c22a-11ea-9878-dca63233aa46,1,1,1,-39
13,DC:A6:32:33:AA:47,2020-07-09 17:58:53.281982,6a4f71d8-c22a-11ea-9878-dca63233aa46,1,1,1,-40
14,DC:A6:32:33:AA:47,2020-07-09 17:58:54.765236,6a4f71d8-c22a-11ea-9878-dca63233aa46,1,1,1,-40
15,DC:A6:32:33:AA:47,2020-07-09 17:58:55.004494,6a4f71d8-c22a-11ea-9878-dca63233aa46,1,1,1,-40
16,DC:A6:32:33:AA:47,2020-07-09 17:58:56.288238,6a4f71d8-c22a-11ea-9878-dca63233aa46,1,1,1,-34
17,DC:A6:32:33:AA:47,2020-07-09 17:58:57.209470,6a4f71d8-c22a-11ea-9878-dca63233aa46,1,1,1,-39
18,DC:A6:32:33:AA:47,2020-07-09 17:58:58.343247,6a4f71d8-c22a-11ea-9878-dca63233aa46,1,1,1,-39
19,DC:A6:32:33:AA:47,2020-07-09 17:58:59.095733,6a4f71d8-c22a-11ea-9878-dca63233aa46,1,1,1,-39
20,DC:A6:32:33:AA:47,2020-07-09 17:59:00.610833,6a4f71d8-c22a-11ea-9878-dca63233aa46,1,1,1,-39
21,DC:A6:32:33:AA:47,2020-07-09 17:59:01.023256,6a4f71d8-c22a-11ea-9878-dca63233aa46,1,1,1,-34
22,DC:A6:32:33:AA:47,2020-07-09 17:59:03.028343,6a4f71d8-c22a-11ea-9878-dca63233aa46,1,1,1,-39
23,DC:A6:32:33:AA:47,2020-07-09 17:59:05.033331,6a4f71d8-c22a-11ea-9878-dca63233aa46,1,1,1,-39
24,DC:A6:32:33:AA:47,2020-07-09 17:59:06.042180,6a4f71d8-c22a-11ea-9878-dca63233aa46,1,1,1,-39
25,DC:A6:32:33:AA:47,2020-07-09 17:59:07.070857,6a4f71d8-c22a-11ea-9878-dca63233aa46,1,1,1,-39
26,DC:A6:32:33:AA:47,2020-07-09 17:59:09.075991,6a4f71d8-c22a-11ea-9878-dca63233aa46,1,1,1,-33
27,DC:A6:32:33:AA:47,2020-07-09 17:59:11.084625,6a4f71d8-c22a-11ea-9878-dca63233aa46,1,1,1,-39
28,DC:A6:32:33:AA:47,2020-07-09 17:59:13.089818,6a4f71d8-c22a-11ea-9878-dca63233aa46,1,1,1,-39
29,DC:A6:32:33:AA:47,2020-07-09 17:59:14.039685,6a4f71d8-c22a-11ea-9878-dca63233aa46,1,1,1,-39
30,DC:A6:32:33:AA:47,2020-07-09 17:59:15.400950,6a4f71d8-c22a-11ea-9878-dca63233aa46,1,1,1,-39
31,DC:A6:32:33:AA:47,2020-07-09 17:59:16.238030,6a4f71d8-c22a-11ea-9878-dca63233aa46,1,1,1,-39
32,DC:A6:32:33:AA:47,2020-07-09 17:59:17.134756,6a4f71d8-c22a-11ea-9878-dca63233aa46,1,1,1,-39
33,DC:A6:32:33:AA:47,2020-07-09 17:59:19.139858,6a4f71d8-c22a-11ea-9878-dca63233aa46,1,1,1,-34
34,DC:A6:32:33:AA:47,2020-07-09 17:59:21.144853,6a4f71d8-c22a-11ea-9878-dca63233aa46,1,1,1,-39
35,DC:A6:32:33:AA:47,2020-07-09 17:59:23.114891,6a4f71d8-c22a-11ea-9878-dca63233aa46,1,1,1,-39
36,DC:A6:32:33:AA:47,2020-07-09 17:59:25.119852,6a4f71d8-c22a-11ea-9878-dca63233aa46,1,1,1,-39
37,DC:A6:32:33:AA:47,2020-07-09 17:59:26.578571,6a4f71d8-c22a-11ea-9878-dca63233aa46,1,1,1,-39
38,DC:A6:32:33:AA:47,2020-07-09 17:59:27.309805,6a4f71d8-c22a-11ea-9878-dca63233aa46,1,1,1,-39
39,DC:A6:32:33:AA:47,2020-07-09 17:59:28.027351,6a4f71d8-c22a-11ea-9878-dca63233aa46,1,1,1,-39
40,DC:A6:32:33:AA:47,2020-07-09 17:59:30.032411,6a4f71d8-c22a-11ea-9878-dca63233aa46,1,1,1,-39
41,DC:A6:32:33:AA:47,2020-07-09 17:59:31.393609,6a4f71d8-c22a-11ea-9878-dca63233aa46,1,1,1,-39
42,DC:A6:32:33:AA:47,2020-07-09 17:59:33.398641,6a4f71d8-c22a-11ea-9878-dca63233aa46,1,1,1,-39
43,DC:A6:32:33:AA:47,2020-07-09 17:59:34.131202,6a4f71d8-c22a-11ea-9878-dca63233aa46,1,1,1,-39
44,DC:A6:32:33:AA:47,2020-07-09 17:59:35.111196,6a4f71d8-c22a-11ea-9878-dca63233aa46,1,1,1,-39
45,DC:A6:32:33:AA:47,2020-07-09 17:59:36.019961,6a4f71d8-c22a-11ea-9878-dca63233aa46,1,1,1,-40
46,DC:A6:32:33:AA:47,2020-07-09 17:59:38.025023,6a4f71d8-c22a-11ea-9878-dca63233aa46,1,1,1,-39
47,DC:A6:32:33:AA:47,2020-07-09 17:59:40.030080,6a4f71d8-c22a-11ea-9878-dca63233aa46,1,1,1,-39
48,DC:A6:32:33:AA:47,2020-07-09 17:59:42.035137,6a4f71d8-c22a-11ea-9878-dca63233aa46,1,1,1,-39
49,DC:A6:32:33:AA:47,2020-07-09 17:59:43.068777,6a4f71d8-c22a-11ea-9878-dca63233aa46,1,1,1,-33
50,DC:A6:32:33:AA:47,2020-07-09 17:59:44.158759,6a4f71d8-c22a-11ea-9878-dca63233aa46,1,1,1,-39
51,DC:A6:32:33:AA:47,2020-07-09 17:59:45.099354,6a4f71d8-c22a-11ea-9878-dca63233aa46,1,1,1,-34
52,DC:A6:32:33:AA:47,2020-07-09 17:59:46.655031,6a4f71d8-c22a-11ea-9878-dca63233aa46,1,1,1,-39
53,DC:A6:32:33:AA:47,2020-07-09 17:59:47.028766,6a4f71d8-c22a-11ea-9878-dca63233aa46,1,1,1,-34
54,DC:A6:32:33:AA:47,2020-07-09 17:59:48.390194,6a4f71d8-c22a-11ea-9878-dca63233aa46,1,1,1,-39
55,DC:A6:32:33:AA:47,2020-07-09 17:59:49.748819,6a4f71d8-c22a-11ea-9878-dca63233aa46,1,1,1,-39
56,DC:A6:32:33:AA:47,2020-07-09 17:59:50.060666,6a4f71d8-c22a-11ea-9878-dca63233aa46,1,1,1,-39
57,DC:A6:32:33:AA:47,2020-07-09 17:59:51.923858,6a4f71d8-c22a-11ea-9878-dca63233aa46,1,1,1,-39
58,DC:A6:32:33:AA:47,2020-07-09 17:59:52.045078,6a4f71d8-c22a-11ea-9878-dca63233aa46,1,1,1,-39
59,DC:A6:32:33:AA:47,2020-07-09 17:59:54.050267,6a4f71d8-c22a-11ea-9878-dca63233aa46,1,1,1,-39
60,DC:A6:32:33:AA:47,2020-07-09 17:59:56.055235,6a4f71d8-c22a-11ea-9878-dca63233aa46,1,1,1,-39
61,DC:A6:32:33:AA:47,2020-07-09 17:59:57.860186,6a4f71d8-c22a-11ea-9878-dca63233aa46,1,1,1,-39
62,DC:A6:32:33:AA:47,2020-07-09 17:59:58.051479,6a4f71d8-c22a-11ea-9878-dca63233aa46,1,1,1,-39
63,DC:A6:32:33:AA:47,2020-07-09 17:59:59.668328,6a4f71d8-c22a-11ea-9878-dca63233aa46,1,1,1,-39
64,DC:A6:32:33:AA:47,2020-07-09 18:00:00.251513,6a4f71d8-c22a-11ea-9878-dca63233aa46,1,1,1,-39
65,DC:A6:32:33:AA:47,2020-07-09 18:00:01.350221,6a4f71d8-c22a-11ea-9878-dca63233aa46,1,1,1,-39
66,DC:A6:32:33:AA:47,2020-07-09 18:00:02.062731,6a4f71d8-c22a-11ea-9878-dca63233aa46,1,1,1,-39
67,DC:A6:32:33:AA:47,2020-07-09 18:00:04.067746,6a4f71d8-c22a-11ea-9878-dca63233aa46,1,1,1,-39
68,DC:A6:32:33:AA:47,2020-07-09 18:00:05.022798,6a4f71d8-c22a-11ea-9878-dca63233aa46,1,1,1,-39
69,DC:A6:32:33:AA:47,2020-07-09 18:00:06.353993,6a4f71d8-c22a-11ea-9878-dca63233aa46,1,1,1,-39
70,DC:A6:32:33:AA:47,2020-07-09 18:00:08.337927,6a4f71d8-c22a-11ea-9878-dca63233aa46,1,1,1,-39
71,DC:A6:32:33:AA:47,2020-07-09 18:00:09.110321,6a4f71d8-c22a-11ea-9878-dca63233aa46,1,1,1,-39
72,DC:A6:32:33:AA:47,2020-07-09 18:00:11.115427,6a4f71d8-c22a-11ea-9878-dca63233aa46,1,1,1,-34
73,DC:A6:32:33:AA:47,2020-07-09 18:00:13.120484,6a4f71d8-c22a-11ea-9878-dca63233aa46,1,1,1,-39
74,DC:A6:32:33:AA:47,2020-07-09 18:00:15.125445,6a4f71d8-c22a-11ea-9878-dca63233aa46,1,1,1,-34
75,DC:A6:32:33:AA:47,2020-07-09 18:00:17.130486,6a4f71d8-c22a-11ea-9878-dca63233aa46,1,1,1,-39
76,DC:A6:32:33:AA:47,2020-07-09 18:00:19.135515,6a4f71d8-c22a-11ea-9878-dca63233aa46,1,1,1,-34
77,DC:A6:32:33:AA:47,2020-07-09 18:00:20.452934,6a4f71d8-c22a-11ea-9878-dca63233aa46,1,1,1,-39
78,DC:A6:32:33:AA:47,2020-07-09 18:00:21.194181,6a4f71d8-c22a-11ea-9878-dca63233aa46,1,1,1,-39
79,DC:A6:32:33:AA:47,2020-07-09 18:00:22.511783,6a4f71d8-c22a-11ea-9878-dca63233aa46,1,1,1,-33
80,DC:A6:32:33:AA:47,2020-07-09 18:00:23.072963,6a4f71d8-c22a-11ea-9878-dca63233aa46,1,1,1,-39
81,DC:A6:32:33:AA:47,2020-07-09 18:00:24.564324,6a4f71d8-c22a-11ea-9878-dca63233aa46,1,1,1,-39
82,DC:A6:32:33:AA:47,2020-07-09 18:00:25.311797,6a4f71d8-c22a-11ea-9878-dca63233aa46,1,1,1,-39
83,DC:A6:32:33:AA:47,2020-07-09 18:00:26.081134,6a4f71d8-c22a-11ea-9878-dca63233aa46,1,1,1,-39
84,DC:A6:32:33:AA:47,2020-07-09 18:00:27.448696,6a4f71d8-c22a-11ea-9878-dca63233aa46,1,1,1,-39
85,DC:A6:32:33:AA:47,2020-07-09 18:00:28.091759,6a4f71d8-c22a-11ea-9878-dca63233aa46,1,1,1,-39
86,DC:A6:32:33:AA:47,2020-07-09 18:00:29.368685,6a4f71d8-c22a-11ea-9878-dca63233aa46,1,1,1,-39
87,DC:A6:32:33:AA:47,2020-07-09 18:00:30.171920,6a4f71d8-c22a-11ea-9878-dca63233aa46,1,1,1,-34
88,DC:A6:32:33:AA:47,2020-07-09 18:00:31.633169,6a4f71d8-c22a-11ea-9878-dca63233aa46,1,1,1,-34
89,DC:A6:32:33:AA:47,2020-07-09 18:00:33.638169,6a4f71d8-c22a-11ea-9878-dca63233aa46,1,1,1,-39
90,DC:A6:32:33:AA:47,2020-07-09 18:00:34.231845,6a4f71d8-c22a-11ea-9878-dca63233aa46,1,1,1,-39
91,DC:A6:32:33:AA:47,2020-07-09 18:00:35.154420,6a4f71d8-c22a-11ea-9878-dca63233aa46,1,1,1,-34
92,DC:A6:32:33:AA:47,2020-07-09 18:00:36.530642,6a4f71d8-c22a-11ea-9878-dca63233aa46,1,1,1,-39
93,DC:A6:32:33:AA:47,2020-07-09 18:00:37.631946,6a4f71d8-c22a-11ea-9878-dca63233aa46,1,1,1,-39
94,DC:A6:32:33:AA:47,2020-07-09 18:00:38.461897,6a4f71d8-c22a-11ea-9878-dca63233aa46,1,1,1,-34
95,DC:A6:32:33:AA:47,2020-07-09 18:00:39.224386,6a4f71d8-c22a-11ea-9878-dca63233aa46,1,1,1,-34
96,DC:A6:32:33:AA:47,2020-07-09 18:00:41.229579,6a4f71d8-c22a-11ea-9878-dca63233aa46,1,1,1,-34
97,DC:A6:32:33:AA:47,2020-07-09 18:00:42.423238,6a4f71d8-c22a-11ea-9878-dca63233aa46,1,1,1,-39
98,DC:A6:32:33:AA:47,2020-07-09 18:00:43.031965,6a4f71d8-c22a-11ea-9878-dca63233aa46,1,1,1,-39
99,DC:A6:32:33:AA:47,2020-07-09 18:00:44.120765,6a4f71d8-c22a-11ea-9878-dca63233aa46,1,1,1,-39
100,DC:A6:32:33:AA:47,2020-07-09 18:00:45.213220,6a4f71d8-c22a-11ea-9878-dca63233aa46,1,1,1,-39
101,DC:A6:32:33:AA:47,2020-07-09 18:00:47.061953,6a4f71d8-c22a-11ea-9878-dca63233aa46,1,1,1,-39
102,DC:A6:32:33:AA:47,2020-07-09 18:00:49.067077,6a4f71d8-c22a-11ea-9878-dca63233aa46,1,1,1,-39
103,DC:A6:32:33:AA:47,2020-07-09 18:00:50.640841,6a4f71d8-c22a-11ea-9878-dca63233aa46,1,1,1,-34
104,DC:A6:32:33:AA:47,2020-07-09 18:00:51.017031,6a4f71d8-c22a-11ea-9878-dca63233aa46,1,1,1,-39
105,DC:A6:32:33:AA:47,2020-07-09 18:00:52.480872,6a4f71d8-c22a-11ea-9878-dca63233aa46,1,1,1,-34
106,DC:A6:32:33:AA:47,2020-07-09 18:00:53.580903,6a4f71d8-c22a-11ea-9878-dca63233aa46,1,1,1,-34
107,DC:A6:32:33:AA:47,2020-07-09 18:00:54.682195,6a4f71d8-c22a-11ea-9878-dca63233aa46,1,1,1,-39
108,DC:A6:32:33:AA:47,2020-07-09 18:00:55.208962,6a4f71d8-c22a-11ea-9878-dca63233aa46,1,1,1,-34
109,DC:A6:32:33:AA:47,2020-07-09 18:00:56.044631,6a4f71d8-c22a-11ea-9878-dca63233aa46,1,1,1,-40
110,DC:A6:32:33:AA:47,2020-07-09 18:00:57.112187,6a4f71d8-c22a-11ea-9878-dca63233aa46,1,1,1,-38
111,DC:A6:32:33:AA:47,2020-07-09 18:00:58.472199,6a4f71d8-c22a-11ea-9878-dca63233aa46,1,1,1,-39
112,DC:A6:32:33:AA:47,2020-07-09 18:00:59.657769,6a4f71d8-c22a-11ea-9878-dca63233aa46,1,1,1,-33
113,DC:A6:32:33:AA:47,2020-07-09 18:01:00.213386,6a4f71d8-c22a-11ea-9878-dca63233aa46,1,1,1,-34
114,DC:A6:32:33:AA:47,2020-07-09 18:01:01.575933,6a4f71d8-c22a-11ea-9878-dca63233aa46,1,1,1,-34
115,DC:A6:32:33:AA:47,2020-07-09 18:01:02.673543,6a4f71d8-c22a-11ea-9878-dca63233aa46,1,1,1,-39
116,DC:A6:32:33:AA:47,2020-07-09 18:01:03.052300,6a4f71d8-c22a-11ea-9878-dca63233aa46,1,1,1,-34
117,DC:A6:32:33:AA:47,2020-07-09 18:01:04.904797,6a4f71d8-c22a-11ea-9878-dca63233aa46,1,1,1,-40
118,DC:A6:32:33:AA:47,2020-07-09 18:01:05.004688,6a4f71d8-c22a-11ea-9878-dca63233aa46,1,1,1,-40
119,DC:A6:32:33:AA:47,2020-07-09 18:01:07.009770,6a4f71d8-c22a-11ea-9878-dca63233aa46,1,1,1,-33
120,DC:A6:32:33:AA:47,2020-07-09 18:01:09.014814,6a4f71d8-c22a-11ea-9878-dca63233aa46,1,1,1,-39
121,DC:A6:32:33:AA:47,2020-07-09 18:01:11.019799,6a4f71d8-c22a-11ea-9878-dca63233aa46,1,1,1,-40
122,DC:A6:32:33:AA:47,2020-07-09 18:01:12.873584,6a4f71d8-c22a-11ea-9878-dca63233aa46,1,1,1,-40
123,DC:A6:32:33:AA:47,2020-07-09 18:01:13.041082,6a4f71d8-c22a-11ea-9878-dca63233aa46,1,1,1,-32
124,DC:A6:32:33:AA:47,2020-07-09 18:01:15.046112,6a4f71d8-c22a-11ea-9878-dca63233aa46,1,1,1,-38
125,DC:A6:32:33:AA:47,2020-07-09 18:01:17.051224,6a4f71d8-c22a-11ea-9878-dca63233aa46,1,1,1,-38
126,DC:A6:32:33:AA:47,2020-07-09 18:01:18.051172,6a4f71d8-c22a-11ea-9878-dca63233aa46,1,1,1,-39
127,DC:A6:32:33:AA:47,2020-07-09 18:01:19.141206,6a4f71d8-c22a-11ea-9878-dca63233aa46,1,1,1,-33
128,DC:A6:32:33:AA:47,2020-07-09 18:01:20.389907,6a4f71d8-c22a-11ea-9878-dca63233aa46,1,1,1,-40
129,DC:A6:32:33:AA:47,2020-07-09 18:01:21.119988,6a4f71d8-c22a-11ea-9878-dca63233aa46,1,1,1,-40
130,DC:A6:32:33:AA:47,2020-07-09 18:01:22.129327,6a4f71d8-c22a-11ea-9878-dca63233aa46,1,1,1,-40
131,DC:A6:32:33:AA:47,2020-07-09 18:01:24.135052,6a4f71d8-c22a-11ea-9878-dca63233aa46,1,1,1,-40
132,DC:A6:32:33:AA:47,2020-07-09 18:01:26.111283,6a4f71d8-c22a-11ea-9878-dca63233aa46,1,1,1,-41
133,DC:A6:32:33:AA:47,2020-07-09 18:01:27.023715,6a4f71d8-c22a-11ea-9878-dca63233aa46,1,1,1,-34
134,DC:A6:32:33:AA:47,2020-07-09 18:01:28.545115,6a4f71d8-c22a-11ea-9878-dca63233aa46,1,1,1,-40
135,DC:A6:32:33:AA:47,2020-07-09 18:01:30.550071,6a4f71d8-c22a-11ea-9878-dca63233aa46,1,1,1,-37
136,DC:A6:32:33:AA:47,2020-07-09 18:01:32.555111,6a4f71d8-c22a-11ea-9878-dca63233aa46,1,1,1,-33
137,DC:A6:32:33:AA:47,2020-07-09 18:01:33.033801,6a4f71d8-c22a-11ea-9878-dca63233aa46,1,1,1,-34
138,DC:A6:32:33:AA:47,2020-07-09 18:01:34.662649,6a4f71d8-c22a-11ea-9878-dca63233aa46,1,1,1,-38
139,DC:A6:32:33:AA:47,2020-07-09 18:01:35.272574,6a4f71d8-c22a-11ea-9878-dca63233aa46,1,1,1,-39
140,DC:A6:32:33:AA:47,2020-07-09 18:01:36.166344,6a4f71d8-c22a-11ea-9878-dca63233aa46,1,1,1,-33
141,DC:A6:32:33:AA:47,2020-07-09 18:01:38.016321,6a4f71d8-c22a-11ea-9878-dca63233aa46,1,1,1,-33
142,DC:A6:32:33:AA:47,2020-07-09 18:01:40.025026,6a4f71d8-c22a-11ea-9878-dca63233aa46,1,1,1,-33
143,DC:A6:32:33:AA:47,2020-07-09 18:01:42.030251,6a4f71d8-c22a-11ea-9878-dca63233aa46,1,1,1,-33
144,DC:A6:32:33:AA:47,2020-07-09 18:01:44.035266,6a4f71d8-c22a-11ea-9878-dca63233aa46,1,1,1,-33
145,DC:A6:32:33:AA:47,2020-07-09 18:01:46.040324,6a4f71d8-c22a-11ea-9878-dca63233aa46,1,1,1,-39
146,DC:A6:32:33:AA:47,2020-07-09 18:01:47.432799,6a4f71d8-c22a-11ea-9878-dca63233aa46,1,1,1,-39
147,DC:A6:32:33:AA:47,2020-07-09 18:01:49.437774,6a4f71d8-c22a-11ea-9878-dca63233aa46,1,1,1,-39
148,DC:A6:32:33:AA:47,2020-07-09 18:01:50.149034,6a4f71d8-c22a-11ea-9878-dca63233aa46,1,1,1,-33
149,DC:A6:32:33:AA:47,2020-07-09 18:01:52.157368,6a4f71d8-c22a-11ea-9878-dca63233aa46,1,1,1,-38
150,DC:A6:32:33:AA:47,2020-07-09 18:01:53.669761,6a4f71d8-c22a-11ea-9878-dca63233aa46,1,1,1,-39
151,DC:A6:32:33:AA:47,2020-07-09 18:01:54.057239,6a4f71d8-c22a-11ea-9878-dca63233aa46,1,1,1,-33
152,DC:A6:32:33:AA:47,2020-07-09 18:01:55.100954,6a4f71d8-c22a-11ea-9878-dca63233aa46,1,1,1,-34
153,DC:A6:32:33:AA:47,2020-07-09 18:01:57.104784,6a4f71d8-c22a-11ea-9878-dca63233aa46,1,1,1,-39
154,DC:A6:32:33:AA:47,2020-07-09 18:01:59.109264,6a4f71d8-c22a-11ea-9878-dca63233aa46,1,1,1,-39
155,DC:A6:32:33:AA:47,2020-07-09 18:02:01.045452,6a4f71d8-c22a-11ea-9878-dca63233aa46,1,1,1,-39
156,DC:A6:32:33:AA:47,2020-07-09 18:02:02.682981,6a4f71d8-c22a-11ea-9878-dca63233aa46,1,1,1,-39
157,DC:A6:32:33:AA:47,2020-07-09 18:02:04.163137,6a4f71d8-c22a-11ea-9878-dca63233aa46,1,1,1,-38
158,DC:A6:32:33:AA:47,2020-07-09 18:02:05.259259,6a4f71d8-c22a-11ea-9878-dca63233aa46,1,1,1,-39
159,DC:A6:32:33:AA:47,2020-07-09 18:02:06.359282,6a4f71d8-c22a-11ea-9878-dca63233aa46,1,1,1,-38
160,DC:A6:32:33:AA:47,2020-07-09 18:02:08.364279,6a4f71d8-c22a-11ea-9878-dca63233aa46,1,1,1,-33
161,DC:A6:32:33:AA:47,2020-07-09 18:02:10.369376,6a4f71d8-c22a-11ea-9878-dca63233aa46,1,1,1,-38
162,DC:A6:32:33:AA:47,2020-07-09 18:02:12.374366,6a4f71d8-c22a-11ea-9878-dca63233aa46,1,1,1,-33
163,DC:A6:32:33:AA:47,2020-07-09 18:02:14.379351,6a4f71d8-c22a-11ea-9878-dca63233aa46,1,1,1,-39
164,DC:A6:32:33:AA:47,2020-07-09 18:02:16.384432,6a4f71d8-c22a-11ea-9878-dca63233aa46,1,1,1,-33
165,DC:A6:32:33:AA:47,2020-07-09 18:02:18.388835,6a4f71d8-c22a-11ea-9878-dca63233aa46,1,1,1,-39
166,DC:A6:32:33:AA:47,2020-07-09 18:02:19.699533,6a4f71d8-c22a-11ea-9878-dca63233aa46,1,1,1,-34
167,DC:A6:32:33:AA:47,2020-07-09 18:02:20.446944,6a4f71d8-c22a-11ea-9878-dca63233aa46,1,1,1,-39
168,DC:A6:32:33:AA:47,2020-07-09 18:02:22.049429,6a4f71d8-c22a-11ea-9878-dca63233aa46,1,1,1,-39
169,DC:A6:32:33:AA:47,2020-07-09 18:02:24.054490,6a4f71d8-c22a-11ea-9878-dca63233aa46,1,1,1,-38
170,DC:A6:32:33:AA:47,2020-07-09 18:02:26.059545,6a4f71d8-c22a-11ea-9878-dca63233aa46,1,1,1,-39
171,DC:A6:32:33:AA:47,2020-07-09 18:02:28.010786,6a4f71d8-c22a-11ea-9878-dca63233aa46,1,1,1,-33
172,DC:A6:32:33:AA:47,2020-07-09 18:02:30.015864,6a4f71d8-c22a-11ea-9878-dca63233aa46,1,1,1,-40
173,DC:A6:32:33:AA:47,2020-07-09 18:02:31.503323,6a4f71d8-c22a-11ea-9878-dca63233aa46,1,1,1,-34
174,DC:A6:32:33:AA:47,2020-07-09 18:02:32.179586,6a4f71d8-c22a-11ea-9878-dca63233aa46,1,1,1,-39
175,DC:A6:32:33:AA:47,2020-07-09 18:02:33.080502,6a4f71d8-c22a-11ea-9878-dca63233aa46,1,1,1,-38
176,DC:A6:32:33:AA:47,2020-07-09 18:02:35.085970,6a4f71d8-c22a-11ea-9878-dca63233aa46,1,1,1,-34
177,DC:A6:32:33:AA:47,2020-07-09 18:02:36.093382,6a4f71d8-c22a-11ea-9878-dca63233aa46,1,1,1,-39
178,DC:A6:32:33:AA:47,2020-07-09 18:02:37.480901,6a4f71d8-c22a-11ea-9878-dca63233aa46,1,1,1,-39
179,DC:A6:32:33:AA:47,2020-07-09 18:02:38.012138,6a4f71d8-c22a-11ea-9878-dca63233aa46,1,1,1,-39
180,DC:A6:32:33:AA:47,2020-07-09 18:02:39.107729,6a4f71d8-c22a-11ea-9878-dca63233aa46,1,1,1,-34
181,DC:A6:32:33:AA:47,2020-07-09 18:02:41.113636,6a4f71d8-c22a-11ea-9878-dca63233aa46,1,1,1,-39
182,DC:A6:32:33:AA:47,2020-07-09 18:02:42.144760,6a4f71d8-c22a-11ea-9878-dca63233aa46,1,1,1,-39
183,DC:A6:32:33:AA:47,2020-07-09 18:02:43.123569,6a4f71d8-c22a-11ea-9878-dca63233aa46,1,1,1,-38
184,DC:A6:32:33:AA:47,2020-07-09 18:02:44.815052,6a4f71d8-c22a-11ea-9878-dca63233aa46,1,1,1,-34
185,DC:A6:32:33:AA:47,2020-07-09 18:02:45.437301,6a4f71d8-c22a-11ea-9878-dca63233aa46,1,1,1,-34
186,DC:A6:32:33:AA:47,2020-07-09 18:02:47.442295,6a4f71d8-c22a-11ea-9878-dca63233aa46,1,1,1,-33
187,DC:A6:32:33:AA:47,2020-07-09 18:02:48.890447,6a4f71d8-c22a-11ea-9878-dca63233aa46,1,1,1,-33
188,DC:A6:32:33:AA:47,2020-07-09 18:02:49.006029,6a4f71d8-c22a-11ea-9878-dca63233aa46,1,1,1,-39
189,DC:A6:32:33:AA:47,2020-07-09 18:02:51.011187,6a4f71d8-c22a-11ea-9878-dca63233aa46,1,1,1,-33
190,DC:A6:32:33:AA:47,2020-07-09 18:02:53.016147,6a4f71d8-c22a-11ea-9878-dca63233aa46,1,1,1,-39
191,DC:A6:32:33:AA:47,2020-07-09 18:02:55.021190,6a4f71d8-c22a-11ea-9878-dca63233aa46,1,1,1,-39
192,DC:A6:32:33:AA:47,2020-07-09 18:02:57.029330,6a4f71d8-c22a-11ea-9878-dca63233aa46,1,1,1,-38
193,DC:A6:32:33:AA:47,2020-07-09 18:02:58.859980,6a4f71d8-c22a-11ea-9878-dca63233aa46,1,1,1,-34
194,DC:A6:32:33:AA:47,2020-07-09 18:02:59.007404,6a4f71d8-c22a-11ea-9878-dca63233aa46,1,1,1,-33
195,DC:A6:32:33:AA:47,2020-07-09 18:03:00.566323,6a4f71d8-c22a-11ea-9878-dca63233aa46,1,1,1,-33
196,DC:A6:32:33:AA:47,2020-07-09 18:03:01.677487,6a4f71d8-c22a-11ea-9878-dca63233aa46,1,1,1,-39
197,DC:A6:32:33:AA:47,2020-07-09 18:03:03.682597,6a4f71d8-c22a-11ea-9878-dca63233aa46,1,1,1,-34
198,DC:A6:32:33:AA:47,2020-07-09 18:03:05.687560,6a4f71d8-c22a-11ea-9878-dca63233aa46,1,1,1,-38
199,DC:A6:32:33:AA:47,2020-07-09 18:03:06.038110,6a4f71d8-c22a-11ea-9878-dca63233aa46,1,1,1,-33
200,DC:A6:32:33:AA:47,2020-07-09 18:03:08.043832,6a4f71d8-c22a-11ea-9878-dca63233aa46,1,1,1,-33
201,DC:A6:32:33:AA:47,2020-07-09 18:03:10.048920,6a4f71d8-c22a-11ea-9878-dca63233aa46,1,1,1,-39
202,DC:A6:32:33:AA:47,2020-07-09 18:03:12.053884,6a4f71d8-c22a-11ea-9878-dca63233aa46,1,1,1,-39
203,DC:A6:32:33:AA:47,2020-07-09 18:03:14.058988,6a4f71d8-c22a-11ea-9878-dca63233aa46,1,1,1,-38
204,DC:A6:32:33:AA:47,2020-07-09 18:03:15.519807,6a4f71d8-c22a-11ea-9878-dca63233aa46,1,1,1,-39
205,DC:A6:32:33:AA:47,2020-07-09 18:03:16.192698,6a4f71d8-c22a-11ea-9878-dca63233aa46,1,1,1,-38
206,DC:A6:32:33:AA:47,2020-07-09 18:03:17.345173,6a4f71d8-c22a-11ea-9878-dca63233aa46,1,1,1,-33
207,DC:A6:32:33:AA:47,2020-07-09 18:03:19.350246,6a4f71d8-c22a-11ea-9878-dca63233aa46,1,1,1,-39
208,DC:A6:32:33:AA:47,2020-07-09 18:03:20.013944,6a4f71d8-c22a-11ea-9878-dca63233aa46,1,1,1,-39
209,DC:A6:32:33:AA:47,2020-07-09 18:03:22.019051,6a4f71d8-c22a-11ea-9878-dca63233aa46,1,1,1,-39
210,DC:A6:32:33:AA:47,2020-07-09 18:03:24.024034,6a4f71d8-c22a-11ea-9878-dca63233aa46,1,1,1,-39
211,DC:A6:32:33:AA:47,2020-07-09 18:03:26.029041,6a4f71d8-c22a-11ea-9878-dca63233aa46,1,1,1,-39
212,DC:A6:32:33:AA:47,2020-07-09 18:03:28.037432,6a4f71d8-c22a-11ea-9878-dca63233aa46,1,1,1,-39
213,DC:A6:32:33:AA:47,2020-07-09 18:03:30.042893,6a4f71d8-c22a-11ea-9878-dca63233aa46,1,1,1,-39
214,DC:A6:32:33:AA:47,2020-07-09 18:03:32.047882,6a4f71d8-c22a-11ea-9878-dca63233aa46,1,1,1,-33
215,DC:A6:32:33:AA:47,2020-07-09 18:03:34.055670,6a4f71d8-c22a-11ea-9878-dca63233aa46,1,1,1,-39
216,DC:A6:32:33:AA:47,2020-07-09 18:03:35.354209,6a4f71d8-c22a-11ea-9878-dca63233aa46,1,1,1,-39
217,DC:A6:32:33:AA:47,2020-07-09 18:03:36.175417,6a4f71d8-c22a-11ea-9878-dca63233aa46,1,1,1,-39
218,DC:A6:32:33:AA:47,2020-07-09 18:03:37.271082,6a4f71d8-c22a-11ea-9878-dca63233aa46,1,1,1,-33
219,DC:A6:32:33:AA:47,2020-07-09 18:03:38.635437,6a4f71d8-c22a-11ea-9878-dca63233aa46,1,1,1,-39
220,DC:A6:32:33:AA:47,2020-07-09 18:03:40.001704,6a4f71d8-c22a-11ea-9878-dca63233aa46,1,1,1,-33
221,DC:A6:32:33:AA:47,2020-07-09 18:03:42.006770,6a4f71d8-c22a-11ea-9878-dca63233aa46,1,1,1,-39
222,DC:A6:32:33:AA:47,2020-07-09 18:03:44.011917,6a4f71d8-c22a-11ea-9878-dca63233aa46,1,1,1,-38
223,DC:A6:32:33:AA:47,2020-07-09 18:03:45.436926,6a4f71d8-c22a-11ea-9878-dca63233aa46,1,1,1,-33
224,DC:A6:32:33:AA:47,2020-07-09 18:03:47.441886,6a4f71d8-c22a-11ea-9878-dca63233aa46,1,1,1,-33
225,DC:A6:32:33:AA:47,2020-07-09 18:03:48.036864,6a4f71d8-c22a-11ea-9878-dca63233aa46,1,1,1,-38
226,DC:A6:32:33:AA:47,2020-07-09 18:03:49.164398,6a4f71d8-c22a-11ea-9878-dca63233aa46,1,1,1,-39
227,DC:A6:32:33:AA:47,2020-07-09 18:03:51.172722,6a4f71d8-c22a-11ea-9878-dca63233aa46,1,1,1,-39
228,DC:A6:32:33:AA:47,2020-07-09 18:03:53.178234,6a4f71d8-c22a-11ea-9878-dca63233aa46,1,1,1,-33
229,DC:A6:32:33:AA:47,2020-07-09 18:03:54.121970,6a4f71d8-c22a-11ea-9878-dca63233aa46,1,1,1,-33
230,DC:A6:32:33:AA:47,2020-07-09 18:03:56.023201,6a4f71d8-c22a-11ea-9878-dca63233aa46,1,1,1,-33
231,DC:A6:32:33:AA:47,2020-07-09 18:03:57.154113,6a4f71d8-c22a-11ea-9878-dca63233aa46,1,1,1,-34
232,DC:A6:32:33:AA:47,2020-07-09 18:03:59.158304,6a4f71d8-c22a-11ea-9878-dca63233aa46,1,1,1,-39
233,DC:A6:32:33:AA:47,2020-07-09 18:04:01.163264,6a4f71d8-c22a-11ea-9878-dca63233aa46,1,1,1,-33
234,DC:A6:32:33:AA:47,2020-07-09 18:04:02.382223,6a4f71d8-c22a-11ea-9878-dca63233aa46,1,1,1,-39
235,DC:A6:32:33:AA:47,2020-07-09 18:04:04.387108,6a4f71d8-c22a-11ea-9878-dca63233aa46,1,1,1,-38
236,DC:A6:32:33:AA:47,2020-07-09 18:04:05.679569,6a4f71d8-c22a-11ea-9878-dca63233aa46,1,1,1,-39
237,DC:A6:32:33:AA:47,2020-07-09 18:04:06.298322,6a4f71d8-c22a-11ea-9878-dca63233aa46,1,1,1,-39
238,DC:A6:32:33:AA:47,2020-07-09 18:04:07.040181,6a4f71d8-c22a-11ea-9878-dca63233aa46,1,1,1,-39
239,DC:A6:32:33:AA:47,2020-07-09 18:04:09.044691,6a4f71d8-c22a-11ea-9878-dca63233aa46,1,1,1,-38
240,DC:A6:32:33:AA:47,2020-07-09 18:04:11.049691,6a4f71d8-c22a-11ea-9878-dca63233aa46,1,1,1,-39
241,DC:A6:32:33:AA:47,2020-07-09 18:04:12.268440,6a4f71d8-c22a-11ea-9878-dca63233aa46,1,1,1,-38
242,DC:A6:32:33:AA:47,2020-07-09 18:04:13.098415,6a4f71d8-c22a-11ea-9878-dca63233aa46,1,1,1,-33
243,DC:A6:32:33:AA:47,2020-07-09 18:04:15.106914,6a4f71d8-c22a-11ea-9878-dca63233aa46,1,1,1,-39
244,DC:A6:32:33:AA:47,2020-07-09 18:04:16.144762,6a4f71d8-c22a-11ea-9878-dca63233aa46,1,1,1,-39
245,DC:A6:32:33:AA:47,2020-07-09 18:04:17.245987,6a4f71d8-c22a-11ea-9878-dca63233aa46,1,1,1,-39
246,DC:A6:32:33:AA:47,2020-07-09 18:04:19.251131,6a4f71d8-c22a-11ea-9878-dca63233aa46,1,1,1,-33
247,DC:A6:32:33:AA:47,2020-07-09 18:04:20.019134,6a4f71d8-c22a-11ea-9878-dca63233aa46,1,1,1,-39
248,DC:A6:32:33:AA:47,2020-07-09 18:04:21.034850,6a4f71d8-c22a-11ea-9878-dca63233aa46,1,1,1,-39
249,DC:A6:32:33:AA:47,2020-07-09 18:04:22.932374,6a4f71d8-c22a-11ea-9878-dca63233aa46,1,1,1,-33
250,DC:A6:32:33:AA:47,2020-07-09 18:04:23.003599,6a4f71d8-c22a-11ea-9878-dca63233aa46,1,1,1,-39
251,DC:A6:32:33:AA:47,2020-07-09 18:04:25.008609,6a4f71d8-c22a-11ea-9878-dca63233aa46,1,1,1,-39
252,DC:A6:32:33:AA:47,2020-07-09 18:04:26.842419,6a4f71d8-c22a-11ea-9878-dca63233aa46,1,1,1,-38
253,DC:A6:32:33:AA:47,2020-07-09 18:04:27.010534,6a4f71d8-c22a-11ea-9878-dca63233aa46,1,1,1,-34
254,DC:A6:32:33:AA:47,2020-07-09 18:04:28.018618,6a4f71d8-c22a-11ea-9878-dca63233aa46,1,1,1,-39
255,DC:A6:32:33:AA:47,2020-07-09 18:04:30.023799,6a4f71d8-c22a-11ea-9878-dca63233aa46,1,1,1,-39
256,DC:A6:32:33:AA:47,2020-07-09 18:04:31.030596,6a4f71d8-c22a-11ea-9878-dca63233aa46,1,1,1,-40
257,DC:A6:32:33:AA:47,2020-07-09 18:04:33.038478,6a4f71d8-c22a-11ea-9878-dca63233aa46,1,1,1,-39
258,DC:A6:32:33:AA:47,2020-07-09 18:04:35.043851,6a4f71d8-c22a-11ea-9878-dca63233aa46,1,1,1,-33
259,DC:A6:32:33:AA:47,2020-07-09 18:04:37.048880,6a4f71d8-c22a-11ea-9878-dca63233aa46,1,1,1,-39
260,DC:A6:32:33:AA:47,2020-07-09 18:04:38.748395,6a4f71d8-c22a-11ea-9878-dca63233aa46,1,1,1,-38
261,DC:A6:32:33:AA:47,2020-07-09 18:04:39.017573,6a4f71d8-c22a-11ea-9878-dca63233aa46,1,1,1,-39
262,DC:A6:32:33:AA:47,2020-07-09 18:04:41.022759,6a4f71d8-c22a-11ea-9878-dca63233aa46,1,1,1,-39
263,DC:A6:32:33:AA:47,2020-07-09 18:04:43.028057,6a4f71d8-c22a-11ea-9878-dca63233aa46,1,1,1,-39
264,DC:A6:32:33:AA:47,2020-07-09 18:04:45.032775,6a4f71d8-c22a-11ea-9878-dca63233aa46,1,1,1,-39
265,DC:A6:32:33:AA:47,2020-07-09 18:04:46.396412,6a4f71d8-c22a-11ea-9878-dca63233aa46,1,1,1,-39
266,DC:A6:32:33:AA:47,2020-07-09 18:04:47.223285,6a4f71d8-c22a-11ea-9878-dca63233aa46,1,1,1,-39
267,DC:A6:32:33:AA:47,2020-07-09 18:04:48.048908,6a4f71d8-c22a-11ea-9878-dca63233aa46,1,1,1,-34
268,DC:A6:32:33:AA:47,2020-07-09 18:04:50.058200,6a4f71d8-c22a-11ea-9878-dca63233aa46,1,1,1,-39
269,DC:A6:32:33:AA:47,2020-07-09 18:04:52.062801,6a4f71d8-c22a-11ea-9878-dca63233aa46,1,1,1,-39
270,DC:A6:32:33:AA:47,2020-07-09 18:04:54.067775,6a4f71d8-c22a-11ea-9878-dca63233aa46,1,1,1,-39
271,DC:A6:32:33:AA:47,2020-07-09 18:04:55.199917,6a4f71d8-c22a-11ea-9878-dca63233aa46,1,1,1,-39
272,DC:A6:32:33:AA:47,2020-07-09 18:04:56.026563,6a4f71d8-c22a-11ea-9878-dca63233aa46,1,1,1,-33
273,DC:A6:32:33:AA:47,2020-07-09 18:04:57.094034,6a4f71d8-c22a-11ea-9878-dca63233aa46,1,1,1,-39
274,DC:A6:32:33:AA:47,2020-07-09 18:04:59.099063,6a4f71d8-c22a-11ea-9878-dca63233aa46,1,1,1,-33
275,DC:A6:32:33:AA:47,2020-07-09 18:05:01.107614,6a4f71d8-c22a-11ea-9878-dca63233aa46,1,1,1,-39
276,DC:A6:32:33:AA:47,2020-07-09 18:05:02.934205,6a4f71d8-c22a-11ea-9878-dca63233aa46,1,1,1,-39
277,DC:A6:32:33:AA:47,2020-07-09 18:05:03.120437,6a4f71d8-c22a-11ea-9878-dca63233aa46,1,1,1,-40
278,DC:A6:32:33:AA:47,2020-07-09 18:05:04.796717,6a4f71d8-c22a-11ea-9878-dca63233aa46,1,1,1,-39
279,DC:A6:32:33:AA:47,2020-07-09 18:05:05.042925,6a4f71d8-c22a-11ea-9878-dca63233aa46,1,1,1,-34
280,DC:A6:32:33:AA:47,2020-07-09 18:05:06.407479,6a4f71d8-c22a-11ea-9878-dca63233aa46,1,1,1,-39
281,DC:A6:32:33:AA:47,2020-07-09 18:05:08.413054,6a4f71d8-c22a-11ea-9878-dca63233aa46,1,1,1,-39
282,DC:A6:32:33:AA:47,2020-07-09 18:05:09.906829,6a4f71d8-c22a-11ea-9878-dca63233aa46,1,1,1,-34
283,DC:A6:32:33:AA:47,2020-07-09 18:05:10.027954,6a4f71d8-c22a-11ea-9878-dca63233aa46,1,1,1,-34
284,DC:A6:32:33:AA:47,2020-07-09 18:05:11.196748,6a4f71d8-c22a-11ea-9878-dca63233aa46,1,1,1,-33
285,DC:A6:32:33:AA:47,2020-07-09 18:05:13.201904,6a4f71d8-c22a-11ea-9878-dca63233aa46,1,1,1,-39
286,DC:A6:32:33:AA:47,2020-07-09 18:05:14.211795,6a4f71d8-c22a-11ea-9878-dca63233aa46,1,1,1,-39
287,DC:A6:32:33:AA:47,2020-07-09 18:05:16.216866,6a4f71d8-c22a-11ea-9878-dca63233aa46,1,1,1,-38
288,DC:A6:32:33:AA:47,2020-07-09 18:05:17.284342,6a4f71d8-c22a-11ea-9878-dca63233aa46,1,1,1,-39
289,DC:A6:32:33:AA:47,2020-07-09 18:05:19.289459,6a4f71d8-c22a-11ea-9878-dca63233aa46,1,1,1,-38
290,DC:A6:32:33:AA:47,2020-07-09 18:05:20.065629,6a4f71d8-c22a-11ea-9878-dca63233aa46,1,1,1,-39
291,DC:A6:32:33:AA:47,2020-07-09 18:05:21.556889,6a4f71d8-c22a-11ea-9878-dca63233aa46,1,1,1,-39
292,DC:A6:32:33:AA:47,2020-07-09 18:05:23.561938,6a4f71d8-c22a-11ea-9878-dca63233aa46,1,1,1,-33
293,DC:A6:32:33:AA:47,2020-07-09 18:05:24.395978,6a4f71d8-c22a-11ea-9878-dca63233aa46,1,1,1,-33
294,DC:A6:32:33:AA:47,2020-07-09 18:05:25.637022,6a4f71d8-c22a-11ea-9878-dca63233aa46,1,1,1,-39
295,DC:A6:32:33:AA:47,2020-07-09 18:05:26.044441,6a4f71d8-c22a-11ea-9878-dca63233aa46,1,1,1,-39
296,DC:A6:32:33:AA:47,2020-07-09 18:05:27.828229,6a4f71d8-c22a-11ea-9878-dca63233aa46,1,1,1,-38
297,DC:A6:32:33:AA:47,2020-07-09 18:05:28.003211,6a4f71d8-c22a-11ea-9878-dca63233aa46,1,1,1,-39
298,DC:A6:32:33:AA:47,2020-07-09 18:05:30.011643,6a4f71d8-c22a-11ea-9878-dca63233aa46,1,1,1,-39
299,DC:A6:32:33:AA:47,2020-07-09 18:05:31.954584,6a4f71d8-c22a-11ea-9878-dca63233aa46,1,1,1,-33
300,DC:A6:32:33:AA:47,2020-07-09 18:05:32.083305,6a4f71d8-c22a-11ea-9878-dca63233aa46,1,1,1,-39
301,DC:A6:32:33:AA:47,2020-07-09 18:05:33.548318,6a4f71d8-c22a-11ea-9878-dca63233aa46,1,1,1,-39
302,DC:A6:32:33:AA:47,2020-07-09 18:05:34.318291,6a4f71d8-c22a-11ea-9878-dca63233aa46,1,1,1,-38
303,DC:A6:32:33:AA:47,2020-07-09 18:05:36.326770,6a4f71d8-c22a-11ea-9878-dca63233aa46,1,1,1,-33
304,DC:A6:32:33:AA:47,2020-07-09 18:05:38.332198,6a4f71d8-c22a-11ea-9878-dca63233aa46,1,1,1,-33
305,DC:A6:32:33:AA:47,2020-07-09 18:05:39.522133,6a4f71d8-c22a-11ea-9878-dca63233aa46,1,1,1,-39
306,DC:A6:32:33:AA:47,2020-07-09 18:05:40.617261,6a4f71d8-c22a-11ea-9878-dca63233aa46,1,1,1,-33
307,DC:A6:32:33:AA:47,2020-07-09 18:05:41.024658,6a4f71d8-c22a-11ea-9878-dca63233aa46,1,1,1,-38
308,DC:A6:32:33:AA:47,2020-07-09 18:05:42.670388,6a4f71d8-c22a-11ea-9878-dca63233aa46,1,1,1,-33
309,DC:A6:32:33:AA:47,2020-07-09 18:05:43.075935,6a4f71d8-c22a-11ea-9878-dca63233aa46,1,1,1,-39
310,DC:A6:32:33:AA:47,2020-07-09 18:05:44.024702,6a4f71d8-c22a-11ea-9878-dca63233aa46,1,1,1,-39
311,DC:A6:32:33:AA:47,2020-07-09 18:05:45.029715,6a4f71d8-c22a-11ea-9878-dca63233aa46,1,1,1,-33
312,DC:A6:32:33:AA:47,2020-07-09 18:05:47.034860,6a4f71d8-c22a-11ea-9878-dca63233aa46,1,1,1,-33
313,DC:A6:32:33:AA:47,2020-07-09 18:05:48.184901,6a4f71d8-c22a-11ea-9878-dca63233aa46,1,1,1,-33
314,DC:A6:32:33:AA:47,2020-07-09 18:05:49.276060,6a4f71d8-c22a-11ea-9878-dca63233aa46,1,1,1,-33
315,DC:A6:32:33:AA:47,2020-07-09 18:05:50.364898,6a4f71d8-c22a-11ea-9878-dca63233aa46,1,1,1,-39
316,DC:A6:32:33:AA:47,2020-07-09 18:05:52.098605,6a4f71d8-c22a-11ea-9878-dca63233aa46,1,1,1,-39
317,DC:A6:32:33:AA:47,2020-07-09 18:05:54.106937,6a4f71d8-c22a-11ea-9878-dca63233aa46,1,1,1,-33
318,DC:A6:32:33:AA:47,2020-07-09 18:05:55.473738,6a4f71d8-c22a-11ea-9878-dca63233aa46,1,1,1,-33
319,DC:A6:32:33:AA:47,2020-07-09 18:05:56.014868,6a4f71d8-c22a-11ea-9878-dca63233aa46,1,1,1,-39
320,DC:A6:32:33:AA:47,2020-07-09 18:05:58.019906,6a4f71d8-c22a-11ea-9878-dca63233aa46,1,1,1,-39
321,DC:A6:32:33:AA:47,2020-07-09 18:05:59.192444,6a4f71d8-c22a-11ea-9878-dca63233aa46,1,1,1,-39
322,DC:A6:32:33:AA:47,2020-07-09 18:06:01.197582,6a4f71d8-c22a-11ea-9878-dca63233aa46,1,1,1,-33
323,DC:A6:32:33:AA:47,2020-07-09 18:06:02.316283,6a4f71d8-c22a-11ea-9878-dca63233aa46,1,1,1,-33
324,DC:A6:32:33:AA:47,2020-07-09 18:06:03.167474,6a4f71d8-c22a-11ea-9878-dca63233aa46,1,1,1,-38
325,DC:A6:32:33:AA:47,2020-07-09 18:06:05.172636,6a4f71d8-c22a-11ea-9878-dca63233aa46,1,1,1,-39
326,DC:A6:32:33:AA:47,2020-07-09 18:06:06.660151,6a4f71d8-c22a-11ea-9878-dca63233aa46,1,1,1,-33
327,DC:A6:32:33:AA:47,2020-07-09 18:06:07.580670,6a4f71d8-c22a-11ea-9878-dca63233aa46,1,1,1,-33
328,DC:A6:32:33:AA:47,2020-07-09 18:06:08.018785,6a4f71d8-c22a-11ea-9878-dca63233aa46,1,1,1,-33
329,DC:A6:32:33:AA:47,2020-07-09 18:06:09.723891,6a4f71d8-c22a-11ea-9878-dca63233aa46,1,1,1,-39
330,DC:A6:32:33:AA:47,2020-07-09 18:06:10.198243,6a4f71d8-c22a-11ea-9878-dca63233aa46,1,1,1,-39
331,DC:A6:32:33:AA:47,2020-07-09 18:06:11.323911,6a4f71d8-c22a-11ea-9878-dca63233aa46,1,1,1,-33
332,DC:A6:32:33:AA:47,2020-07-09 18:06:13.328973,6a4f71d8-c22a-11ea-9878-dca63233aa46,1,1,1,-39
333,DC:A6:32:33:AA:47,2020-07-09 18:06:15.334005,6a4f71d8-c22a-11ea-9878-dca63233aa46,1,1,1,-39
334,DC:A6:32:33:AA:47,2020-07-09 18:06:17.338959,6a4f71d8-c22a-11ea-9878-dca63233aa46,1,1,1,-33
335,DC:A6:32:33:AA:47,2020-07-09 18:06:18.026465,6a4f71d8-c22a-11ea-9878-dca63233aa46,1,1,1,-39
336,DC:A6:32:33:AA:47,2020-07-09 18:06:19.848394,6a4f71d8-c22a-11ea-9878-dca63233aa46,1,1,1,-33
337,DC:A6:32:33:AA:47,2020-07-09 18:06:20.036469,6a4f71d8-c22a-11ea-9878-dca63233aa46,1,1,1,-33
338,DC:A6:32:33:AA:47,2020-07-09 18:06:21.876534,6a4f71d8-c22a-11ea-9878-dca63233aa46,1,1,1,-33
339,DC:A6:32:33:AA:47,2020-07-09 18:06:22.010256,6a4f71d8-c22a-11ea-9878-dca63233aa46,1,1,1,-39
340,DC:A6:32:33:AA:47,2020-07-09 18:06:24.015308,6a4f71d8-c22a-11ea-9878-dca63233aa46,1,1,1,-33
341,DC:A6:32:33:AA:47,2020-07-09 18:06:25.317847,6a4f71d8-c22a-11ea-9878-dca63233aa46,1,1,1,-33
342,DC:A6:32:33:AA:47,2020-07-09 18:06:27.322938,6a4f71d8-c22a-11ea-9878-dca63233aa46,1,1,1,-33
343,DC:A6:32:33:AA:47,2020-07-09 18:06:28.059081,6a4f71d8-c22a-11ea-9878-dca63233aa46,1,1,1,-33
344,DC:A6:32:33:AA:47,2020-07-09 18:06:29.215948,6a4f71d8-c22a-11ea-9878-dca63233aa46,1,1,1,-39
345,DC:A6:32:33:AA:47,2020-07-09 18:06:31.007867,6a4f71d8-c22a-11ea-9878-dca63233aa46,1,1,1,-34
346,DC:A6:32:33:AA:47,2020-07-09 18:06:32.130477,6a4f71d8-c22a-11ea-9878-dca63233aa46,1,1,1,-39
347,DC:A6:32:33:AA:47,2020-07-09 18:06:34.135521,6a4f71d8-c22a-11ea-9878-dca63233aa46,1,1,1,-33
348,DC:A6:32:33:AA:47,2020-07-09 18:06:36.140639,6a4f71d8-c22a-11ea-9878-dca63233aa46,1,1,1,-34
349,DC:A6:32:33:AA:47,2020-07-09 18:06:38.145517,6a4f71d8-c22a-11ea-9878-dca63233aa46,1,1,1,-33
350,DC:A6:32:33:AA:47,2020-07-09 18:06:39.272550,6a4f71d8-c22a-11ea-9878-dca63233aa46,1,1,1,-39
351,DC:A6:32:33:AA:47,2020-07-09 18:06:40.194419,6a4f71d8-c22a-11ea-9878-dca63233aa46,1,1,1,-39
352,DC:A6:32:33:AA:47,2020-07-09 18:06:41.779306,6a4f71d8-c22a-11ea-9878-dca63233aa46,1,1,1,-39
353,DC:A6:32:33:AA:47,2020-07-09 18:06:42.526816,6a4f71d8-c22a-11ea-9878-dca63233aa46,1,1,1,-39
354,DC:A6:32:33:AA:47,2020-07-09 18:06:43.080536,6a4f71d8-c22a-11ea-9878-dca63233aa46,1,1,1,-38
355,DC:A6:32:33:AA:47,2020-07-09 18:06:44.723915,6a4f71d8-c22a-11ea-9878-dca63233aa46,1,1,1,-38
356,DC:A6:32:33:AA:47,2020-07-09 18:06:45.041280,6a4f71d8-c22a-11ea-9878-dca63233aa46,1,1,1,-39
357,DC:A6:32:33:AA:47,2020-07-09 18:06:46.346861,6a4f71d8-c22a-11ea-9878-dca63233aa46,1,1,1,-33
358,DC:A6:32:33:AA:47,2020-07-09 18:06:47.194354,6a4f71d8-c22a-11ea-9878-dca63233aa46,1,1,1,-33
359,DC:A6:32:33:AA:47,2020-07-09 18:06:48.450628,6a4f71d8-c22a-11ea-9878-dca63233aa46,1,1,1,-39
360,DC:A6:32:33:AA:47,2020-07-09 18:06:49.066865,6a4f71d8-c22a-11ea-9878-dca63233aa46,1,1,1,-33
361,DC:A6:32:33:AA:47,2020-07-09 18:06:51.071991,6a4f71d8-c22a-11ea-9878-dca63233aa46,1,1,1,-38
362,DC:A6:32:33:AA:47,2020-07-09 18:06:52.170712,6a4f71d8-c22a-11ea-9878-dca63233aa46,1,1,1,-33
363,DC:A6:32:33:AA:47,2020-07-09 18:06:53.281400,6a4f71d8-c22a-11ea-9878-dca63233aa46,1,1,1,-34
364,DC:A6:32:33:AA:47,2020-07-09 18:06:54.178307,6a4f71d8-c22a-11ea-9878-dca63233aa46,1,1,1,-33
365,DC:A6:32:33:AA:47,2020-07-09 18:06:56.186656,6a4f71d8-c22a-11ea-9878-dca63233aa46,1,1,1,-34
366,DC:A6:32:33:AA:47,2020-07-09 18:06:58.192093,6a4f71d8-c22a-11ea-9878-dca63233aa46,1,1,1,-39
367,DC:A6:32:33:AA:47,2020-07-09 18:06:59.141488,6a4f71d8-c22a-11ea-9878-dca63233aa46,1,1,1,-33
368,DC:A6:32:33:AA:47,2020-07-09 18:07:00.159553,6a4f71d8-c22a-11ea-9878-dca63233aa46,1,1,1,-34
369,DC:A6:32:33:AA:47,2020-07-09 18:07:02.168075,6a4f71d8-c22a-11ea-9878-dca63233aa46,1,1,1,-34
370,DC:A6:32:33:AA:47,2020-07-09 18:07:04.173434,6a4f71d8-c22a-11ea-9878-dca63233aa46,1,1,1,-39
371,DC:A6:32:33:AA:47,2020-07-09 18:07:06.178461,6a4f71d8-c22a-11ea-9878-dca63233aa46,1,1,1,-33
372,DC:A6:32:33:AA:47,2020-07-09 18:07:07.311819,6a4f71d8-c22a-11ea-9878-dca63233aa46,1,1,1,-33
373,DC:A6:32:33:AA:47,2020-07-09 18:07:09.317243,6a4f71d8-c22a-11ea-9878-dca63233aa46,1,1,1,-39
374,DC:A6:32:33:AA:47,2020-07-09 18:07:11.291649,6a4f71d8-c22a-11ea-9878-dca63233aa46,1,1,1,-39
375,DC:A6:32:33:AA:47,2020-07-09 18:07:12.729622,6a4f71d8-c22a-11ea-9878-dca63233aa46,1,1,1,-39
376,DC:A6:32:33:AA:47,2020-07-09 18:07:13.348610,6a4f71d8-c22a-11ea-9878-dca63233aa46,1,1,1,-33
377,DC:A6:32:33:AA:47,2020-07-09 18:07:15.353554,6a4f71d8-c22a-11ea-9878-dca63233aa46,1,1,1,-33
378,DC:A6:32:33:AA:47,2020-07-09 18:07:16.098538,6a4f71d8-c22a-11ea-9878-dca63233aa46,1,1,1,-39
379,DC:A6:32:33:AA:47,2020-07-09 18:07:18.106903,6a4f71d8-c22a-11ea-9878-dca63233aa46,1,1,1,-33
380,DC:A6:32:33:AA:47,2020-07-09 18:07:20.111284,6a4f71d8-c22a-11ea-9878-dca63233aa46,1,1,1,-39
381,DC:A6:32:33:AA:47,2020-07-09 18:07:22.116226,6a4f71d8-c22a-11ea-9878-dca63233aa46,1,1,1,-39
382,DC:A6:32:33:AA:47,2020-07-09 18:07:24.120616,6a4f71d8-c22a-11ea-9878-dca63233aa46,1,1,1,-39
383,DC:A6:32:33:AA:47,2020-07-09 18:07:26.125077,6a4f71d8-c22a-11ea-9878-dca63233aa46,1,1,1,-39
384,DC:A6:32:33:AA:47,2020-07-09 18:07:27.127564,6a4f71d8-c22a-11ea-9878-dca63233aa46,1,1,1,-39
385,DC:A6:32:33:AA:47,2020-07-09 18:07:28.487496,6a4f71d8-c22a-11ea-9878-dca63233aa46,1,1,1,-39
386,DC:A6:32:33:AA:47,2020-07-09 18:07:29.520920,6a4f71d8-c22a-11ea-9878-dca63233aa46,1,1,1,-39
387,DC:A6:32:33:AA:47,2020-07-09 18:07:30.406334,6a4f71d8-c22a-11ea-9878-dca63233aa46,1,1,1,-39
388,DC:A6:32:33:AA:47,2020-07-09 18:07:31.175030,6a4f71d8-c22a-11ea-9878-dca63233aa46,1,1,1,-39
389,DC:A6:32:33:AA:47,2020-07-09 18:07:32.957621,6a4f71d8-c22a-11ea-9878-dca63233aa46,1,1,1,-39
390,DC:A6:32:33:AA:47,2020-07-09 18:07:33.077525,6a4f71d8-c22a-11ea-9878-dca63233aa46,1,1,1,-39
391,DC:A6:32:33:AA:47,2020-07-09 18:07:34.592318,6a4f71d8-c22a-11ea-9878-dca63233aa46,1,1,1,-39
392,DC:A6:32:33:AA:47,2020-07-09 18:07:35.130109,6a4f71d8-c22a-11ea-9878-dca63233aa46,1,1,1,-39
393,DC:A6:32:33:AA:47,2020-07-09 18:07:37.135215,6a4f71d8-c22a-11ea-9878-dca63233aa46,1,1,1,-38
394,DC:A6:32:33:AA:47,2020-07-09 18:07:38.621586,6a4f71d8-c22a-11ea-9878-dca63233aa46,1,1,1,-33
395,DC:A6:32:33:AA:47,2020-07-09 18:07:39.632022,6a4f71d8-c22a-11ea-9878-dca63233aa46,1,1,1,-33
396,DC:A6:32:33:AA:47,2020-07-09 18:07:40.039647,6a4f71d8-c22a-11ea-9878-dca63233aa46,1,1,1,-39
397,DC:A6:32:33:AA:47,2020-07-09 18:07:42.044044,6a4f71d8-c22a-11ea-9878-dca63233aa46,1,1,1,-33
398,DC:A6:32:33:AA:47,2020-07-09 18:07:44.048998,6a4f71d8-c22a-11ea-9878-dca63233aa46,1,1,1,-39
399,DC:A6:32:33:AA:47,2020-07-09 18:07:46.054162,6a4f71d8-c22a-11ea-9878-dca63233aa46,1,1,1,-33
400,DC:A6:32:33:AA:47,2020-07-09 18:07:47.400390,6a4f71d8-c22a-11ea-9878-dca63233aa46,1,1,1,-33
401,DC:A6:32:33:AA:47,2020-07-09 18:07:48.082814,6a4f71d8-c22a-11ea-9878-dca63233aa46,1,1,1,-33
402,DC:A6:32:33:AA:47,2020-07-09 18:07:49.311710,6a4f71d8-c22a-11ea-9878-dca63233aa46,1,1,1,-33
403,DC:A6:32:33:AA:47,2020-07-09 18:07:50.229092,6a4f71d8-c22a-11ea-9878-dca63233aa46,1,1,1,-38
404,DC:A6:32:33:AA:47,2020-07-09 18:07:51.482002,6a4f71d8-c22a-11ea-9878-dca63233aa46,1,1,1,-39
405,DC:A6:32:33:AA:47,2020-07-09 18:07:52.159162,6a4f71d8-c22a-11ea-9878-dca63233aa46,1,1,1,-33
406,DC:A6:32:33:AA:47,2020-07-09 18:07:53.164814,6a4f71d8-c22a-11ea-9878-dca63233aa46,1,1,1,-33
407,DC:A6:32:33:AA:47,2020-07-09 18:07:54.481047,6a4f71d8-c22a-11ea-9878-dca63233aa46,1,1,1,-39
408,DC:A6:32:33:AA:47,2020-07-09 18:07:55.151637,6a4f71d8-c22a-11ea-9878-dca63233aa46,1,1,1,-33
409,DC:A6:32:33:AA:47,2020-07-09 18:07:56.491126,6a4f71d8-c22a-11ea-9878-dca63233aa46,1,1,1,-34
410,DC:A6:32:33:AA:47,2020-07-09 18:07:57.301749,6a4f71d8-c22a-11ea-9878-dca63233aa46,1,1,1,-39
411,DC:A6:32:33:AA:47,2020-07-09 18:07:58.225480,6a4f71d8-c22a-11ea-9878-dca63233aa46,1,1,1,-39
412,DC:A6:32:33:AA:47,2020-07-09 18:08:00.230583,6a4f71d8-c22a-11ea-9878-dca63233aa46,1,1,1,-33
413,DC:A6:32:33:AA:47,2020-07-09 18:08:01.156731,6a4f71d8-c22a-11ea-9878-dca63233aa46,1,1,1,-39
414,DC:A6:32:33:AA:47,2020-07-09 18:08:02.608102,6a4f71d8-c22a-11ea-9878-dca63233aa46,1,1,1,-39
415,DC:A6:32:33:AA:47,2020-07-09 18:08:03.078057,6a4f71d8-c22a-11ea-9878-dca63233aa46,1,1,1,-33
416,DC:A6:32:33:AA:47,2020-07-09 18:08:04.658057,6a4f71d8-c22a-11ea-9878-dca63233aa46,1,1,1,-39
417,DC:A6:32:33:AA:47,2020-07-09 18:08:05.523036,6a4f71d8-c22a-11ea-9878-dca63233aa46,1,1,1,-39
418,DC:A6:32:33:AA:47,2020-07-09 18:08:06.359883,6a4f71d8-c22a-11ea-9878-dca63233aa46,1,1,1,-39
419,DC:A6:32:33:AA:47,2020-07-09 18:08:07.463730,6a4f71d8-c22a-11ea-9878-dca63233aa46,1,1,1,-33
420,DC:A6:32:33:AA:47,2020-07-09 18:08:08.106233,6a4f71d8-c22a-11ea-9878-dca63233aa46,1,1,1,-39
421,DC:A6:32:33:AA:47,2020-07-09 18:08:10.110617,6a4f71d8-c22a-11ea-9878-dca63233aa46,1,1,1,-34
422,DC:A6:32:33:AA:47,2020-07-09 18:08:12.115645,6a4f71d8-c22a-11ea-9878-dca63233aa46,1,1,1,-39
423,DC:A6:32:33:AA:47,2020-07-09 18:08:13.161914,6a4f71d8-c22a-11ea-9878-dca63233aa46,1,1,1,-33
424,DC:A6:32:33:AA:47,2020-07-09 18:08:14.091959,6a4f71d8-c22a-11ea-9878-dca63233aa46,1,1,1,-38
425,DC:A6:32:33:AA:47,2020-07-09 18:08:15.350675,6a4f71d8-c22a-11ea-9878-dca63233aa46,1,1,1,-38
426,DC:A6:32:33:AA:47,2020-07-09 18:08:16.356954,6a4f71d8-c22a-11ea-9878-dca63233aa46,1,1,1,-38
427,DC:A6:32:33:AA:47,2020-07-09 18:08:17.397110,6a4f71d8-c22a-11ea-9878-dca63233aa46,1,1,1,-33
428,DC:A6:32:33:AA:47,2020-07-09 18:08:19.402124,6a4f71d8-c22a-11ea-9878-dca63233aa46,1,1,1,-39
429,DC:A6:32:33:AA:47,2020-07-09 18:08:20.107070,6a4f71d8-c22a-11ea-9878-dca63233aa46,1,1,1,-39
430,DC:A6:32:33:AA:47,2020-07-09 18:08:21.737104,6a4f71d8-c22a-11ea-9878-dca63233aa46,1,1,1,-38
431,DC:A6:32:33:AA:47,2020-07-09 18:08:22.124544,6a4f71d8-c22a-11ea-9878-dca63233aa46,1,1,1,-33
432,DC:A6:32:33:AA:47,2020-07-09 18:08:23.097079,6a4f71d8-c22a-11ea-9878-dca63233aa46,1,1,1,-33
433,DC:A6:32:33:AA:47,2020-07-09 18:08:24.588315,6a4f71d8-c22a-11ea-9878-dca63233aa46,1,1,1,-34
434,DC:A6:32:33:AA:47,2020-07-09 18:08:25.422174,6a4f71d8-c22a-11ea-9878-dca63233aa46,1,1,1,-33
435,DC:A6:32:33:AA:47,2020-07-09 18:08:27.427202,6a4f71d8-c22a-11ea-9878-dca63233aa46,1,1,1,-39
436,DC:A6:32:33:AA:47,2020-07-09 18:08:28.158366,6a4f71d8-c22a-11ea-9878-dca63233aa46,1,1,1,-39
437,DC:A6:32:33:AA:47,2020-07-09 18:08:29.289629,6a4f71d8-c22a-11ea-9878-dca63233aa46,1,1,1,-39
438,DC:A6:32:33:AA:47,2020-07-09 18:08:30.380958,6a4f71d8-c22a-11ea-9878-dca63233aa46,1,1,1,-39
439,DC:A6:32:33:AA:47,2020-07-09 18:08:31.779677,6a4f71d8-c22a-11ea-9878-dca63233aa46,1,1,1,-39
440,DC:A6:32:33:AA:47,2020-07-09 18:08:32.014025,6a4f71d8-c22a-11ea-9878-dca63233aa46,1,1,1,-39
441,DC:A6:32:33:AA:47,2020-07-09 18:08:33.139773,6a4f71d8-c22a-11ea-9878-dca63233aa46,1,1,1,-38
442,DC:A6:32:33:AA:47,2020-07-09 18:08:34.767279,6a4f71d8-c22a-11ea-9878-dca63233aa46,1,1,1,-39
443,DC:A6:32:33:AA:47,2020-07-09 18:08:35.892290,6a4f71d8-c22a-11ea-9878-dca63233aa46,1,1,1,-34
444,DC:A6:32:33:AA:47,2020-07-09 18:08:36.103470,6a4f71d8-c22a-11ea-9878-dca63233aa46,1,1,1,-40
