SCAN,ADDRESS,TIMESTAMP,UUID,MAJOR,MINOR,TX POWER,RSSI,Power (mW),Sum
0,DC:A6:32:33:AA:47,2020-07-09 21:29:39,d4b0cb18-c265-11ea-b704-dca63233aa46,1,1,1,-39,0.0001258925412,0.1527409636
1,DC:A6:32:33:AA:47,2020-07-09 21:29:41,d4b0cb18-c265-11ea-b704-dca63233aa46,1,1,1,-32,0.0006309573445,
2,DC:A6:32:33:AA:47,2020-07-09 21:29:43,d4b0cb18-c265-11ea-b704-dca63233aa46,1,1,1,-38,0.0001584893192,
3,DC:A6:32:33:AA:47,2020-07-09 21:29:44,d4b0cb18-c265-11ea-b704-dca63233aa46,1,1,1,-37,0.0001995262315,
4,DC:A6:32:33:AA:47,2020-07-09 21:29:46,d4b0cb18-c265-11ea-b704-dca63233aa46,1,1,1,-30,0.001,
5,DC:A6:32:33:AA:47,2020-07-09 21:29:48,d4b0cb18-c265-11ea-b704-dca63233aa46,1,1,1,-38,0.0001584893192,
6,DC:A6:32:33:AA:47,2020-07-09 21:29:50,d4b0cb18-c265-11ea-b704-dca63233aa46,1,1,1,-32,0.0006309573445,
7,DC:A6:32:33:AA:47,2020-07-09 21:29:50,d4b0cb18-c265-11ea-b704-dca63233aa46,1,1,1,-38,0.0001584893192,
8,DC:A6:32:33:AA:47,2020-07-09 21:29:52,d4b0cb18-c265-11ea-b704-dca63233aa46,1,1,1,-38,0.0001584893192,
9,DC:A6:32:33:AA:47,2020-07-09 21:29:54,d4b0cb18-c265-11ea-b704-dca63233aa46,1,1,1,-38,0.0001584893192,
10,DC:A6:32:33:AA:47,2020-07-09 21:29:55,d4b0cb18-c265-11ea-b704-dca63233aa46,1,1,1,-35,0.000316227766,
11,DC:A6:32:33:AA:47,2020-07-09 21:29:56,d4b0cb18-c265-11ea-b704-dca63233aa46,1,1,1,-32,0.0006309573445,
12,DC:A6:32:33:AA:47,2020-07-09 21:29:58,d4b0cb18-c265-11ea-b704-dca63233aa46,1,1,1,-39,0.0001258925412,
13,DC:A6:32:33:AA:47,2020-07-09 21:29:59,d4b0cb18-c265-11ea-b704-dca63233aa46,1,1,1,-38,0.0001584893192,
14,DC:A6:32:33:AA:47,2020-07-09 21:30:01,d4b0cb18-c265-11ea-b704-dca63233aa46,1,1,1,-38,0.0001584893192,
15,DC:A6:32:33:AA:47,2020-07-09 21:30:01,d4b0cb18-c265-11ea-b704-dca63233aa46,1,1,1,-30,0.001,
16,DC:A6:32:33:AA:47,2020-07-09 21:30:03,d4b0cb18-c265-11ea-b704-dca63233aa46,1,1,1,-33,0.0005011872336,
17,DC:A6:32:33:AA:47,2020-07-09 21:30:04,d4b0cb18-c265-11ea-b704-dca63233aa46,1,1,1,-31,0.0007943282347,
18,DC:A6:32:33:AA:47,2020-07-09 21:30:05,d4b0cb18-c265-11ea-b704-dca63233aa46,1,1,1,-38,0.0001584893192,
19,DC:A6:32:33:AA:47,2020-07-09 21:30:06,d4b0cb18-c265-11ea-b704-dca63233aa46,1,1,1,-30,0.001,
20,DC:A6:32:33:AA:47,2020-07-09 21:30:07,d4b0cb18-c265-11ea-b704-dca63233aa46,1,1,1,-38,0.0001584893192,
21,DC:A6:32:33:AA:47,2020-07-09 21:30:09,d4b0cb18-c265-11ea-b704-dca63233aa46,1,1,1,-35,0.000316227766,
22,DC:A6:32:33:AA:47,2020-07-09 21:30:10,d4b0cb18-c265-11ea-b704-dca63233aa46,1,1,1,-32,0.0006309573445,
23,DC:A6:32:33:AA:47,2020-07-09 21:30:12,d4b0cb18-c265-11ea-b704-dca63233aa46,1,1,1,-37,0.0001995262315,
24,DC:A6:32:33:AA:47,2020-07-09 21:30:13,d4b0cb18-c265-11ea-b704-dca63233aa46,1,1,1,-32,0.0006309573445,
25,DC:A6:32:33:AA:47,2020-07-09 21:30:14,d4b0cb18-c265-11ea-b704-dca63233aa46,1,1,1,-31,0.0007943282347,
26,DC:A6:32:33:AA:47,2020-07-09 21:30:16,d4b0cb18-c265-11ea-b704-dca63233aa46,1,1,1,-32,0.0006309573445,
27,DC:A6:32:33:AA:47,2020-07-09 21:30:16,d4b0cb18-c265-11ea-b704-dca63233aa46,1,1,1,-30,0.001,
28,DC:A6:32:33:AA:47,2020-07-09 21:30:18,d4b0cb18-c265-11ea-b704-dca63233aa46,1,1,1,-32,0.0006309573445,
29,DC:A6:32:33:AA:47,2020-07-09 21:30:20,d4b0cb18-c265-11ea-b704-dca63233aa46,1,1,1,-37,0.0001995262315,
30,DC:A6:32:33:AA:47,2020-07-09 21:30:22,d4b0cb18-c265-11ea-b704-dca63233aa46,1,1,1,-32,0.0006309573445,
31,DC:A6:32:33:AA:47,2020-07-09 21:30:24,d4b0cb18-c265-11ea-b704-dca63233aa46,1,1,1,-37,0.0001995262315,
32,DC:A6:32:33:AA:47,2020-07-09 21:30:25,d4b0cb18-c265-11ea-b704-dca63233aa46,1,1,1,-38,0.0001584893192,
33,DC:A6:32:33:AA:47,2020-07-09 21:30:27,d4b0cb18-c265-11ea-b704-dca63233aa46,1,1,1,-32,0.0006309573445,
34,DC:A6:32:33:AA:47,2020-07-09 21:30:29,d4b0cb18-c265-11ea-b704-dca63233aa46,1,1,1,-32,0.0006309573445,
35,DC:A6:32:33:AA:47,2020-07-09 21:30:29,d4b0cb18-c265-11ea-b704-dca63233aa46,1,1,1,-38,0.0001584893192,
36,DC:A6:32:33:AA:47,2020-07-09 21:30:31,d4b0cb18-c265-11ea-b704-dca63233aa46,1,1,1,-37,0.0001995262315,
37,DC:A6:32:33:AA:47,2020-07-09 21:30:33,d4b0cb18-c265-11ea-b704-dca63233aa46,1,1,1,-38,0.0001584893192,
38,DC:A6:32:33:AA:47,2020-07-09 21:30:35,d4b0cb18-c265-11ea-b704-dca63233aa46,1,1,1,-31,0.0007943282347,
39,DC:A6:32:33:AA:47,2020-07-09 21:30:36,d4b0cb18-c265-11ea-b704-dca63233aa46,1,1,1,-38,0.0001584893192,
40,DC:A6:32:33:AA:47,2020-07-09 21:30:37,d4b0cb18-c265-11ea-b704-dca63233aa46,1,1,1,-37,0.0001995262315,
41,DC:A6:32:33:AA:47,2020-07-09 21:30:38,d4b0cb18-c265-11ea-b704-dca63233aa46,1,1,1,-38,0.0001584893192,
42,DC:A6:32:33:AA:47,2020-07-09 21:30:39,d4b0cb18-c265-11ea-b704-dca63233aa46,1,1,1,-37,0.0001995262315,
43,DC:A6:32:33:AA:47,2020-07-09 21:30:40,d4b0cb18-c265-11ea-b704-dca63233aa46,1,1,1,-37,0.0001995262315,
44,DC:A6:32:33:AA:47,2020-07-09 21:30:42,d4b0cb18-c265-11ea-b704-dca63233aa46,1,1,1,-38,0.0001584893192,
45,DC:A6:32:33:AA:47,2020-07-09 21:30:44,d4b0cb18-c265-11ea-b704-dca63233aa46,1,1,1,-30,0.001,
46,DC:A6:32:33:AA:47,2020-07-09 21:30:46,d4b0cb18-c265-11ea-b704-dca63233aa46,1,1,1,-32,0.0006309573445,
47,DC:A6:32:33:AA:47,2020-07-09 21:30:48,d4b0cb18-c265-11ea-b704-dca63233aa46,1,1,1,-37,0.0001995262315,
48,DC:A6:32:33:AA:47,2020-07-09 21:30:50,d4b0cb18-c265-11ea-b704-dca63233aa46,1,1,1,-32,0.0006309573445,
49,DC:A6:32:33:AA:47,2020-07-09 21:30:52,d4b0cb18-c265-11ea-b704-dca63233aa46,1,1,1,-32,0.0006309573445,
50,DC:A6:32:33:AA:47,2020-07-09 21:30:54,d4b0cb18-c265-11ea-b704-dca63233aa46,1,1,1,-39,0.0001258925412,
51,DC:A6:32:33:AA:47,2020-07-09 21:30:56,d4b0cb18-c265-11ea-b704-dca63233aa46,1,1,1,-31,0.0007943282347,
52,DC:A6:32:33:AA:47,2020-07-09 21:30:58,d4b0cb18-c265-11ea-b704-dca63233aa46,1,1,1,-35,0.000316227766,
53,DC:A6:32:33:AA:47,2020-07-09 21:31:00,d4b0cb18-c265-11ea-b704-dca63233aa46,1,1,1,-32,0.0006309573445,
54,DC:A6:32:33:AA:47,2020-07-09 21:31:02,d4b0cb18-c265-11ea-b704-dca63233aa46,1,1,1,-32,0.0006309573445,
55,DC:A6:32:33:AA:47,2020-07-09 21:31:02,d4b0cb18-c265-11ea-b704-dca63233aa46,1,1,1,-38,0.0001584893192,
56,DC:A6:32:33:AA:47,2020-07-09 21:31:04,d4b0cb18-c265-11ea-b704-dca63233aa46,1,1,1,-38,0.0001584893192,
57,DC:A6:32:33:AA:47,2020-07-09 21:31:06,d4b0cb18-c265-11ea-b704-dca63233aa46,1,1,1,-30,0.001,
58,DC:A6:32:33:AA:47,2020-07-09 21:31:08,d4b0cb18-c265-11ea-b704-dca63233aa46,1,1,1,-32,0.0006309573445,
59,DC:A6:32:33:AA:47,2020-07-09 21:31:10,d4b0cb18-c265-11ea-b704-dca63233aa46,1,1,1,-38,0.0001584893192,
60,DC:A6:32:33:AA:47,2020-07-09 21:31:12,d4b0cb18-c265-11ea-b704-dca63233aa46,1,1,1,-38,0.0001584893192,
61,DC:A6:32:33:AA:47,2020-07-09 21:31:14,d4b0cb18-c265-11ea-b704-dca63233aa46,1,1,1,-30,0.001,
62,DC:A6:32:33:AA:47,2020-07-09 21:31:16,d4b0cb18-c265-11ea-b704-dca63233aa46,1,1,1,-39,0.0001258925412,
63,DC:A6:32:33:AA:47,2020-07-09 21:31:17,d4b0cb18-c265-11ea-b704-dca63233aa46,1,1,1,-30,0.001,
64,DC:A6:32:33:AA:47,2020-07-09 21:31:18,d4b0cb18-c265-11ea-b704-dca63233aa46,1,1,1,-38,0.0001584893192,
65,DC:A6:32:33:AA:47,2020-07-09 21:31:20,d4b0cb18-c265-11ea-b704-dca63233aa46,1,1,1,-39,0.0001258925412,
66,DC:A6:32:33:AA:47,2020-07-09 21:31:21,d4b0cb18-c265-11ea-b704-dca63233aa46,1,1,1,-31,0.0007943282347,
67,DC:A6:32:33:AA:47,2020-07-09 21:31:23,d4b0cb18-c265-11ea-b704-dca63233aa46,1,1,1,-32,0.0006309573445,
68,DC:A6:32:33:AA:47,2020-07-09 21:31:25,d4b0cb18-c265-11ea-b704-dca63233aa46,1,1,1,-38,0.0001584893192,
69,DC:A6:32:33:AA:47,2020-07-09 21:31:27,d4b0cb18-c265-11ea-b704-dca63233aa46,1,1,1,-38,0.0001584893192,
70,DC:A6:32:33:AA:47,2020-07-09 21:31:29,d4b0cb18-c265-11ea-b704-dca63233aa46,1,1,1,-39,0.0001258925412,
71,DC:A6:32:33:AA:47,2020-07-09 21:31:30,d4b0cb18-c265-11ea-b704-dca63233aa46,1,1,1,-30,0.001,
72,DC:A6:32:33:AA:47,2020-07-09 21:31:32,d4b0cb18-c265-11ea-b704-dca63233aa46,1,1,1,-30,0.001,
73,DC:A6:32:33:AA:47,2020-07-09 21:31:34,d4b0cb18-c265-11ea-b704-dca63233aa46,1,1,1,-32,0.0006309573445,
74,DC:A6:32:33:AA:47,2020-07-09 21:31:36,d4b0cb18-c265-11ea-b704-dca63233aa46,1,1,1,-35,0.000316227766,
75,DC:A6:32:33:AA:47,2020-07-09 21:31:37,d4b0cb18-c265-11ea-b704-dca63233aa46,1,1,1,-32,0.0006309573445,
76,DC:A6:32:33:AA:47,2020-07-09 21:31:39,d4b0cb18-c265-11ea-b704-dca63233aa46,1,1,1,-32,0.0006309573445,
77,DC:A6:32:33:AA:47,2020-07-09 21:31:41,d4b0cb18-c265-11ea-b704-dca63233aa46,1,1,1,-30,0.001,
78,DC:A6:32:33:AA:47,2020-07-09 21:31:43,d4b0cb18-c265-11ea-b704-dca63233aa46,1,1,1,-38,0.0001584893192,
79,DC:A6:32:33:AA:47,2020-07-09 21:31:43,d4b0cb18-c265-11ea-b704-dca63233aa46,1,1,1,-30,0.001,
80,DC:A6:32:33:AA:47,2020-07-09 21:31:45,d4b0cb18-c265-11ea-b704-dca63233aa46,1,1,1,-31,0.0007943282347,
81,DC:A6:32:33:AA:47,2020-07-09 21:31:46,d4b0cb18-c265-11ea-b704-dca63233aa46,1,1,1,-35,0.000316227766,
82,DC:A6:32:33:AA:47,2020-07-09 21:31:47,d4b0cb18-c265-11ea-b704-dca63233aa46,1,1,1,-30,0.001,
83,DC:A6:32:33:AA:47,2020-07-09 21:31:49,d4b0cb18-c265-11ea-b704-dca63233aa46,1,1,1,-37,0.0001995262315,
84,DC:A6:32:33:AA:47,2020-07-09 21:31:51,d4b0cb18-c265-11ea-b704-dca63233aa46,1,1,1,-32,0.0006309573445,
85,DC:A6:32:33:AA:47,2020-07-09 21:31:53,d4b0cb18-c265-11ea-b704-dca63233aa46,1,1,1,-38,0.0001584893192,
86,DC:A6:32:33:AA:47,2020-07-09 21:31:53,d4b0cb18-c265-11ea-b704-dca63233aa46,1,1,1,-33,0.0005011872336,
87,DC:A6:32:33:AA:47,2020-07-09 21:31:54,d4b0cb18-c265-11ea-b704-dca63233aa46,1,1,1,-36,0.0002511886432,
88,DC:A6:32:33:AA:47,2020-07-09 21:31:56,d4b0cb18-c265-11ea-b704-dca63233aa46,1,1,1,-37,0.0001995262315,
89,DC:A6:32:33:AA:47,2020-07-09 21:31:57,d4b0cb18-c265-11ea-b704-dca63233aa46,1,1,1,-37,0.0001995262315,
90,DC:A6:32:33:AA:47,2020-07-09 21:31:58,d4b0cb18-c265-11ea-b704-dca63233aa46,1,1,1,-35,0.000316227766,
91,DC:A6:32:33:AA:47,2020-07-09 21:32:00,d4b0cb18-c265-11ea-b704-dca63233aa46,1,1,1,-32,0.0006309573445,
92,DC:A6:32:33:AA:47,2020-07-09 21:32:01,d4b0cb18-c265-11ea-b704-dca63233aa46,1,1,1,-32,0.0006309573445,
93,DC:A6:32:33:AA:47,2020-07-09 21:32:01,d4b0cb18-c265-11ea-b704-dca63233aa46,1,1,1,-38,0.0001584893192,
94,DC:A6:32:33:AA:47,2020-07-09 21:32:03,d4b0cb18-c265-11ea-b704-dca63233aa46,1,1,1,-38,0.0001584893192,
95,DC:A6:32:33:AA:47,2020-07-09 21:32:04,d4b0cb18-c265-11ea-b704-dca63233aa46,1,1,1,-30,0.001,
96,DC:A6:32:33:AA:47,2020-07-09 21:32:05,d4b0cb18-c265-11ea-b704-dca63233aa46,1,1,1,-30,0.001,
97,DC:A6:32:33:AA:47,2020-07-09 21:32:05,d4b0cb18-c265-11ea-b704-dca63233aa46,1,1,1,-35,0.000316227766,
98,DC:A6:32:33:AA:47,2020-07-09 21:32:07,d4b0cb18-c265-11ea-b704-dca63233aa46,1,1,1,-35,0.000316227766,
99,DC:A6:32:33:AA:47,2020-07-09 21:32:09,d4b0cb18-c265-11ea-b704-dca63233aa46,1,1,1,-30,0.001,
100,DC:A6:32:33:AA:47,2020-07-09 21:32:09,d4b0cb18-c265-11ea-b704-dca63233aa46,1,1,1,-38,0.0001584893192,
101,DC:A6:32:33:AA:47,2020-07-09 21:32:11,d4b0cb18-c265-11ea-b704-dca63233aa46,1,1,1,-39,0.0001258925412,
102,DC:A6:32:33:AA:47,2020-07-09 21:32:11,d4b0cb18-c265-11ea-b704-dca63233aa46,1,1,1,-38,0.0001584893192,
103,DC:A6:32:33:AA:47,2020-07-09 21:32:13,d4b0cb18-c265-11ea-b704-dca63233aa46,1,1,1,-38,0.0001584893192,
104,DC:A6:32:33:AA:47,2020-07-09 21:32:15,d4b0cb18-c265-11ea-b704-dca63233aa46,1,1,1,-30,0.001,
105,DC:A6:32:33:AA:47,2020-07-09 21:32:17,d4b0cb18-c265-11ea-b704-dca63233aa46,1,1,1,-30,0.001,
106,DC:A6:32:33:AA:47,2020-07-09 21:32:17,d4b0cb18-c265-11ea-b704-dca63233aa46,1,1,1,-38,0.0001584893192,
107,DC:A6:32:33:AA:47,2020-07-09 21:32:18,d4b0cb18-c265-11ea-b704-dca63233aa46,1,1,1,-30,0.001,
108,DC:A6:32:33:AA:47,2020-07-09 21:32:20,d4b0cb18-c265-11ea-b704-dca63233aa46,1,1,1,-30,0.001,
109,DC:A6:32:33:AA:47,2020-07-09 21:32:22,d4b0cb18-c265-11ea-b704-dca63233aa46,1,1,1,-38,0.0001584893192,
110,DC:A6:32:33:AA:47,2020-07-09 21:32:24,d4b0cb18-c265-11ea-b704-dca63233aa46,1,1,1,-30,0.001,
111,DC:A6:32:33:AA:47,2020-07-09 21:32:26,d4b0cb18-c265-11ea-b704-dca63233aa46,1,1,1,-38,0.0001584893192,
112,DC:A6:32:33:AA:47,2020-07-09 21:32:27,d4b0cb18-c265-11ea-b704-dca63233aa46,1,1,1,-38,0.0001584893192,
113,DC:A6:32:33:AA:47,2020-07-09 21:32:27,d4b0cb18-c265-11ea-b704-dca63233aa46,1,1,1,-30,0.001,
114,DC:A6:32:33:AA:47,2020-07-09 21:32:29,d4b0cb18-c265-11ea-b704-dca63233aa46,1,1,1,-31,0.0007943282347,
115,DC:A6:32:33:AA:47,2020-07-09 21:32:31,d4b0cb18-c265-11ea-b704-dca63233aa46,1,1,1,-30,0.001,
116,DC:A6:32:33:AA:47,2020-07-09 21:32:32,d4b0cb18-c265-11ea-b704-dca63233aa46,1,1,1,-38,0.0001584893192,
117,DC:A6:32:33:AA:47,2020-07-09 21:32:34,d4b0cb18-c265-11ea-b704-dca63233aa46,1,1,1,-32,0.0006309573445,
118,DC:A6:32:33:AA:47,2020-07-09 21:32:35,d4b0cb18-c265-11ea-b704-dca63233aa46,1,1,1,-38,0.0001584893192,
119,DC:A6:32:33:AA:47,2020-07-09 21:32:36,d4b0cb18-c265-11ea-b704-dca63233aa46,1,1,1,-31,0.0007943282347,
120,DC:A6:32:33:AA:47,2020-07-09 21:32:38,d4b0cb18-c265-11ea-b704-dca63233aa46,1,1,1,-38,0.0001584893192,
121,DC:A6:32:33:AA:47,2020-07-09 21:32:40,d4b0cb18-c265-11ea-b704-dca63233aa46,1,1,1,-38,0.0001584893192,
122,DC:A6:32:33:AA:47,2020-07-09 21:32:42,d4b0cb18-c265-11ea-b704-dca63233aa46,1,1,1,-31,0.0007943282347,
123,DC:A6:32:33:AA:47,2020-07-09 21:32:44,d4b0cb18-c265-11ea-b704-dca63233aa46,1,1,1,-31,0.0007943282347,
124,DC:A6:32:33:AA:47,2020-07-09 21:32:46,d4b0cb18-c265-11ea-b704-dca63233aa46,1,1,1,-37,0.0001995262315,
125,DC:A6:32:33:AA:47,2020-07-09 21:32:48,d4b0cb18-c265-11ea-b704-dca63233aa46,1,1,1,-36,0.0002511886432,
126,DC:A6:32:33:AA:47,2020-07-09 21:32:50,d4b0cb18-c265-11ea-b704-dca63233aa46,1,1,1,-39,0.0001258925412,
127,DC:A6:32:33:AA:47,2020-07-09 21:32:50,d4b0cb18-c265-11ea-b704-dca63233aa46,1,1,1,-31,0.0007943282347,
128,DC:A6:32:33:AA:47,2020-07-09 21:32:51,d4b0cb18-c265-11ea-b704-dca63233aa46,1,1,1,-37,0.0001995262315,
129,DC:A6:32:33:AA:47,2020-07-09 21:32:53,d4b0cb18-c265-11ea-b704-dca63233aa46,1,1,1,-35,0.000316227766,
130,DC:A6:32:33:AA:47,2020-07-09 21:32:53,d4b0cb18-c265-11ea-b704-dca63233aa46,1,1,1,-39,0.0001258925412,
131,DC:A6:32:33:AA:47,2020-07-09 21:32:54,d4b0cb18-c265-11ea-b704-dca63233aa46,1,1,1,-39,0.0001258925412,
132,DC:A6:32:33:AA:47,2020-07-09 21:32:56,d4b0cb18-c265-11ea-b704-dca63233aa46,1,1,1,-31,0.0007943282347,
133,DC:A6:32:33:AA:47,2020-07-09 21:32:58,d4b0cb18-c265-11ea-b704-dca63233aa46,1,1,1,-37,0.0001995262315,
134,DC:A6:32:33:AA:47,2020-07-09 21:32:59,d4b0cb18-c265-11ea-b704-dca63233aa46,1,1,1,-30,0.001,
135,DC:A6:32:33:AA:47,2020-07-09 21:33:00,d4b0cb18-c265-11ea-b704-dca63233aa46,1,1,1,-39,0.0001258925412,
136,DC:A6:32:33:AA:47,2020-07-09 21:33:02,d4b0cb18-c265-11ea-b704-dca63233aa46,1,1,1,-39,0.0001258925412,
137,DC:A6:32:33:AA:47,2020-07-09 21:33:04,d4b0cb18-c265-11ea-b704-dca63233aa46,1,1,1,-36,0.0002511886432,
138,DC:A6:32:33:AA:47,2020-07-09 21:33:06,d4b0cb18-c265-11ea-b704-dca63233aa46,1,1,1,-37,0.0001995262315,
139,DC:A6:32:33:AA:47,2020-07-09 21:33:08,d4b0cb18-c265-11ea-b704-dca63233aa46,1,1,1,-35,0.000316227766,
140,DC:A6:32:33:AA:47,2020-07-09 21:33:10,d4b0cb18-c265-11ea-b704-dca63233aa46,1,1,1,-35,0.000316227766,
141,DC:A6:32:33:AA:47,2020-07-09 21:33:12,d4b0cb18-c265-11ea-b704-dca63233aa46,1,1,1,-37,0.0001995262315,
142,DC:A6:32:33:AA:47,2020-07-09 21:33:13,d4b0cb18-c265-11ea-b704-dca63233aa46,1,1,1,-38,0.0001584893192,
143,DC:A6:32:33:AA:47,2020-07-09 21:33:15,d4b0cb18-c265-11ea-b704-dca63233aa46,1,1,1,-38,0.0001584893192,
144,DC:A6:32:33:AA:47,2020-07-09 21:33:17,d4b0cb18-c265-11ea-b704-dca63233aa46,1,1,1,-32,0.0006309573445,
145,DC:A6:32:33:AA:47,2020-07-09 21:33:18,d4b0cb18-c265-11ea-b704-dca63233aa46,1,1,1,-36,0.0002511886432,
146,DC:A6:32:33:AA:47,2020-07-09 21:33:19,d4b0cb18-c265-11ea-b704-dca63233aa46,1,1,1,-38,0.0001584893192,
147,DC:A6:32:33:AA:47,2020-07-09 21:33:21,d4b0cb18-c265-11ea-b704-dca63233aa46,1,1,1,-38,0.0001584893192,
148,DC:A6:32:33:AA:47,2020-07-09 21:33:21,d4b0cb18-c265-11ea-b704-dca63233aa46,1,1,1,-30,0.001,
149,DC:A6:32:33:AA:47,2020-07-09 21:33:22,d4b0cb18-c265-11ea-b704-dca63233aa46,1,1,1,-37,0.0001995262315,
150,DC:A6:32:33:AA:47,2020-07-09 21:33:24,d4b0cb18-c265-11ea-b704-dca63233aa46,1,1,1,-38,0.0001584893192,
151,DC:A6:32:33:AA:47,2020-07-09 21:33:24,d4b0cb18-c265-11ea-b704-dca63233aa46,1,1,1,-38,0.0001584893192,
152,DC:A6:32:33:AA:47,2020-07-09 21:33:26,d4b0cb18-c265-11ea-b704-dca63233aa46,1,1,1,-37,0.0001995262315,
153,DC:A6:32:33:AA:47,2020-07-09 21:33:28,d4b0cb18-c265-11ea-b704-dca63233aa46,1,1,1,-38,0.0001584893192,
154,DC:A6:32:33:AA:47,2020-07-09 21:33:28,d4b0cb18-c265-11ea-b704-dca63233aa46,1,1,1,-35,0.000316227766,
155,DC:A6:32:33:AA:47,2020-07-09 21:33:30,d4b0cb18-c265-11ea-b704-dca63233aa46,1,1,1,-30,0.001,
156,DC:A6:32:33:AA:47,2020-07-09 21:33:32,d4b0cb18-c265-11ea-b704-dca63233aa46,1,1,1,-37,0.0001995262315,
157,DC:A6:32:33:AA:47,2020-07-09 21:33:34,d4b0cb18-c265-11ea-b704-dca63233aa46,1,1,1,-32,0.0006309573445,
158,DC:A6:32:33:AA:47,2020-07-09 21:33:36,d4b0cb18-c265-11ea-b704-dca63233aa46,1,1,1,-38,0.0001584893192,
159,DC:A6:32:33:AA:47,2020-07-09 21:33:38,d4b0cb18-c265-11ea-b704-dca63233aa46,1,1,1,-32,0.0006309573445,
160,DC:A6:32:33:AA:47,2020-07-09 21:33:39,d4b0cb18-c265-11ea-b704-dca63233aa46,1,1,1,-37,0.0001995262315,
161,DC:A6:32:33:AA:47,2020-07-09 21:33:41,d4b0cb18-c265-11ea-b704-dca63233aa46,1,1,1,-32,0.0006309573445,
162,DC:A6:32:33:AA:47,2020-07-09 21:33:41,d4b0cb18-c265-11ea-b704-dca63233aa46,1,1,1,-32,0.0006309573445,
163,DC:A6:32:33:AA:47,2020-07-09 21:33:43,d4b0cb18-c265-11ea-b704-dca63233aa46,1,1,1,-35,0.000316227766,
164,DC:A6:32:33:AA:47,2020-07-09 21:33:45,d4b0cb18-c265-11ea-b704-dca63233aa46,1,1,1,-38,0.0001584893192,
165,DC:A6:32:33:AA:47,2020-07-09 21:33:47,d4b0cb18-c265-11ea-b704-dca63233aa46,1,1,1,-38,0.0001584893192,
166,DC:A6:32:33:AA:47,2020-07-09 21:33:48,d4b0cb18-c265-11ea-b704-dca63233aa46,1,1,1,-32,0.0006309573445,
167,DC:A6:32:33:AA:47,2020-07-09 21:33:50,d4b0cb18-c265-11ea-b704-dca63233aa46,1,1,1,-38,0.0001584893192,
168,DC:A6:32:33:AA:47,2020-07-09 21:33:52,d4b0cb18-c265-11ea-b704-dca63233aa46,1,1,1,-38,0.0001584893192,
169,DC:A6:32:33:AA:47,2020-07-09 21:33:53,d4b0cb18-c265-11ea-b704-dca63233aa46,1,1,1,-32,0.0006309573445,
170,DC:A6:32:33:AA:47,2020-07-09 21:33:55,d4b0cb18-c265-11ea-b704-dca63233aa46,1,1,1,-37,0.0001995262315,
171,DC:A6:32:33:AA:47,2020-07-09 21:33:55,d4b0cb18-c265-11ea-b704-dca63233aa46,1,1,1,-38,0.0001584893192,
172,DC:A6:32:33:AA:47,2020-07-09 21:33:57,d4b0cb18-c265-11ea-b704-dca63233aa46,1,1,1,-38,0.0001584893192,
173,DC:A6:32:33:AA:47,2020-07-09 21:33:59,d4b0cb18-c265-11ea-b704-dca63233aa46,1,1,1,-37,0.0001995262315,
174,DC:A6:32:33:AA:47,2020-07-09 21:34:01,d4b0cb18-c265-11ea-b704-dca63233aa46,1,1,1,-32,0.0006309573445,
175,DC:A6:32:33:AA:47,2020-07-09 21:34:03,d4b0cb18-c265-11ea-b704-dca63233aa46,1,1,1,-30,0.001,
176,DC:A6:32:33:AA:47,2020-07-09 21:34:05,d4b0cb18-c265-11ea-b704-dca63233aa46,1,1,1,-38,0.0001584893192,
177,DC:A6:32:33:AA:47,2020-07-09 21:34:07,d4b0cb18-c265-11ea-b704-dca63233aa46,1,1,1,-35,0.000316227766,
178,DC:A6:32:33:AA:47,2020-07-09 21:34:09,d4b0cb18-c265-11ea-b704-dca63233aa46,1,1,1,-35,0.000316227766,
179,DC:A6:32:33:AA:47,2020-07-09 21:34:11,d4b0cb18-c265-11ea-b704-dca63233aa46,1,1,1,-33,0.0005011872336,
180,DC:A6:32:33:AA:47,2020-07-09 21:34:13,d4b0cb18-c265-11ea-b704-dca63233aa46,1,1,1,-38,0.0001584893192,
181,DC:A6:32:33:AA:47,2020-07-09 21:34:15,d4b0cb18-c265-11ea-b704-dca63233aa46,1,1,1,-37,0.0001995262315,
182,DC:A6:32:33:AA:47,2020-07-09 21:34:17,d4b0cb18-c265-11ea-b704-dca63233aa46,1,1,1,-38,0.0001584893192,
183,DC:A6:32:33:AA:47,2020-07-09 21:34:19,d4b0cb18-c265-11ea-b704-dca63233aa46,1,1,1,-38,0.0001584893192,
184,DC:A6:32:33:AA:47,2020-07-09 21:34:21,d4b0cb18-c265-11ea-b704-dca63233aa46,1,1,1,-37,0.0001995262315,
185,DC:A6:32:33:AA:47,2020-07-09 21:34:23,d4b0cb18-c265-11ea-b704-dca63233aa46,1,1,1,-36,0.0002511886432,
186,DC:A6:32:33:AA:47,2020-07-09 21:34:25,d4b0cb18-c265-11ea-b704-dca63233aa46,1,1,1,-38,0.0001584893192,
187,DC:A6:32:33:AA:47,2020-07-09 21:34:27,d4b0cb18-c265-11ea-b704-dca63233aa46,1,1,1,-38,0.0001584893192,
188,DC:A6:32:33:AA:47,2020-07-09 21:34:29,d4b0cb18-c265-11ea-b704-dca63233aa46,1,1,1,-35,0.000316227766,
189,DC:A6:32:33:AA:47,2020-07-09 21:34:30,d4b0cb18-c265-11ea-b704-dca63233aa46,1,1,1,-38,0.0001584893192,
190,DC:A6:32:33:AA:47,2020-07-09 21:34:31,d4b0cb18-c265-11ea-b704-dca63233aa46,1,1,1,-37,0.0001995262315,
191,DC:A6:32:33:AA:47,2020-07-09 21:34:32,d4b0cb18-c265-11ea-b704-dca63233aa46,1,1,1,-38,0.0001584893192,
192,DC:A6:32:33:AA:47,2020-07-09 21:34:34,d4b0cb18-c265-11ea-b704-dca63233aa46,1,1,1,-35,0.000316227766,
193,DC:A6:32:33:AA:47,2020-07-09 21:34:36,d4b0cb18-c265-11ea-b704-dca63233aa46,1,1,1,-35,0.000316227766,
194,DC:A6:32:33:AA:47,2020-07-09 21:34:37,d4b0cb18-c265-11ea-b704-dca63233aa46,1,1,1,-30,0.001,
195,DC:A6:32:33:AA:47,2020-07-09 21:34:38,d4b0cb18-c265-11ea-b704-dca63233aa46,1,1,1,-38,0.0001584893192,
196,DC:A6:32:33:AA:47,2020-07-09 21:34:40,d4b0cb18-c265-11ea-b704-dca63233aa46,1,1,1,-30,0.001,
197,DC:A6:32:33:AA:47,2020-07-09 21:34:42,d4b0cb18-c265-11ea-b704-dca63233aa46,1,1,1,-36,0.0002511886432,
198,DC:A6:32:33:AA:47,2020-07-09 21:34:44,d4b0cb18-c265-11ea-b704-dca63233aa46,1,1,1,-35,0.000316227766,
199,DC:A6:32:33:AA:47,2020-07-09 21:34:46,d4b0cb18-c265-11ea-b704-dca63233aa46,1,1,1,-33,0.0005011872336,
200,DC:A6:32:33:AA:47,2020-07-09 21:34:48,d4b0cb18-c265-11ea-b704-dca63233aa46,1,1,1,-38,0.0001584893192,
201,DC:A6:32:33:AA:47,2020-07-09 21:34:50,d4b0cb18-c265-11ea-b704-dca63233aa46,1,1,1,-38,0.0001584893192,
202,DC:A6:32:33:AA:47,2020-07-09 21:34:52,d4b0cb18-c265-11ea-b704-dca63233aa46,1,1,1,-38,0.0001584893192,
203,DC:A6:32:33:AA:47,2020-07-09 21:34:54,d4b0cb18-c265-11ea-b704-dca63233aa46,1,1,1,-35,0.000316227766,
204,DC:A6:32:33:AA:47,2020-07-09 21:34:56,d4b0cb18-c265-11ea-b704-dca63233aa46,1,1,1,-38,0.0001584893192,
205,DC:A6:32:33:AA:47,2020-07-09 21:34:58,d4b0cb18-c265-11ea-b704-dca63233aa46,1,1,1,-39,0.0001258925412,
206,DC:A6:32:33:AA:47,2020-07-09 21:35:00,d4b0cb18-c265-11ea-b704-dca63233aa46,1,1,1,-31,0.0007943282347,
207,DC:A6:32:33:AA:47,2020-07-09 21:35:02,d4b0cb18-c265-11ea-b704-dca63233aa46,1,1,1,-37,0.0001995262315,
208,DC:A6:32:33:AA:47,2020-07-09 21:35:03,d4b0cb18-c265-11ea-b704-dca63233aa46,1,1,1,-30,0.001,
209,DC:A6:32:33:AA:47,2020-07-09 21:35:05,d4b0cb18-c265-11ea-b704-dca63233aa46,1,1,1,-32,0.0006309573445,
210,DC:A6:32:33:AA:47,2020-07-09 21:35:07,d4b0cb18-c265-11ea-b704-dca63233aa46,1,1,1,-32,0.0006309573445,
211,DC:A6:32:33:AA:47,2020-07-09 21:35:09,d4b0cb18-c265-11ea-b704-dca63233aa46,1,1,1,-37,0.0001995262315,
212,DC:A6:32:33:AA:47,2020-07-09 21:35:11,d4b0cb18-c265-11ea-b704-dca63233aa46,1,1,1,-37,0.0001995262315,
213,DC:A6:32:33:AA:47,2020-07-09 21:35:11,d4b0cb18-c265-11ea-b704-dca63233aa46,1,1,1,-38,0.0001584893192,
214,DC:A6:32:33:AA:47,2020-07-09 21:35:12,d4b0cb18-c265-11ea-b704-dca63233aa46,1,1,1,-38,0.0001584893192,
215,DC:A6:32:33:AA:47,2020-07-09 21:35:13,d4b0cb18-c265-11ea-b704-dca63233aa46,1,1,1,-37,0.0001995262315,
216,DC:A6:32:33:AA:47,2020-07-09 21:35:15,d4b0cb18-c265-11ea-b704-dca63233aa46,1,1,1,-30,0.001,
217,DC:A6:32:33:AA:47,2020-07-09 21:35:17,d4b0cb18-c265-11ea-b704-dca63233aa46,1,1,1,-37,0.0001995262315,
218,DC:A6:32:33:AA:47,2020-07-09 21:35:19,d4b0cb18-c265-11ea-b704-dca63233aa46,1,1,1,-37,0.0001995262315,
219,DC:A6:32:33:AA:47,2020-07-09 21:35:21,d4b0cb18-c265-11ea-b704-dca63233aa46,1,1,1,-32,0.0006309573445,
220,DC:A6:32:33:AA:47,2020-07-09 21:35:23,d4b0cb18-c265-11ea-b704-dca63233aa46,1,1,1,-38,0.0001584893192,
221,DC:A6:32:33:AA:47,2020-07-09 21:35:24,d4b0cb18-c265-11ea-b704-dca63233aa46,1,1,1,-31,0.0007943282347,
222,DC:A6:32:33:AA:47,2020-07-09 21:35:26,d4b0cb18-c265-11ea-b704-dca63233aa46,1,1,1,-37,0.0001995262315,
223,DC:A6:32:33:AA:47,2020-07-09 21:35:28,d4b0cb18-c265-11ea-b704-dca63233aa46,1,1,1,-38,0.0001584893192,
224,DC:A6:32:33:AA:47,2020-07-09 21:35:30,d4b0cb18-c265-11ea-b704-dca63233aa46,1,1,1,-38,0.0001584893192,
225,DC:A6:32:33:AA:47,2020-07-09 21:35:32,d4b0cb18-c265-11ea-b704-dca63233aa46,1,1,1,-37,0.0001995262315,
226,DC:A6:32:33:AA:47,2020-07-09 21:35:34,d4b0cb18-c265-11ea-b704-dca63233aa46,1,1,1,-38,0.0001584893192,
227,DC:A6:32:33:AA:47,2020-07-09 21:35:36,d4b0cb18-c265-11ea-b704-dca63233aa46,1,1,1,-37,0.0001995262315,
228,DC:A6:32:33:AA:47,2020-07-09 21:35:37,d4b0cb18-c265-11ea-b704-dca63233aa46,1,1,1,-30,0.001,
229,DC:A6:32:33:AA:47,2020-07-09 21:35:39,d4b0cb18-c265-11ea-b704-dca63233aa46,1,1,1,-32,0.0006309573445,
230,DC:A6:32:33:AA:47,2020-07-09 21:35:41,d4b0cb18-c265-11ea-b704-dca63233aa46,1,1,1,-38,0.0001584893192,
231,DC:A6:32:33:AA:47,2020-07-09 21:35:42,d4b0cb18-c265-11ea-b704-dca63233aa46,1,1,1,-38,0.0001584893192,
232,DC:A6:32:33:AA:47,2020-07-09 21:35:42,d4b0cb18-c265-11ea-b704-dca63233aa46,1,1,1,-37,0.0001995262315,
233,DC:A6:32:33:AA:47,2020-07-09 21:35:44,d4b0cb18-c265-11ea-b704-dca63233aa46,1,1,1,-36,0.0002511886432,
234,DC:A6:32:33:AA:47,2020-07-09 21:35:46,d4b0cb18-c265-11ea-b704-dca63233aa46,1,1,1,-37,0.0001995262315,
235,DC:A6:32:33:AA:47,2020-07-09 21:35:48,d4b0cb18-c265-11ea-b704-dca63233aa46,1,1,1,-36,0.0002511886432,
236,DC:A6:32:33:AA:47,2020-07-09 21:35:50,d4b0cb18-c265-11ea-b704-dca63233aa46,1,1,1,-30,0.001,
237,DC:A6:32:33:AA:47,2020-07-09 21:35:51,d4b0cb18-c265-11ea-b704-dca63233aa46,1,1,1,-38,0.0001584893192,
238,DC:A6:32:33:AA:47,2020-07-09 21:35:53,d4b0cb18-c265-11ea-b704-dca63233aa46,1,1,1,-38,0.0001584893192,
239,DC:A6:32:33:AA:47,2020-07-09 21:35:55,d4b0cb18-c265-11ea-b704-dca63233aa46,1,1,1,-38,0.0001584893192,
240,DC:A6:32:33:AA:47,2020-07-09 21:35:57,d4b0cb18-c265-11ea-b704-dca63233aa46,1,1,1,-36,0.0002511886432,
241,DC:A6:32:33:AA:47,2020-07-09 21:35:59,d4b0cb18-c265-11ea-b704-dca63233aa46,1,1,1,-30,0.001,
242,DC:A6:32:33:AA:47,2020-07-09 21:36:01,d4b0cb18-c265-11ea-b704-dca63233aa46,1,1,1,-32,0.0006309573445,
243,DC:A6:32:33:AA:47,2020-07-09 21:36:03,d4b0cb18-c265-11ea-b704-dca63233aa46,1,1,1,-35,0.000316227766,
244,DC:A6:32:33:AA:47,2020-07-09 21:36:05,d4b0cb18-c265-11ea-b704-dca63233aa46,1,1,1,-37,0.0001995262315,
245,DC:A6:32:33:AA:47,2020-07-09 21:36:07,d4b0cb18-c265-11ea-b704-dca63233aa46,1,1,1,-38,0.0001584893192,
246,DC:A6:32:33:AA:47,2020-07-09 21:36:09,d4b0cb18-c265-11ea-b704-dca63233aa46,1,1,1,-30,0.001,
247,DC:A6:32:33:AA:47,2020-07-09 21:36:09,d4b0cb18-c265-11ea-b704-dca63233aa46,1,1,1,-38,0.0001584893192,
248,DC:A6:32:33:AA:47,2020-07-09 21:36:11,d4b0cb18-c265-11ea-b704-dca63233aa46,1,1,1,-37,0.0001995262315,
249,DC:A6:32:33:AA:47,2020-07-09 21:36:13,d4b0cb18-c265-11ea-b704-dca63233aa46,1,1,1,-35,0.000316227766,
250,DC:A6:32:33:AA:47,2020-07-09 21:36:15,d4b0cb18-c265-11ea-b704-dca63233aa46,1,1,1,-36,0.0002511886432,
251,DC:A6:32:33:AA:47,2020-07-09 21:36:16,d4b0cb18-c265-11ea-b704-dca63233aa46,1,1,1,-37,0.0001995262315,
252,DC:A6:32:33:AA:47,2020-07-09 21:36:18,d4b0cb18-c265-11ea-b704-dca63233aa46,1,1,1,-30,0.001,
253,DC:A6:32:33:AA:47,2020-07-09 21:36:20,d4b0cb18-c265-11ea-b704-dca63233aa46,1,1,1,-38,0.0001584893192,
254,DC:A6:32:33:AA:47,2020-07-09 21:36:20,d4b0cb18-c265-11ea-b704-dca63233aa46,1,1,1,-38,0.0001584893192,
255,DC:A6:32:33:AA:47,2020-07-09 21:36:22,d4b0cb18-c265-11ea-b704-dca63233aa46,1,1,1,-35,0.000316227766,
256,DC:A6:32:33:AA:47,2020-07-09 21:36:23,d4b0cb18-c265-11ea-b704-dca63233aa46,1,1,1,-36,0.0002511886432,
257,DC:A6:32:33:AA:47,2020-07-09 21:36:25,d4b0cb18-c265-11ea-b704-dca63233aa46,1,1,1,-38,0.0001584893192,
258,DC:A6:32:33:AA:47,2020-07-09 21:36:26,d4b0cb18-c265-11ea-b704-dca63233aa46,1,1,1,-37,0.0001995262315,
259,DC:A6:32:33:AA:47,2020-07-09 21:36:28,d4b0cb18-c265-11ea-b704-dca63233aa46,1,1,1,-35,0.000316227766,
260,DC:A6:32:33:AA:47,2020-07-09 21:36:30,d4b0cb18-c265-11ea-b704-dca63233aa46,1,1,1,-38,0.0001584893192,
261,DC:A6:32:33:AA:47,2020-07-09 21:36:30,d4b0cb18-c265-11ea-b704-dca63233aa46,1,1,1,-30,0.001,
262,DC:A6:32:33:AA:47,2020-07-09 21:36:32,d4b0cb18-c265-11ea-b704-dca63233aa46,1,1,1,-30,0.001,
263,DC:A6:32:33:AA:47,2020-07-09 21:36:34,d4b0cb18-c265-11ea-b704-dca63233aa46,1,1,1,-32,0.0006309573445,
264,DC:A6:32:33:AA:47,2020-07-09 21:36:36,d4b0cb18-c265-11ea-b704-dca63233aa46,1,1,1,-38,0.0001584893192,
265,DC:A6:32:33:AA:47,2020-07-09 21:36:36,d4b0cb18-c265-11ea-b704-dca63233aa46,1,1,1,-38,0.0001584893192,
266,DC:A6:32:33:AA:47,2020-07-09 21:36:38,d4b0cb18-c265-11ea-b704-dca63233aa46,1,1,1,-35,0.000316227766,
267,DC:A6:32:33:AA:47,2020-07-09 21:36:40,d4b0cb18-c265-11ea-b704-dca63233aa46,1,1,1,-35,0.000316227766,
268,DC:A6:32:33:AA:47,2020-07-09 21:36:42,d4b0cb18-c265-11ea-b704-dca63233aa46,1,1,1,-30,0.001,
269,DC:A6:32:33:AA:47,2020-07-09 21:36:44,d4b0cb18-c265-11ea-b704-dca63233aa46,1,1,1,-38,0.0001584893192,
270,DC:A6:32:33:AA:47,2020-07-09 21:36:46,d4b0cb18-c265-11ea-b704-dca63233aa46,1,1,1,-30,0.001,
271,DC:A6:32:33:AA:47,2020-07-09 21:36:47,d4b0cb18-c265-11ea-b704-dca63233aa46,1,1,1,-30,0.001,
272,DC:A6:32:33:AA:47,2020-07-09 21:36:49,d4b0cb18-c265-11ea-b704-dca63233aa46,1,1,1,-32,0.0006309573445,
273,DC:A6:32:33:AA:47,2020-07-09 21:36:51,d4b0cb18-c265-11ea-b704-dca63233aa46,1,1,1,-32,0.0006309573445,
274,DC:A6:32:33:AA:47,2020-07-09 21:36:53,d4b0cb18-c265-11ea-b704-dca63233aa46,1,1,1,-32,0.0006309573445,
275,DC:A6:32:33:AA:47,2020-07-09 21:36:55,d4b0cb18-c265-11ea-b704-dca63233aa46,1,1,1,-37,0.0001995262315,
276,DC:A6:32:33:AA:47,2020-07-09 21:36:55,d4b0cb18-c265-11ea-b704-dca63233aa46,1,1,1,-39,0.0001258925412,
277,DC:A6:32:33:AA:47,2020-07-09 21:36:57,d4b0cb18-c265-11ea-b704-dca63233aa46,1,1,1,-30,0.001,
278,DC:A6:32:33:AA:47,2020-07-09 21:36:57,d4b0cb18-c265-11ea-b704-dca63233aa46,1,1,1,-38,0.0001584893192,
279,DC:A6:32:33:AA:47,2020-07-09 21:36:59,d4b0cb18-c265-11ea-b704-dca63233aa46,1,1,1,-39,0.0001258925412,
280,DC:A6:32:33:AA:47,2020-07-09 21:37:01,d4b0cb18-c265-11ea-b704-dca63233aa46,1,1,1,-39,0.0001258925412,
281,DC:A6:32:33:AA:47,2020-07-09 21:37:03,d4b0cb18-c265-11ea-b704-dca63233aa46,1,1,1,-30,0.001,
282,DC:A6:32:33:AA:47,2020-07-09 21:37:03,d4b0cb18-c265-11ea-b704-dca63233aa46,1,1,1,-35,0.000316227766,
283,DC:A6:32:33:AA:47,2020-07-09 21:37:05,d4b0cb18-c265-11ea-b704-dca63233aa46,1,1,1,-38,0.0001584893192,
284,DC:A6:32:33:AA:47,2020-07-09 21:37:06,d4b0cb18-c265-11ea-b704-dca63233aa46,1,1,1,-32,0.0006309573445,
285,DC:A6:32:33:AA:47,2020-07-09 21:37:08,d4b0cb18-c265-11ea-b704-dca63233aa46,1,1,1,-37,0.0001995262315,
286,DC:A6:32:33:AA:47,2020-07-09 21:37:09,d4b0cb18-c265-11ea-b704-dca63233aa46,1,1,1,-32,0.0006309573445,
287,DC:A6:32:33:AA:47,2020-07-09 21:37:10,d4b0cb18-c265-11ea-b704-dca63233aa46,1,1,1,-37,0.0001995262315,
288,DC:A6:32:33:AA:47,2020-07-09 21:37:12,d4b0cb18-c265-11ea-b704-dca63233aa46,1,1,1,-35,0.000316227766,
289,DC:A6:32:33:AA:47,2020-07-09 21:37:14,d4b0cb18-c265-11ea-b704-dca63233aa46,1,1,1,-32,0.0006309573445,
290,DC:A6:32:33:AA:47,2020-07-09 21:37:15,d4b0cb18-c265-11ea-b704-dca63233aa46,1,1,1,-39,0.0001258925412,
291,DC:A6:32:33:AA:47,2020-07-09 21:37:17,d4b0cb18-c265-11ea-b704-dca63233aa46,1,1,1,-30,0.001,
292,DC:A6:32:33:AA:47,2020-07-09 21:37:19,d4b0cb18-c265-11ea-b704-dca63233aa46,1,1,1,-38,0.0001584893192,
293,DC:A6:32:33:AA:47,2020-07-09 21:37:21,d4b0cb18-c265-11ea-b704-dca63233aa46,1,1,1,-31,0.0007943282347,
294,DC:A6:32:33:AA:47,2020-07-09 21:37:23,d4b0cb18-c265-11ea-b704-dca63233aa46,1,1,1,-35,0.000316227766,
295,DC:A6:32:33:AA:47,2020-07-09 21:37:25,d4b0cb18-c265-11ea-b704-dca63233aa46,1,1,1,-33,0.0005011872336,
296,DC:A6:32:33:AA:47,2020-07-09 21:37:27,d4b0cb18-c265-11ea-b704-dca63233aa46,1,1,1,-37,0.0001995262315,
297,DC:A6:32:33:AA:47,2020-07-09 21:37:29,d4b0cb18-c265-11ea-b704-dca63233aa46,1,1,1,-38,0.0001584893192,
298,DC:A6:32:33:AA:47,2020-07-09 21:37:30,d4b0cb18-c265-11ea-b704-dca63233aa46,1,1,1,-33,0.0005011872336,
299,DC:A6:32:33:AA:47,2020-07-09 21:37:32,d4b0cb18-c265-11ea-b704-dca63233aa46,1,1,1,-35,0.000316227766,
300,DC:A6:32:33:AA:47,2020-07-09 21:37:34,d4b0cb18-c265-11ea-b704-dca63233aa46,1,1,1,-38,0.0001584893192,
301,DC:A6:32:33:AA:47,2020-07-09 21:37:35,d4b0cb18-c265-11ea-b704-dca63233aa46,1,1,1,-38,0.0001584893192,
302,DC:A6:32:33:AA:47,2020-07-09 21:37:37,d4b0cb18-c265-11ea-b704-dca63233aa46,1,1,1,-38,0.0001584893192,
303,DC:A6:32:33:AA:47,2020-07-09 21:37:39,d4b0cb18-c265-11ea-b704-dca63233aa46,1,1,1,-30,0.001,
304,DC:A6:32:33:AA:47,2020-07-09 21:37:41,d4b0cb18-c265-11ea-b704-dca63233aa46,1,1,1,-30,0.001,
305,DC:A6:32:33:AA:47,2020-07-09 21:37:43,d4b0cb18-c265-11ea-b704-dca63233aa46,1,1,1,-38,0.0001584893192,
306,DC:A6:32:33:AA:47,2020-07-09 21:37:45,d4b0cb18-c265-11ea-b704-dca63233aa46,1,1,1,-39,0.0001258925412,
307,DC:A6:32:33:AA:47,2020-07-09 21:37:47,d4b0cb18-c265-11ea-b704-dca63233aa46,1,1,1,-37,0.0001995262315,
308,DC:A6:32:33:AA:47,2020-07-09 21:37:49,d4b0cb18-c265-11ea-b704-dca63233aa46,1,1,1,-39,0.0001258925412,
309,DC:A6:32:33:AA:47,2020-07-09 21:37:50,d4b0cb18-c265-11ea-b704-dca63233aa46,1,1,1,-33,0.0005011872336,
310,DC:A6:32:33:AA:47,2020-07-09 21:37:52,d4b0cb18-c265-11ea-b704-dca63233aa46,1,1,1,-38,0.0001584893192,
311,DC:A6:32:33:AA:47,2020-07-09 21:37:54,d4b0cb18-c265-11ea-b704-dca63233aa46,1,1,1,-38,0.0001584893192,
312,DC:A6:32:33:AA:47,2020-07-09 21:37:56,d4b0cb18-c265-11ea-b704-dca63233aa46,1,1,1,-37,0.0001995262315,
313,DC:A6:32:33:AA:47,2020-07-09 21:37:58,d4b0cb18-c265-11ea-b704-dca63233aa46,1,1,1,-37,0.0001995262315,
314,DC:A6:32:33:AA:47,2020-07-09 21:38:00,d4b0cb18-c265-11ea-b704-dca63233aa46,1,1,1,-30,0.001,
315,DC:A6:32:33:AA:47,2020-07-09 21:38:02,d4b0cb18-c265-11ea-b704-dca63233aa46,1,1,1,-32,0.0006309573445,
316,DC:A6:32:33:AA:47,2020-07-09 21:38:04,d4b0cb18-c265-11ea-b704-dca63233aa46,1,1,1,-35,0.000316227766,
317,DC:A6:32:33:AA:47,2020-07-09 21:38:04,d4b0cb18-c265-11ea-b704-dca63233aa46,1,1,1,-30,0.001,
318,DC:A6:32:33:AA:47,2020-07-09 21:38:06,d4b0cb18-c265-11ea-b704-dca63233aa46,1,1,1,-38,0.0001584893192,
319,DC:A6:32:33:AA:47,2020-07-09 21:38:06,d4b0cb18-c265-11ea-b704-dca63233aa46,1,1,1,-37,0.0001995262315,
320,DC:A6:32:33:AA:47,2020-07-09 21:38:08,d4b0cb18-c265-11ea-b704-dca63233aa46,1,1,1,-38,0.0001584893192,
321,DC:A6:32:33:AA:47,2020-07-09 21:38:10,d4b0cb18-c265-11ea-b704-dca63233aa46,1,1,1,-35,0.000316227766,
322,DC:A6:32:33:AA:47,2020-07-09 21:38:12,d4b0cb18-c265-11ea-b704-dca63233aa46,1,1,1,-38,0.0001584893192,
323,DC:A6:32:33:AA:47,2020-07-09 21:38:14,d4b0cb18-c265-11ea-b704-dca63233aa46,1,1,1,-30,0.001,
324,DC:A6:32:33:AA:47,2020-07-09 21:38:16,d4b0cb18-c265-11ea-b704-dca63233aa46,1,1,1,-35,0.000316227766,
325,DC:A6:32:33:AA:47,2020-07-09 21:38:16,d4b0cb18-c265-11ea-b704-dca63233aa46,1,1,1,-38,0.0001584893192,
326,DC:A6:32:33:AA:47,2020-07-09 21:38:17,d4b0cb18-c265-11ea-b704-dca63233aa46,1,1,1,-38,0.0001584893192,
327,DC:A6:32:33:AA:47,2020-07-09 21:38:18,d4b0cb18-c265-11ea-b704-dca63233aa46,1,1,1,-35,0.000316227766,
328,DC:A6:32:33:AA:47,2020-07-09 21:38:20,d4b0cb18-c265-11ea-b704-dca63233aa46,1,1,1,-36,0.0002511886432,
329,DC:A6:32:33:AA:47,2020-07-09 21:38:21,d4b0cb18-c265-11ea-b704-dca63233aa46,1,1,1,-37,0.0001995262315,
330,DC:A6:32:33:AA:47,2020-07-09 21:38:23,d4b0cb18-c265-11ea-b704-dca63233aa46,1,1,1,-38,0.0001584893192,
331,DC:A6:32:33:AA:47,2020-07-09 21:38:24,d4b0cb18-c265-11ea-b704-dca63233aa46,1,1,1,-38,0.0001584893192,
332,DC:A6:32:33:AA:47,2020-07-09 21:38:26,d4b0cb18-c265-11ea-b704-dca63233aa46,1,1,1,-37,0.0001995262315,
333,DC:A6:32:33:AA:47,2020-07-09 21:38:28,d4b0cb18-c265-11ea-b704-dca63233aa46,1,1,1,-32,0.0006309573445,
334,DC:A6:32:33:AA:47,2020-07-09 21:38:30,d4b0cb18-c265-11ea-b704-dca63233aa46,1,1,1,-35,0.000316227766,
335,DC:A6:32:33:AA:47,2020-07-09 21:38:32,d4b0cb18-c265-11ea-b704-dca63233aa46,1,1,1,-37,0.0001995262315,
336,DC:A6:32:33:AA:47,2020-07-09 21:38:34,d4b0cb18-c265-11ea-b704-dca63233aa46,1,1,1,-38,0.0001584893192,
337,DC:A6:32:33:AA:47,2020-07-09 21:38:36,d4b0cb18-c265-11ea-b704-dca63233aa46,1,1,1,-38,0.0001584893192,
338,DC:A6:32:33:AA:47,2020-07-09 21:38:37,d4b0cb18-c265-11ea-b704-dca63233aa46,1,1,1,-38,0.0001584893192,
339,DC:A6:32:33:AA:47,2020-07-09 21:38:38,d4b0cb18-c265-11ea-b704-dca63233aa46,1,1,1,-32,0.0006309573445,
340,DC:A6:32:33:AA:47,2020-07-09 21:38:40,d4b0cb18-c265-11ea-b704-dca63233aa46,1,1,1,-35,0.000316227766,
341,DC:A6:32:33:AA:47,2020-07-09 21:38:42,d4b0cb18-c265-11ea-b704-dca63233aa46,1,1,1,-36,0.0002511886432,
342,DC:A6:32:33:AA:47,2020-07-09 21:38:44,d4b0cb18-c265-11ea-b704-dca63233aa46,1,1,1,-35,0.000316227766,
343,DC:A6:32:33:AA:47,2020-07-09 21:38:46,d4b0cb18-c265-11ea-b704-dca63233aa46,1,1,1,-30,0.001,
344,DC:A6:32:33:AA:47,2020-07-09 21:38:46,d4b0cb18-c265-11ea-b704-dca63233aa46,1,1,1,-36,0.0002511886432,
345,DC:A6:32:33:AA:47,2020-07-09 21:38:47,d4b0cb18-c265-11ea-b704-dca63233aa46,1,1,1,-38,0.0001584893192,
346,DC:A6:32:33:AA:47,2020-07-09 21:38:48,d4b0cb18-c265-11ea-b704-dca63233aa46,1,1,1,-35,0.000316227766,
347,DC:A6:32:33:AA:47,2020-07-09 21:38:49,d4b0cb18-c265-11ea-b704-dca63233aa46,1,1,1,-38,0.0001584893192,
348,DC:A6:32:33:AA:47,2020-07-09 21:38:50,d4b0cb18-c265-11ea-b704-dca63233aa46,1,1,1,-30,0.001,
349,DC:A6:32:33:AA:47,2020-07-09 21:38:52,d4b0cb18-c265-11ea-b704-dca63233aa46,1,1,1,-36,0.0002511886432,
350,DC:A6:32:33:AA:47,2020-07-09 21:38:54,d4b0cb18-c265-11ea-b704-dca63233aa46,1,1,1,-31,0.0007943282347,
351,DC:A6:32:33:AA:47,2020-07-09 21:38:56,d4b0cb18-c265-11ea-b704-dca63233aa46,1,1,1,-30,0.001,
352,DC:A6:32:33:AA:47,2020-07-09 21:38:58,d4b0cb18-c265-11ea-b704-dca63233aa46,1,1,1,-30,0.001,
353,DC:A6:32:33:AA:47,2020-07-09 21:38:59,d4b0cb18-c265-11ea-b704-dca63233aa46,1,1,1,-37,0.0001995262315,
354,DC:A6:32:33:AA:47,2020-07-09 21:39:00,d4b0cb18-c265-11ea-b704-dca63233aa46,1,1,1,-33,0.0005011872336,
355,DC:A6:32:33:AA:47,2020-07-09 21:39:02,d4b0cb18-c265-11ea-b704-dca63233aa46,1,1,1,-38,0.0001584893192,
356,DC:A6:32:33:AA:47,2020-07-09 21:39:03,d4b0cb18-c265-11ea-b704-dca63233aa46,1,1,1,-35,0.000316227766,
357,DC:A6:32:33:AA:47,2020-07-09 21:39:05,d4b0cb18-c265-11ea-b704-dca63233aa46,1,1,1,-37,0.0001995262315,
358,DC:A6:32:33:AA:47,2020-07-09 21:39:07,d4b0cb18-c265-11ea-b704-dca63233aa46,1,1,1,-37,0.0001995262315,
359,DC:A6:32:33:AA:47,2020-07-09 21:39:09,d4b0cb18-c265-11ea-b704-dca63233aa46,1,1,1,-39,0.0001258925412,
360,DC:A6:32:33:AA:47,2020-07-09 21:39:11,d4b0cb18-c265-11ea-b704-dca63233aa46,1,1,1,-32,0.0006309573445,
361,DC:A6:32:33:AA:47,2020-07-09 21:39:13,d4b0cb18-c265-11ea-b704-dca63233aa46,1,1,1,-32,0.0006309573445,
362,DC:A6:32:33:AA:47,2020-07-09 21:39:13,d4b0cb18-c265-11ea-b704-dca63233aa46,1,1,1,-35,0.000316227766,
363,DC:A6:32:33:AA:47,2020-07-09 21:39:15,d4b0cb18-c265-11ea-b704-dca63233aa46,1,1,1,-38,0.0001584893192,
364,DC:A6:32:33:AA:47,2020-07-09 21:39:17,d4b0cb18-c265-11ea-b704-dca63233aa46,1,1,1,-38,0.0001584893192,
365,DC:A6:32:33:AA:47,2020-07-09 21:39:19,d4b0cb18-c265-11ea-b704-dca63233aa46,1,1,1,-32,0.0006309573445,
366,DC:A6:32:33:AA:47,2020-07-09 21:39:21,d4b0cb18-c265-11ea-b704-dca63233aa46,1,1,1,-37,0.0001995262315,
367,DC:A6:32:33:AA:47,2020-07-09 21:39:22,d4b0cb18-c265-11ea-b704-dca63233aa46,1,1,1,-35,0.000316227766,
368,DC:A6:32:33:AA:47,2020-07-09 21:39:24,d4b0cb18-c265-11ea-b704-dca63233aa46,1,1,1,-38,0.0001584893192,
369,DC:A6:32:33:AA:47,2020-07-09 21:39:25,d4b0cb18-c265-11ea-b704-dca63233aa46,1,1,1,-38,0.0001584893192,
370,DC:A6:32:33:AA:47,2020-07-09 21:39:27,d4b0cb18-c265-11ea-b704-dca63233aa46,1,1,1,-35,0.000316227766,
371,DC:A6:32:33:AA:47,2020-07-09 21:39:29,d4b0cb18-c265-11ea-b704-dca63233aa46,1,1,1,-37,0.0001995262315,
372,DC:A6:32:33:AA:47,2020-07-09 21:39:31,d4b0cb18-c265-11ea-b704-dca63233aa46,1,1,1,-32,0.0006309573445,
373,DC:A6:32:33:AA:47,2020-07-09 21:39:33,d4b0cb18-c265-11ea-b704-dca63233aa46,1,1,1,-38,0.0001584893192,
374,DC:A6:32:33:AA:47,2020-07-09 21:39:33,d4b0cb18-c265-11ea-b704-dca63233aa46,1,1,1,-38,0.0001584893192,
375,DC:A6:32:33:AA:47,2020-07-09 21:39:35,d4b0cb18-c265-11ea-b704-dca63233aa46,1,1,1,-31,0.0007943282347,
376,DC:A6:32:33:AA:47,2020-07-09 21:39:36,d4b0cb18-c265-11ea-b704-dca63233aa46,1,1,1,-30,0.001,
377,DC:A6:32:33:AA:47,2020-07-09 21:39:38,d4b0cb18-c265-11ea-b704-dca63233aa46,1,1,1,-37,0.0001995262315,