SCAN,ADDRESS,TIMESTAMP,UUID,MAJOR,MINOR,TX POWER,RSSI,Power (mW ),Sum
0,DC:A6:32:33:AA:47,2020-07-09 16:15:34,6a4f71d8-c22a-11ea-9878-dca63233aa46,1,1,1,-52,0.000006309573445,0.01597167678
1,DC:A6:32:33:AA:47,2020-07-09 16:15:36,6a4f71d8-c22a-11ea-9878-dca63233aa46,1,1,1,-53,0.000005011872336,
2,DC:A6:32:33:AA:47,2020-07-09 16:15:38,6a4f71d8-c22a-11ea-9878-dca63233aa46,1,1,1,-52,0.000006309573445,
3,DC:A6:32:33:AA:47,2020-07-09 16:15:40,6a4f71d8-c22a-11ea-9878-dca63233aa46,1,1,1,-52,0.000006309573445,
4,DC:A6:32:33:AA:47,2020-07-09 16:15:41,6a4f71d8-c22a-11ea-9878-dca63233aa46,1,1,1,-42,0.00006309573445,
5,DC:A6:32:33:AA:47,2020-07-09 16:15:42,6a4f71d8-c22a-11ea-9878-dca63233aa46,1,1,1,-42,0.00006309573445,
6,DC:A6:32:33:AA:47,2020-07-09 16:15:44,6a4f71d8-c22a-11ea-9878-dca63233aa46,1,1,1,-44,0.00003981071706,
7,DC:A6:32:33:AA:47,2020-07-09 16:15:45,6a4f71d8-c22a-11ea-9878-dca63233aa46,1,1,1,-42,0.00006309573445,
8,DC:A6:32:33:AA:47,2020-07-09 16:15:47,6a4f71d8-c22a-11ea-9878-dca63233aa46,1,1,1,-52,0.000006309573445,
9,DC:A6:32:33:AA:47,2020-07-09 16:15:49,6a4f71d8-c22a-11ea-9878-dca63233aa46,1,1,1,-42,0.00006309573445,
10,DC:A6:32:33:AA:47,2020-07-09 16:15:49,6a4f71d8-c22a-11ea-9878-dca63233aa46,1,1,1,-52,0.000006309573445,
11,DC:A6:32:33:AA:47,2020-07-09 16:15:51,6a4f71d8-c22a-11ea-9878-dca63233aa46,1,1,1,-52,0.000006309573445,
12,DC:A6:32:33:AA:47,2020-07-09 16:15:53,6a4f71d8-c22a-11ea-9878-dca63233aa46,1,1,1,-53,0.000005011872336,
13,DC:A6:32:33:AA:47,2020-07-09 16:15:53,6a4f71d8-c22a-11ea-9878-dca63233aa46,1,1,1,-52,0.000006309573445,
14,DC:A6:32:33:AA:47,2020-07-09 16:15:55,6a4f71d8-c22a-11ea-9878-dca63233aa46,1,1,1,-54,0.000003981071706,
15,DC:A6:32:33:AA:47,2020-07-09 16:15:57,6a4f71d8-c22a-11ea-9878-dca63233aa46,1,1,1,-42,0.00006309573445,
16,DC:A6:32:33:AA:47,2020-07-09 16:15:59,6a4f71d8-c22a-11ea-9878-dca63233aa46,1,1,1,-41,0.00007943282347,
17,DC:A6:32:33:AA:47,2020-07-09 16:16:00,6a4f71d8-c22a-11ea-9878-dca63233aa46,1,1,1,-42,0.00006309573445,
18,DC:A6:32:33:AA:47,2020-07-09 16:16:01,6a4f71d8-c22a-11ea-9878-dca63233aa46,1,1,1,-51,0.000007943282347,
19,DC:A6:32:33:AA:47,2020-07-09 16:16:03,6a4f71d8-c22a-11ea-9878-dca63233aa46,1,1,1,-52,0.000006309573445,
20,DC:A6:32:33:AA:47,2020-07-09 16:16:03,6a4f71d8-c22a-11ea-9878-dca63233aa46,1,1,1,-52,0.000006309573445,
21,DC:A6:32:33:AA:47,2020-07-09 16:16:05,6a4f71d8-c22a-11ea-9878-dca63233aa46,1,1,1,-42,0.00006309573445,
22,DC:A6:32:33:AA:47,2020-07-09 16:16:06,6a4f71d8-c22a-11ea-9878-dca63233aa46,1,1,1,-42,0.00006309573445,
23,DC:A6:32:33:AA:47,2020-07-09 16:16:06,6a4f71d8-c22a-11ea-9878-dca63233aa46,1,1,1,-42,0.00006309573445,
24,DC:A6:32:33:AA:47,2020-07-09 16:16:08,6a4f71d8-c22a-11ea-9878-dca63233aa46,1,1,1,-45,0.0000316227766,
25,DC:A6:32:33:AA:47,2020-07-09 16:16:10,6a4f71d8-c22a-11ea-9878-dca63233aa46,1,1,1,-42,0.00006309573445,
26,DC:A6:32:33:AA:47,2020-07-09 16:16:12,6a4f71d8-c22a-11ea-9878-dca63233aa46,1,1,1,-52,0.000006309573445,
27,DC:A6:32:33:AA:47,2020-07-09 16:16:13,6a4f71d8-c22a-11ea-9878-dca63233aa46,1,1,1,-52,0.000006309573445,
28,DC:A6:32:33:AA:47,2020-07-09 16:16:15,6a4f71d8-c22a-11ea-9878-dca63233aa46,1,1,1,-42,0.00006309573445,
29,DC:A6:32:33:AA:47,2020-07-09 16:16:17,6a4f71d8-c22a-11ea-9878-dca63233aa46,1,1,1,-45,0.0000316227766,
30,DC:A6:32:33:AA:47,2020-07-09 16:16:19,6a4f71d8-c22a-11ea-9878-dca63233aa46,1,1,1,-52,0.000006309573445,
31,DC:A6:32:33:AA:47,2020-07-09 16:16:20,6a4f71d8-c22a-11ea-9878-dca63233aa46,1,1,1,-42,0.00006309573445,
32,DC:A6:32:33:AA:47,2020-07-09 16:16:21,6a4f71d8-c22a-11ea-9878-dca63233aa46,1,1,1,-53,0.000005011872336,
33,DC:A6:32:33:AA:47,2020-07-09 16:16:23,6a4f71d8-c22a-11ea-9878-dca63233aa46,1,1,1,-42,0.00006309573445,
34,DC:A6:32:33:AA:47,2020-07-09 16:16:23,6a4f71d8-c22a-11ea-9878-dca63233aa46,1,1,1,-53,0.000005011872336,
35,DC:A6:32:33:AA:47,2020-07-09 16:16:25,6a4f71d8-c22a-11ea-9878-dca63233aa46,1,1,1,-44,0.00003981071706,
36,DC:A6:32:33:AA:47,2020-07-09 16:16:27,6a4f71d8-c22a-11ea-9878-dca63233aa46,1,1,1,-44,0.00003981071706,
37,DC:A6:32:33:AA:47,2020-07-09 16:16:29,6a4f71d8-c22a-11ea-9878-dca63233aa46,1,1,1,-53,0.000005011872336,
38,DC:A6:32:33:AA:47,2020-07-09 16:16:31,6a4f71d8-c22a-11ea-9878-dca63233aa46,1,1,1,-42,0.00006309573445,
39,DC:A6:32:33:AA:47,2020-07-09 16:16:32,6a4f71d8-c22a-11ea-9878-dca63233aa46,1,1,1,-42,0.00006309573445,
40,DC:A6:32:33:AA:47,2020-07-09 16:16:34,6a4f71d8-c22a-11ea-9878-dca63233aa46,1,1,1,-42,0.00006309573445,
41,DC:A6:32:33:AA:47,2020-07-09 16:16:36,6a4f71d8-c22a-11ea-9878-dca63233aa46,1,1,1,-53,0.000005011872336,
42,DC:A6:32:33:AA:47,2020-07-09 16:16:37,6a4f71d8-c22a-11ea-9878-dca63233aa46,1,1,1,-42,0.00006309573445,
43,DC:A6:32:33:AA:47,2020-07-09 16:16:38,6a4f71d8-c22a-11ea-9878-dca63233aa46,1,1,1,-42,0.00006309573445,
44,DC:A6:32:33:AA:47,2020-07-09 16:16:40,6a4f71d8-c22a-11ea-9878-dca63233aa46,1,1,1,-53,0.000005011872336,
45,DC:A6:32:33:AA:47,2020-07-09 16:16:41,6a4f71d8-c22a-11ea-9878-dca63233aa46,1,1,1,-45,0.0000316227766,
46,DC:A6:32:33:AA:47,2020-07-09 16:16:42,6a4f71d8-c22a-11ea-9878-dca63233aa46,1,1,1,-42,0.00006309573445,
47,DC:A6:32:33:AA:47,2020-07-09 16:16:44,6a4f71d8-c22a-11ea-9878-dca63233aa46,1,1,1,-53,0.000005011872336,
48,DC:A6:32:33:AA:47,2020-07-09 16:16:46,6a4f71d8-c22a-11ea-9878-dca63233aa46,1,1,1,-42,0.00006309573445,
49,DC:A6:32:33:AA:47,2020-07-09 16:16:48,6a4f71d8-c22a-11ea-9878-dca63233aa46,1,1,1,-53,0.000005011872336,
50,DC:A6:32:33:AA:47,2020-07-09 16:16:49,6a4f71d8-c22a-11ea-9878-dca63233aa46,1,1,1,-53,0.000005011872336,
51,DC:A6:32:33:AA:47,2020-07-09 16:16:51,6a4f71d8-c22a-11ea-9878-dca63233aa46,1,1,1,-42,0.00006309573445,
52,DC:A6:32:33:AA:47,2020-07-09 16:16:52,6a4f71d8-c22a-11ea-9878-dca63233aa46,1,1,1,-42,0.00006309573445,
53,DC:A6:32:33:AA:47,2020-07-09 16:16:54,6a4f71d8-c22a-11ea-9878-dca63233aa46,1,1,1,-42,0.00006309573445,
54,DC:A6:32:33:AA:47,2020-07-09 16:16:54,6a4f71d8-c22a-11ea-9878-dca63233aa46,1,1,1,-42,0.00006309573445,
55,DC:A6:32:33:AA:47,2020-07-09 16:16:56,6a4f71d8-c22a-11ea-9878-dca63233aa46,1,1,1,-42,0.00006309573445,
56,DC:A6:32:33:AA:47,2020-07-09 16:16:57,6a4f71d8-c22a-11ea-9878-dca63233aa46,1,1,1,-53,0.000005011872336,
57,DC:A6:32:33:AA:47,2020-07-09 16:16:58,6a4f71d8-c22a-11ea-9878-dca63233aa46,1,1,1,-53,0.000005011872336,
58,DC:A6:32:33:AA:47,2020-07-09 16:16:59,6a4f71d8-c22a-11ea-9878-dca63233aa46,1,1,1,-42,0.00006309573445,
59,DC:A6:32:33:AA:47,2020-07-09 16:17:00,6a4f71d8-c22a-11ea-9878-dca63233aa46,1,1,1,-42,0.00006309573445,
60,DC:A6:32:33:AA:47,2020-07-09 16:17:01,6a4f71d8-c22a-11ea-9878-dca63233aa46,1,1,1,-42,0.00006309573445,
61,DC:A6:32:33:AA:47,2020-07-09 16:17:02,6a4f71d8-c22a-11ea-9878-dca63233aa46,1,1,1,-42,0.00006309573445,
62,DC:A6:32:33:AA:47,2020-07-09 16:17:04,6a4f71d8-c22a-11ea-9878-dca63233aa46,1,1,1,-42,0.00006309573445,
63,DC:A6:32:33:AA:47,2020-07-09 16:17:06,6a4f71d8-c22a-11ea-9878-dca63233aa46,1,1,1,-42,0.00006309573445,
64,DC:A6:32:33:AA:47,2020-07-09 16:17:08,6a4f71d8-c22a-11ea-9878-dca63233aa46,1,1,1,-52,0.000006309573445,
65,DC:A6:32:33:AA:47,2020-07-09 16:17:10,6a4f71d8-c22a-11ea-9878-dca63233aa46,1,1,1,-53,0.000005011872336,
66,DC:A6:32:33:AA:47,2020-07-09 16:17:10,6a4f71d8-c22a-11ea-9878-dca63233aa46,1,1,1,-54,0.000003981071706,
67,DC:A6:32:33:AA:47,2020-07-09 16:17:11,6a4f71d8-c22a-11ea-9878-dca63233aa46,1,1,1,-42,0.00006309573445,
68,DC:A6:32:33:AA:47,2020-07-09 16:17:13,6a4f71d8-c22a-11ea-9878-dca63233aa46,1,1,1,-42,0.00006309573445,
69,DC:A6:32:33:AA:47,2020-07-09 16:17:14,6a4f71d8-c22a-11ea-9878-dca63233aa46,1,1,1,-42,0.00006309573445,
70,DC:A6:32:33:AA:47,2020-07-09 16:17:15,6a4f71d8-c22a-11ea-9878-dca63233aa46,1,1,1,-42,0.00006309573445,
71,DC:A6:32:33:AA:47,2020-07-09 16:17:16,6a4f71d8-c22a-11ea-9878-dca63233aa46,1,1,1,-42,0.00006309573445,
72,DC:A6:32:33:AA:47,2020-07-09 16:17:18,6a4f71d8-c22a-11ea-9878-dca63233aa46,1,1,1,-42,0.00006309573445,
73,DC:A6:32:33:AA:47,2020-07-09 16:17:19,6a4f71d8-c22a-11ea-9878-dca63233aa46,1,1,1,-42,0.00006309573445,
74,DC:A6:32:33:AA:47,2020-07-09 16:17:21,6a4f71d8-c22a-11ea-9878-dca63233aa46,1,1,1,-53,0.000005011872336,
75,DC:A6:32:33:AA:47,2020-07-09 16:17:22,6a4f71d8-c22a-11ea-9878-dca63233aa46,1,1,1,-53,0.000005011872336,
76,DC:A6:32:33:AA:47,2020-07-09 16:17:22,6a4f71d8-c22a-11ea-9878-dca63233aa46,1,1,1,-53,0.000005011872336,
77,DC:A6:32:33:AA:47,2020-07-09 16:17:24,6a4f71d8-c22a-11ea-9878-dca63233aa46,1,1,1,-53,0.000005011872336,
78,DC:A6:32:33:AA:47,2020-07-09 16:17:26,6a4f71d8-c22a-11ea-9878-dca63233aa46,1,1,1,-53,0.000005011872336,
79,DC:A6:32:33:AA:47,2020-07-09 16:17:28,6a4f71d8-c22a-11ea-9878-dca63233aa46,1,1,1,-42,0.00006309573445,
80,DC:A6:32:33:AA:47,2020-07-09 16:17:30,6a4f71d8-c22a-11ea-9878-dca63233aa46,1,1,1,-53,0.000005011872336,
81,DC:A6:32:33:AA:47,2020-07-09 16:17:32,6a4f71d8-c22a-11ea-9878-dca63233aa46,1,1,1,-42,0.00006309573445,
82,DC:A6:32:33:AA:47,2020-07-09 16:17:33,6a4f71d8-c22a-11ea-9878-dca63233aa46,1,1,1,-54,0.000003981071706,
83,DC:A6:32:33:AA:47,2020-07-09 16:17:34,6a4f71d8-c22a-11ea-9878-dca63233aa46,1,1,1,-44,0.00003981071706,
84,DC:A6:32:33:AA:47,2020-07-09 16:17:36,6a4f71d8-c22a-11ea-9878-dca63233aa46,1,1,1,-53,0.000005011872336,
85,DC:A6:32:33:AA:47,2020-07-09 16:17:38,6a4f71d8-c22a-11ea-9878-dca63233aa46,1,1,1,-42,0.00006309573445,
86,DC:A6:32:33:AA:47,2020-07-09 16:17:40,6a4f71d8-c22a-11ea-9878-dca63233aa46,1,1,1,-44,0.00003981071706,
87,DC:A6:32:33:AA:47,2020-07-09 16:17:41,6a4f71d8-c22a-11ea-9878-dca63233aa46,1,1,1,-44,0.00003981071706,
88,DC:A6:32:33:AA:47,2020-07-09 16:17:43,6a4f71d8-c22a-11ea-9878-dca63233aa46,1,1,1,-42,0.00006309573445,
89,DC:A6:32:33:AA:47,2020-07-09 16:17:44,6a4f71d8-c22a-11ea-9878-dca63233aa46,1,1,1,-44,0.00003981071706,
90,DC:A6:32:33:AA:47,2020-07-09 16:17:44,6a4f71d8-c22a-11ea-9878-dca63233aa46,1,1,1,-42,0.00006309573445,
91,DC:A6:32:33:AA:47,2020-07-09 16:17:45,6a4f71d8-c22a-11ea-9878-dca63233aa46,1,1,1,-42,0.00006309573445,
92,DC:A6:32:33:AA:47,2020-07-09 16:17:47,6a4f71d8-c22a-11ea-9878-dca63233aa46,1,1,1,-42,0.00006309573445,
93,DC:A6:32:33:AA:47,2020-07-09 16:17:48,6a4f71d8-c22a-11ea-9878-dca63233aa46,1,1,1,-44,0.00003981071706,
94,DC:A6:32:33:AA:47,2020-07-09 16:17:50,6a4f71d8-c22a-11ea-9878-dca63233aa46,1,1,1,-42,0.00006309573445,
95,DC:A6:32:33:AA:47,2020-07-09 16:17:51,6a4f71d8-c22a-11ea-9878-dca63233aa46,1,1,1,-42,0.00006309573445,
96,DC:A6:32:33:AA:47,2020-07-09 16:17:52,6a4f71d8-c22a-11ea-9878-dca63233aa46,1,1,1,-42,0.00006309573445,
97,DC:A6:32:33:AA:47,2020-07-09 16:17:54,6a4f71d8-c22a-11ea-9878-dca63233aa46,1,1,1,-42,0.00006309573445,
98,DC:A6:32:33:AA:47,2020-07-09 16:17:56,6a4f71d8-c22a-11ea-9878-dca63233aa46,1,1,1,-44,0.00003981071706,
99,DC:A6:32:33:AA:47,2020-07-09 16:17:58,6a4f71d8-c22a-11ea-9878-dca63233aa46,1,1,1,-52,0.000006309573445,
100,DC:A6:32:33:AA:47,2020-07-09 16:18:00,6a4f71d8-c22a-11ea-9878-dca63233aa46,1,1,1,-42,0.00006309573445,
101,DC:A6:32:33:AA:47,2020-07-09 16:18:02,6a4f71d8-c22a-11ea-9878-dca63233aa46,1,1,1,-42,0.00006309573445,
102,DC:A6:32:33:AA:47,2020-07-09 16:18:04,6a4f71d8-c22a-11ea-9878-dca63233aa46,1,1,1,-44,0.00003981071706,
103,DC:A6:32:33:AA:47,2020-07-09 16:18:06,6a4f71d8-c22a-11ea-9878-dca63233aa46,1,1,1,-52,0.000006309573445,
104,DC:A6:32:33:AA:47,2020-07-09 16:18:07,6a4f71d8-c22a-11ea-9878-dca63233aa46,1,1,1,-53,0.000005011872336,
105,DC:A6:32:33:AA:47,2020-07-09 16:18:08,6a4f71d8-c22a-11ea-9878-dca63233aa46,1,1,1,-42,0.00006309573445,
106,DC:A6:32:33:AA:47,2020-07-09 16:18:10,6a4f71d8-c22a-11ea-9878-dca63233aa46,1,1,1,-42,0.00006309573445,
107,DC:A6:32:33:AA:47,2020-07-09 16:18:11,6a4f71d8-c22a-11ea-9878-dca63233aa46,1,1,1,-52,0.000006309573445,
108,DC:A6:32:33:AA:47,2020-07-09 16:18:12,6a4f71d8-c22a-11ea-9878-dca63233aa46,1,1,1,-51,0.000007943282347,
109,DC:A6:32:33:AA:47,2020-07-09 16:18:13,6a4f71d8-c22a-11ea-9878-dca63233aa46,1,1,1,-53,0.000005011872336,
110,DC:A6:32:33:AA:47,2020-07-09 16:18:14,6a4f71d8-c22a-11ea-9878-dca63233aa46,1,1,1,-42,0.00006309573445,
111,DC:A6:32:33:AA:47,2020-07-09 16:18:16,6a4f71d8-c22a-11ea-9878-dca63233aa46,1,1,1,-52,0.000006309573445,
112,DC:A6:32:33:AA:47,2020-07-09 16:18:16,6a4f71d8-c22a-11ea-9878-dca63233aa46,1,1,1,-42,0.00006309573445,
113,DC:A6:32:33:AA:47,2020-07-09 16:18:17,6a4f71d8-c22a-11ea-9878-dca63233aa46,1,1,1,-42,0.00006309573445,
114,DC:A6:32:33:AA:47,2020-07-09 16:18:18,6a4f71d8-c22a-11ea-9878-dca63233aa46,1,1,1,-53,0.000005011872336,
115,DC:A6:32:33:AA:47,2020-07-09 16:18:20,6a4f71d8-c22a-11ea-9878-dca63233aa46,1,1,1,-44,0.00003981071706,
116,DC:A6:32:33:AA:47,2020-07-09 16:18:20,6a4f71d8-c22a-11ea-9878-dca63233aa46,1,1,1,-42,0.00006309573445,
117,DC:A6:32:33:AA:47,2020-07-09 16:18:21,6a4f71d8-c22a-11ea-9878-dca63233aa46,1,1,1,-44,0.00003981071706,
118,DC:A6:32:33:AA:47,2020-07-09 16:18:23,6a4f71d8-c22a-11ea-9878-dca63233aa46,1,1,1,-42,0.00006309573445,
119,DC:A6:32:33:AA:47,2020-07-09 16:18:23,6a4f71d8-c22a-11ea-9878-dca63233aa46,1,1,1,-42,0.00006309573445,
120,DC:A6:32:33:AA:47,2020-07-09 16:18:24,6a4f71d8-c22a-11ea-9878-dca63233aa46,1,1,1,-52,0.000006309573445,
121,DC:A6:32:33:AA:47,2020-07-09 16:18:25,6a4f71d8-c22a-11ea-9878-dca63233aa46,1,1,1,-39,0.0001258925412,
122,DC:A6:32:33:AA:47,2020-07-09 16:18:26,6a4f71d8-c22a-11ea-9878-dca63233aa46,1,1,1,-52,0.000006309573445,
123,DC:A6:32:33:AA:47,2020-07-09 16:18:28,6a4f71d8-c22a-11ea-9878-dca63233aa46,1,1,1,-42,0.00006309573445,
124,DC:A6:32:33:AA:47,2020-07-09 16:18:28,6a4f71d8-c22a-11ea-9878-dca63233aa46,1,1,1,-52,0.000006309573445,
125,DC:A6:32:33:AA:47,2020-07-09 16:18:30,6a4f71d8-c22a-11ea-9878-dca63233aa46,1,1,1,-42,0.00006309573445,
126,DC:A6:32:33:AA:47,2020-07-09 16:18:32,6a4f71d8-c22a-11ea-9878-dca63233aa46,1,1,1,-52,0.000006309573445,
127,DC:A6:32:33:AA:47,2020-07-09 16:18:33,6a4f71d8-c22a-11ea-9878-dca63233aa46,1,1,1,-42,0.00006309573445,
128,DC:A6:32:33:AA:47,2020-07-09 16:18:34,6a4f71d8-c22a-11ea-9878-dca63233aa46,1,1,1,-53,0.000005011872336,
129,DC:A6:32:33:AA:47,2020-07-09 16:18:35,6a4f71d8-c22a-11ea-9878-dca63233aa46,1,1,1,-52,0.000006309573445,
130,DC:A6:32:33:AA:47,2020-07-09 16:18:37,6a4f71d8-c22a-11ea-9878-dca63233aa46,1,1,1,-52,0.000006309573445,
131,DC:A6:32:33:AA:47,2020-07-09 16:18:37,6a4f71d8-c22a-11ea-9878-dca63233aa46,1,1,1,-51,0.000007943282347,
132,DC:A6:32:33:AA:47,2020-07-09 16:18:38,6a4f71d8-c22a-11ea-9878-dca63233aa46,1,1,1,-42,0.00006309573445,
133,DC:A6:32:33:AA:47,2020-07-09 16:18:40,6a4f71d8-c22a-11ea-9878-dca63233aa46,1,1,1,-52,0.000006309573445,
134,DC:A6:32:33:AA:47,2020-07-09 16:18:41,6a4f71d8-c22a-11ea-9878-dca63233aa46,1,1,1,-42,0.00006309573445,
135,DC:A6:32:33:AA:47,2020-07-09 16:18:42,6a4f71d8-c22a-11ea-9878-dca63233aa46,1,1,1,-44,0.00003981071706,
136,DC:A6:32:33:AA:47,2020-07-09 16:18:43,6a4f71d8-c22a-11ea-9878-dca63233aa46,1,1,1,-42,0.00006309573445,
137,DC:A6:32:33:AA:47,2020-07-09 16:18:45,6a4f71d8-c22a-11ea-9878-dca63233aa46,1,1,1,-42,0.00006309573445,
138,DC:A6:32:33:AA:47,2020-07-09 16:18:46,6a4f71d8-c22a-11ea-9878-dca63233aa46,1,1,1,-45,0.0000316227766,
139,DC:A6:32:33:AA:47,2020-07-09 16:18:47,6a4f71d8-c22a-11ea-9878-dca63233aa46,1,1,1,-52,0.000006309573445,
140,DC:A6:32:33:AA:47,2020-07-09 16:18:49,6a4f71d8-c22a-11ea-9878-dca63233aa46,1,1,1,-53,0.000005011872336,
141,DC:A6:32:33:AA:47,2020-07-09 16:18:51,6a4f71d8-c22a-11ea-9878-dca63233aa46,1,1,1,-52,0.000006309573445,
142,DC:A6:32:33:AA:47,2020-07-09 16:18:53,6a4f71d8-c22a-11ea-9878-dca63233aa46,1,1,1,-42,0.00006309573445,
143,DC:A6:32:33:AA:47,2020-07-09 16:18:55,6a4f71d8-c22a-11ea-9878-dca63233aa46,1,1,1,-52,0.000006309573445,
144,DC:A6:32:33:AA:47,2020-07-09 16:18:55,6a4f71d8-c22a-11ea-9878-dca63233aa46,1,1,1,-42,0.00006309573445,
145,DC:A6:32:33:AA:47,2020-07-09 16:18:57,6a4f71d8-c22a-11ea-9878-dca63233aa46,1,1,1,-52,0.000006309573445,
146,DC:A6:32:33:AA:47,2020-07-09 16:18:59,6a4f71d8-c22a-11ea-9878-dca63233aa46,1,1,1,-52,0.000006309573445,
147,DC:A6:32:33:AA:47,2020-07-09 16:19:01,6a4f71d8-c22a-11ea-9878-dca63233aa46,1,1,1,-52,0.000006309573445,
148,DC:A6:32:33:AA:47,2020-07-09 16:19:02,6a4f71d8-c22a-11ea-9878-dca63233aa46,1,1,1,-52,0.000006309573445,
149,DC:A6:32:33:AA:47,2020-07-09 16:19:03,6a4f71d8-c22a-11ea-9878-dca63233aa46,1,1,1,-42,0.00006309573445,
150,DC:A6:32:33:AA:47,2020-07-09 16:19:04,6a4f71d8-c22a-11ea-9878-dca63233aa46,1,1,1,-51,0.000007943282347,
151,DC:A6:32:33:AA:47,2020-07-09 16:19:05,6a4f71d8-c22a-11ea-9878-dca63233aa46,1,1,1,-42,0.00006309573445,
152,DC:A6:32:33:AA:47,2020-07-09 16:19:07,6a4f71d8-c22a-11ea-9878-dca63233aa46,1,1,1,-51,0.000007943282347,
153,DC:A6:32:33:AA:47,2020-07-09 16:19:09,6a4f71d8-c22a-11ea-9878-dca63233aa46,1,1,1,-42,0.00006309573445,
154,DC:A6:32:33:AA:47,2020-07-09 16:19:11,6a4f71d8-c22a-11ea-9878-dca63233aa46,1,1,1,-42,0.00006309573445,
155,DC:A6:32:33:AA:47,2020-07-09 16:19:13,6a4f71d8-c22a-11ea-9878-dca63233aa46,1,1,1,-52,0.000006309573445,
156,DC:A6:32:33:AA:47,2020-07-09 16:19:15,6a4f71d8-c22a-11ea-9878-dca63233aa46,1,1,1,-45,0.0000316227766,
157,DC:A6:32:33:AA:47,2020-07-09 16:19:16,6a4f71d8-c22a-11ea-9878-dca63233aa46,1,1,1,-53,0.000005011872336,
158,DC:A6:32:33:AA:47,2020-07-09 16:19:17,6a4f71d8-c22a-11ea-9878-dca63233aa46,1,1,1,-42,0.00006309573445,
159,DC:A6:32:33:AA:47,2020-07-09 16:19:19,6a4f71d8-c22a-11ea-9878-dca63233aa46,1,1,1,-42,0.00006309573445,
160,DC:A6:32:33:AA:47,2020-07-09 16:19:19,6a4f71d8-c22a-11ea-9878-dca63233aa46,1,1,1,-52,0.000006309573445,
161,DC:A6:32:33:AA:47,2020-07-09 16:19:20,6a4f71d8-c22a-11ea-9878-dca63233aa46,1,1,1,-42,0.00006309573445,
162,DC:A6:32:33:AA:47,2020-07-09 16:19:21,6a4f71d8-c22a-11ea-9878-dca63233aa46,1,1,1,-54,0.000003981071706,
163,DC:A6:32:33:AA:47,2020-07-09 16:19:22,6a4f71d8-c22a-11ea-9878-dca63233aa46,1,1,1,-42,0.00006309573445,
164,DC:A6:32:33:AA:47,2020-07-09 16:19:23,6a4f71d8-c22a-11ea-9878-dca63233aa46,1,1,1,-53,0.000005011872336,
165,DC:A6:32:33:AA:47,2020-07-09 16:19:25,6a4f71d8-c22a-11ea-9878-dca63233aa46,1,1,1,-42,0.00006309573445,
166,DC:A6:32:33:AA:47,2020-07-09 16:19:25,6a4f71d8-c22a-11ea-9878-dca63233aa46,1,1,1,-53,0.000005011872336,
167,DC:A6:32:33:AA:47,2020-07-09 16:19:27,6a4f71d8-c22a-11ea-9878-dca63233aa46,1,1,1,-42,0.00006309573445,
168,DC:A6:32:33:AA:47,2020-07-09 16:19:28,6a4f71d8-c22a-11ea-9878-dca63233aa46,1,1,1,-52,0.000006309573445,
169,DC:A6:32:33:AA:47,2020-07-09 16:19:30,6a4f71d8-c22a-11ea-9878-dca63233aa46,1,1,1,-44,0.00003981071706,
170,DC:A6:32:33:AA:47,2020-07-09 16:19:32,6a4f71d8-c22a-11ea-9878-dca63233aa46,1,1,1,-43,0.00005011872336,
171,DC:A6:32:33:AA:47,2020-07-09 16:19:33,6a4f71d8-c22a-11ea-9878-dca63233aa46,1,1,1,-42,0.00006309573445,
172,DC:A6:32:33:AA:47,2020-07-09 16:19:34,6a4f71d8-c22a-11ea-9878-dca63233aa46,1,1,1,-42,0.00006309573445,
173,DC:A6:32:33:AA:47,2020-07-09 16:19:36,6a4f71d8-c22a-11ea-9878-dca63233aa46,1,1,1,-53,0.000005011872336,
174,DC:A6:32:33:AA:47,2020-07-09 16:19:37,6a4f71d8-c22a-11ea-9878-dca63233aa46,1,1,1,-44,0.00003981071706,
175,DC:A6:32:33:AA:47,2020-07-09 16:19:38,6a4f71d8-c22a-11ea-9878-dca63233aa46,1,1,1,-43,0.00005011872336,
176,DC:A6:32:33:AA:47,2020-07-09 16:19:40,6a4f71d8-c22a-11ea-9878-dca63233aa46,1,1,1,-53,0.000005011872336,
177,DC:A6:32:33:AA:47,2020-07-09 16:19:40,6a4f71d8-c22a-11ea-9878-dca63233aa46,1,1,1,-44,0.00003981071706,
178,DC:A6:32:33:AA:47,2020-07-09 16:19:42,6a4f71d8-c22a-11ea-9878-dca63233aa46,1,1,1,-52,0.000006309573445,
179,DC:A6:32:33:AA:47,2020-07-09 16:19:44,6a4f71d8-c22a-11ea-9878-dca63233aa46,1,1,1,-42,0.00006309573445,
180,DC:A6:32:33:AA:47,2020-07-09 16:19:45,6a4f71d8-c22a-11ea-9878-dca63233aa46,1,1,1,-42,0.00006309573445,
181,DC:A6:32:33:AA:47,2020-07-09 16:19:46,6a4f71d8-c22a-11ea-9878-dca63233aa46,1,1,1,-42,0.00006309573445,
182,DC:A6:32:33:AA:47,2020-07-09 16:19:48,6a4f71d8-c22a-11ea-9878-dca63233aa46,1,1,1,-41,0.00007943282347,
183,DC:A6:32:33:AA:47,2020-07-09 16:19:48,6a4f71d8-c22a-11ea-9878-dca63233aa46,1,1,1,-42,0.00006309573445,
184,DC:A6:32:33:AA:47,2020-07-09 16:19:50,6a4f71d8-c22a-11ea-9878-dca63233aa46,1,1,1,-42,0.00006309573445,
185,DC:A6:32:33:AA:47,2020-07-09 16:19:50,6a4f71d8-c22a-11ea-9878-dca63233aa46,1,1,1,-42,0.00006309573445,
186,DC:A6:32:33:AA:47,2020-07-09 16:19:52,6a4f71d8-c22a-11ea-9878-dca63233aa46,1,1,1,-42,0.00006309573445,
187,DC:A6:32:33:AA:47,2020-07-09 16:19:54,6a4f71d8-c22a-11ea-9878-dca63233aa46,1,1,1,-53,0.000005011872336,
188,DC:A6:32:33:AA:47,2020-07-09 16:19:55,6a4f71d8-c22a-11ea-9878-dca63233aa46,1,1,1,-54,0.000003981071706,
189,DC:A6:32:33:AA:47,2020-07-09 16:19:57,6a4f71d8-c22a-11ea-9878-dca63233aa46,1,1,1,-44,0.00003981071706,
190,DC:A6:32:33:AA:47,2020-07-09 16:19:58,6a4f71d8-c22a-11ea-9878-dca63233aa46,1,1,1,-42,0.00006309573445,
191,DC:A6:32:33:AA:47,2020-07-09 16:20:00,6a4f71d8-c22a-11ea-9878-dca63233aa46,1,1,1,-44,0.00003981071706,
192,DC:A6:32:33:AA:47,2020-07-09 16:20:02,6a4f71d8-c22a-11ea-9878-dca63233aa46,1,1,1,-41,0.00007943282347,
193,DC:A6:32:33:AA:47,2020-07-09 16:20:04,6a4f71d8-c22a-11ea-9878-dca63233aa46,1,1,1,-42,0.00006309573445,
194,DC:A6:32:33:AA:47,2020-07-09 16:20:06,6a4f71d8-c22a-11ea-9878-dca63233aa46,1,1,1,-42,0.00006309573445,
195,DC:A6:32:33:AA:47,2020-07-09 16:20:08,6a4f71d8-c22a-11ea-9878-dca63233aa46,1,1,1,-42,0.00006309573445,
196,DC:A6:32:33:AA:47,2020-07-09 16:20:09,6a4f71d8-c22a-11ea-9878-dca63233aa46,1,1,1,-53,0.000005011872336,
197,DC:A6:32:33:AA:47,2020-07-09 16:20:11,6a4f71d8-c22a-11ea-9878-dca63233aa46,1,1,1,-42,0.00006309573445,
198,DC:A6:32:33:AA:47,2020-07-09 16:20:13,6a4f71d8-c22a-11ea-9878-dca63233aa46,1,1,1,-45,0.0000316227766,
199,DC:A6:32:33:AA:47,2020-07-09 16:20:15,6a4f71d8-c22a-11ea-9878-dca63233aa46,1,1,1,-53,0.000005011872336,
200,DC:A6:32:33:AA:47,2020-07-09 16:20:17,6a4f71d8-c22a-11ea-9878-dca63233aa46,1,1,1,-42,0.00006309573445,
201,DC:A6:32:33:AA:47,2020-07-09 16:20:19,6a4f71d8-c22a-11ea-9878-dca63233aa46,1,1,1,-41,0.00007943282347,
202,DC:A6:32:33:AA:47,2020-07-09 16:20:21,6a4f71d8-c22a-11ea-9878-dca63233aa46,1,1,1,-53,0.000005011872336,
203,DC:A6:32:33:AA:47,2020-07-09 16:20:23,6a4f71d8-c22a-11ea-9878-dca63233aa46,1,1,1,-53,0.000005011872336,
204,DC:A6:32:33:AA:47,2020-07-09 16:20:23,6a4f71d8-c22a-11ea-9878-dca63233aa46,1,1,1,-42,0.00006309573445,
205,DC:A6:32:33:AA:47,2020-07-09 16:20:25,6a4f71d8-c22a-11ea-9878-dca63233aa46,1,1,1,-42,0.00006309573445,
206,DC:A6:32:33:AA:47,2020-07-09 16:20:25,6a4f71d8-c22a-11ea-9878-dca63233aa46,1,1,1,-42,0.00006309573445,
207,DC:A6:32:33:AA:47,2020-07-09 16:20:26,6a4f71d8-c22a-11ea-9878-dca63233aa46,1,1,1,-53,0.000005011872336,
208,DC:A6:32:33:AA:47,2020-07-09 16:20:27,6a4f71d8-c22a-11ea-9878-dca63233aa46,1,1,1,-53,0.000005011872336,
209,DC:A6:32:33:AA:47,2020-07-09 16:20:29,6a4f71d8-c22a-11ea-9878-dca63233aa46,1,1,1,-53,0.000005011872336,
210,DC:A6:32:33:AA:47,2020-07-09 16:20:30,6a4f71d8-c22a-11ea-9878-dca63233aa46,1,1,1,-42,0.00006309573445,
211,DC:A6:32:33:AA:47,2020-07-09 16:20:31,6a4f71d8-c22a-11ea-9878-dca63233aa46,1,1,1,-53,0.000005011872336,
212,DC:A6:32:33:AA:47,2020-07-09 16:20:32,6a4f71d8-c22a-11ea-9878-dca63233aa46,1,1,1,-53,0.000005011872336,
213,DC:A6:32:33:AA:47,2020-07-09 16:20:33,6a4f71d8-c22a-11ea-9878-dca63233aa46,1,1,1,-53,0.000005011872336,
214,DC:A6:32:33:AA:47,2020-07-09 16:20:35,6a4f71d8-c22a-11ea-9878-dca63233aa46,1,1,1,-42,0.00006309573445,
215,DC:A6:32:33:AA:47,2020-07-09 16:20:37,6a4f71d8-c22a-11ea-9878-dca63233aa46,1,1,1,-44,0.00003981071706,
216,DC:A6:32:33:AA:47,2020-07-09 16:20:37,6a4f71d8-c22a-11ea-9878-dca63233aa46,1,1,1,-53,0.000005011872336,
217,DC:A6:32:33:AA:47,2020-07-09 16:20:39,6a4f71d8-c22a-11ea-9878-dca63233aa46,1,1,1,-42,0.00006309573445,
218,DC:A6:32:33:AA:47,2020-07-09 16:20:39,6a4f71d8-c22a-11ea-9878-dca63233aa46,1,1,1,-42,0.00006309573445,
219,DC:A6:32:33:AA:47,2020-07-09 16:20:41,6a4f71d8-c22a-11ea-9878-dca63233aa46,1,1,1,-42,0.00006309573445,
220,DC:A6:32:33:AA:47,2020-07-09 16:20:41,6a4f71d8-c22a-11ea-9878-dca63233aa46,1,1,1,-42,0.00006309573445,
221,DC:A6:32:33:AA:47,2020-07-09 16:20:42,6a4f71d8-c22a-11ea-9878-dca63233aa46,1,1,1,-42,0.00006309573445,
222,DC:A6:32:33:AA:47,2020-07-09 16:20:44,6a4f71d8-c22a-11ea-9878-dca63233aa46,1,1,1,-42,0.00006309573445,
223,DC:A6:32:33:AA:47,2020-07-09 16:20:45,6a4f71d8-c22a-11ea-9878-dca63233aa46,1,1,1,-42,0.00006309573445,
224,DC:A6:32:33:AA:47,2020-07-09 16:20:47,6a4f71d8-c22a-11ea-9878-dca63233aa46,1,1,1,-42,0.00006309573445,
225,DC:A6:32:33:AA:47,2020-07-09 16:20:49,6a4f71d8-c22a-11ea-9878-dca63233aa46,1,1,1,-53,0.000005011872336,
226,DC:A6:32:33:AA:47,2020-07-09 16:20:50,6a4f71d8-c22a-11ea-9878-dca63233aa46,1,1,1,-42,0.00006309573445,
227,DC:A6:32:33:AA:47,2020-07-09 16:20:51,6a4f71d8-c22a-11ea-9878-dca63233aa46,1,1,1,-53,0.000005011872336,
228,DC:A6:32:33:AA:47,2020-07-09 16:20:52,6a4f71d8-c22a-11ea-9878-dca63233aa46,1,1,1,-53,0.000005011872336,
229,DC:A6:32:33:AA:47,2020-07-09 16:20:53,6a4f71d8-c22a-11ea-9878-dca63233aa46,1,1,1,-41,0.00007943282347,
230,DC:A6:32:33:AA:47,2020-07-09 16:20:54,6a4f71d8-c22a-11ea-9878-dca63233aa46,1,1,1,-54,0.000003981071706,
231,DC:A6:32:33:AA:47,2020-07-09 16:20:55,6a4f71d8-c22a-11ea-9878-dca63233aa46,1,1,1,-54,0.000003981071706,
232,DC:A6:32:33:AA:47,2020-07-09 16:20:57,6a4f71d8-c22a-11ea-9878-dca63233aa46,1,1,1,-44,0.00003981071706,
233,DC:A6:32:33:AA:47,2020-07-09 16:20:59,6a4f71d8-c22a-11ea-9878-dca63233aa46,1,1,1,-42,0.00006309573445,
234,DC:A6:32:33:AA:47,2020-07-09 16:21:00,6a4f71d8-c22a-11ea-9878-dca63233aa46,1,1,1,-53,0.000005011872336,
235,DC:A6:32:33:AA:47,2020-07-09 16:21:01,6a4f71d8-c22a-11ea-9878-dca63233aa46,1,1,1,-53,0.000005011872336,
236,DC:A6:32:33:AA:47,2020-07-09 16:21:02,6a4f71d8-c22a-11ea-9878-dca63233aa46,1,1,1,-53,0.000005011872336,
237,DC:A6:32:33:AA:47,2020-07-09 16:21:03,6a4f71d8-c22a-11ea-9878-dca63233aa46,1,1,1,-53,0.000005011872336,
238,DC:A6:32:33:AA:47,2020-07-09 16:21:05,6a4f71d8-c22a-11ea-9878-dca63233aa46,1,1,1,-53,0.000005011872336,
239,DC:A6:32:33:AA:47,2020-07-09 16:21:06,6a4f71d8-c22a-11ea-9878-dca63233aa46,1,1,1,-53,0.000005011872336,
240,DC:A6:32:33:AA:47,2020-07-09 16:21:08,6a4f71d8-c22a-11ea-9878-dca63233aa46,1,1,1,-53,0.000005011872336,
241,DC:A6:32:33:AA:47,2020-07-09 16:21:08,6a4f71d8-c22a-11ea-9878-dca63233aa46,1,1,1,-42,0.00006309573445,
242,DC:A6:32:33:AA:47,2020-07-09 16:21:09,6a4f71d8-c22a-11ea-9878-dca63233aa46,1,1,1,-42,0.00006309573445,
243,DC:A6:32:33:AA:47,2020-07-09 16:21:11,6a4f71d8-c22a-11ea-9878-dca63233aa46,1,1,1,-54,0.000003981071706,
244,DC:A6:32:33:AA:47,2020-07-09 16:21:12,6a4f71d8-c22a-11ea-9878-dca63233aa46,1,1,1,-42,0.00006309573445,
245,DC:A6:32:33:AA:47,2020-07-09 16:21:14,6a4f71d8-c22a-11ea-9878-dca63233aa46,1,1,1,-42,0.00006309573445,
246,DC:A6:32:33:AA:47,2020-07-09 16:21:15,6a4f71d8-c22a-11ea-9878-dca63233aa46,1,1,1,-42,0.00006309573445,
247,DC:A6:32:33:AA:47,2020-07-09 16:21:17,6a4f71d8-c22a-11ea-9878-dca63233aa46,1,1,1,-42,0.00006309573445,
248,DC:A6:32:33:AA:47,2020-07-09 16:21:18,6a4f71d8-c22a-11ea-9878-dca63233aa46,1,1,1,-53,0.000005011872336,
249,DC:A6:32:33:AA:47,2020-07-09 16:21:18,6a4f71d8-c22a-11ea-9878-dca63233aa46,1,1,1,-52,0.000006309573445,
250,DC:A6:32:33:AA:47,2020-07-09 16:21:20,6a4f71d8-c22a-11ea-9878-dca63233aa46,1,1,1,-42,0.00006309573445,
251,DC:A6:32:33:AA:47,2020-07-09 16:21:22,6a4f71d8-c22a-11ea-9878-dca63233aa46,1,1,1,-42,0.00006309573445,
252,DC:A6:32:33:AA:47,2020-07-09 16:21:24,6a4f71d8-c22a-11ea-9878-dca63233aa46,1,1,1,-44,0.00003981071706,
253,DC:A6:32:33:AA:47,2020-07-09 16:21:25,6a4f71d8-c22a-11ea-9878-dca63233aa46,1,1,1,-53,0.000005011872336,
254,DC:A6:32:33:AA:47,2020-07-09 16:21:25,6a4f71d8-c22a-11ea-9878-dca63233aa46,1,1,1,-42,0.00006309573445,
255,DC:A6:32:33:AA:47,2020-07-09 16:21:27,6a4f71d8-c22a-11ea-9878-dca63233aa46,1,1,1,-53,0.000005011872336,
256,DC:A6:32:33:AA:47,2020-07-09 16:21:29,6a4f71d8-c22a-11ea-9878-dca63233aa46,1,1,1,-53,0.000005011872336,
257,DC:A6:32:33:AA:47,2020-07-09 16:21:31,6a4f71d8-c22a-11ea-9878-dca63233aa46,1,1,1,-42,0.00006309573445,
258,DC:A6:32:33:AA:47,2020-07-09 16:21:33,6a4f71d8-c22a-11ea-9878-dca63233aa46,1,1,1,-53,0.000005011872336,
259,DC:A6:32:33:AA:47,2020-07-09 16:21:35,6a4f71d8-c22a-11ea-9878-dca63233aa46,1,1,1,-42,0.00006309573445,
260,DC:A6:32:33:AA:47,2020-07-09 16:21:37,6a4f71d8-c22a-11ea-9878-dca63233aa46,1,1,1,-42,0.00006309573445,
261,DC:A6:32:33:AA:47,2020-07-09 16:21:39,6a4f71d8-c22a-11ea-9878-dca63233aa46,1,1,1,-42,0.00006309573445,
262,DC:A6:32:33:AA:47,2020-07-09 16:21:39,6a4f71d8-c22a-11ea-9878-dca63233aa46,1,1,1,-42,0.00006309573445,
263,DC:A6:32:33:AA:47,2020-07-09 16:21:41,6a4f71d8-c22a-11ea-9878-dca63233aa46,1,1,1,-53,0.000005011872336,
264,DC:A6:32:33:AA:47,2020-07-09 16:21:42,6a4f71d8-c22a-11ea-9878-dca63233aa46,1,1,1,-53,0.000005011872336,
265,DC:A6:32:33:AA:47,2020-07-09 16:21:43,6a4f71d8-c22a-11ea-9878-dca63233aa46,1,1,1,-44,0.00003981071706,
266,DC:A6:32:33:AA:47,2020-07-09 16:21:45,6a4f71d8-c22a-11ea-9878-dca63233aa46,1,1,1,-44,0.00003981071706,
267,DC:A6:32:33:AA:47,2020-07-09 16:21:47,6a4f71d8-c22a-11ea-9878-dca63233aa46,1,1,1,-42,0.00006309573445,
268,DC:A6:32:33:AA:47,2020-07-09 16:21:49,6a4f71d8-c22a-11ea-9878-dca63233aa46,1,1,1,-44,0.00003981071706,
269,DC:A6:32:33:AA:47,2020-07-09 16:21:51,6a4f71d8-c22a-11ea-9878-dca63233aa46,1,1,1,-53,0.000005011872336,
270,DC:A6:32:33:AA:47,2020-07-09 16:21:52,6a4f71d8-c22a-11ea-9878-dca63233aa46,1,1,1,-42,0.00006309573445,
271,DC:A6:32:33:AA:47,2020-07-09 16:21:52,6a4f71d8-c22a-11ea-9878-dca63233aa46,1,1,1,-53,0.000005011872336,
272,DC:A6:32:33:AA:47,2020-07-09 16:21:54,6a4f71d8-c22a-11ea-9878-dca63233aa46,1,1,1,-53,0.000005011872336,
273,DC:A6:32:33:AA:47,2020-07-09 16:21:56,6a4f71d8-c22a-11ea-9878-dca63233aa46,1,1,1,-53,0.000005011872336,
274,DC:A6:32:33:AA:47,2020-07-09 16:21:58,6a4f71d8-c22a-11ea-9878-dca63233aa46,1,1,1,-42,0.00006309573445,
275,DC:A6:32:33:AA:47,2020-07-09 16:22:00,6a4f71d8-c22a-11ea-9878-dca63233aa46,1,1,1,-53,0.000005011872336,
276,DC:A6:32:33:AA:47,2020-07-09 16:22:01,6a4f71d8-c22a-11ea-9878-dca63233aa46,1,1,1,-53,0.000005011872336,
277,DC:A6:32:33:AA:47,2020-07-09 16:22:03,6a4f71d8-c22a-11ea-9878-dca63233aa46,1,1,1,-42,0.00006309573445,
278,DC:A6:32:33:AA:47,2020-07-09 16:22:03,6a4f71d8-c22a-11ea-9878-dca63233aa46,1,1,1,-53,0.000005011872336,
279,DC:A6:32:33:AA:47,2020-07-09 16:22:04,6a4f71d8-c22a-11ea-9878-dca63233aa46,1,1,1,-53,0.000005011872336,
280,DC:A6:32:33:AA:47,2020-07-09 16:22:05,6a4f71d8-c22a-11ea-9878-dca63233aa46,1,1,1,-42,0.00006309573445,
281,DC:A6:32:33:AA:47,2020-07-09 16:22:06,6a4f71d8-c22a-11ea-9878-dca63233aa46,1,1,1,-53,0.000005011872336,
282,DC:A6:32:33:AA:47,2020-07-09 16:22:07,6a4f71d8-c22a-11ea-9878-dca63233aa46,1,1,1,-54,0.000003981071706,
283,DC:A6:32:33:AA:47,2020-07-09 16:22:08,6a4f71d8-c22a-11ea-9878-dca63233aa46,1,1,1,-42,0.00006309573445,
284,DC:A6:32:33:AA:47,2020-07-09 16:22:09,6a4f71d8-c22a-11ea-9878-dca63233aa46,1,1,1,-44,0.00003981071706,
285,DC:A6:32:33:AA:47,2020-07-09 16:22:10,6a4f71d8-c22a-11ea-9878-dca63233aa46,1,1,1,-44,0.00003981071706,
286,DC:A6:32:33:AA:47,2020-07-09 16:22:11,6a4f71d8-c22a-11ea-9878-dca63233aa46,1,1,1,-53,0.000005011872336,
287,DC:A6:32:33:AA:47,2020-07-09 16:22:13,6a4f71d8-c22a-11ea-9878-dca63233aa46,1,1,1,-42,0.00006309573445,
288,DC:A6:32:33:AA:47,2020-07-09 16:22:13,6a4f71d8-c22a-11ea-9878-dca63233aa46,1,1,1,-54,0.000003981071706,
289,DC:A6:32:33:AA:47,2020-07-09 16:22:14,6a4f71d8-c22a-11ea-9878-dca63233aa46,1,1,1,-42,0.00006309573445,
290,DC:A6:32:33:AA:47,2020-07-09 16:22:15,6a4f71d8-c22a-11ea-9878-dca63233aa46,1,1,1,-54,0.000003981071706,
291,DC:A6:32:33:AA:47,2020-07-09 16:22:17,6a4f71d8-c22a-11ea-9878-dca63233aa46,1,1,1,-45,0.0000316227766,
292,DC:A6:32:33:AA:47,2020-07-09 16:22:18,6a4f71d8-c22a-11ea-9878-dca63233aa46,1,1,1,-42,0.00006309573445,
293,DC:A6:32:33:AA:47,2020-07-09 16:22:20,6a4f71d8-c22a-11ea-9878-dca63233aa46,1,1,1,-45,0.0000316227766,
294,DC:A6:32:33:AA:47,2020-07-09 16:22:21,6a4f71d8-c22a-11ea-9878-dca63233aa46,1,1,1,-43,0.00005011872336,
295,DC:A6:32:33:AA:47,2020-07-09 16:22:22,6a4f71d8-c22a-11ea-9878-dca63233aa46,1,1,1,-42,0.00006309573445,
296,DC:A6:32:33:AA:47,2020-07-09 16:22:24,6a4f71d8-c22a-11ea-9878-dca63233aa46,1,1,1,-42,0.00006309573445,
297,DC:A6:32:33:AA:47,2020-07-09 16:22:25,6a4f71d8-c22a-11ea-9878-dca63233aa46,1,1,1,-44,0.00003981071706,
298,DC:A6:32:33:AA:47,2020-07-09 16:22:25,6a4f71d8-c22a-11ea-9878-dca63233aa46,1,1,1,-42,0.00006309573445,
299,DC:A6:32:33:AA:47,2020-07-09 16:22:27,6a4f71d8-c22a-11ea-9878-dca63233aa46,1,1,1,-53,0.000005011872336,
300,DC:A6:32:33:AA:47,2020-07-09 16:22:29,6a4f71d8-c22a-11ea-9878-dca63233aa46,1,1,1,-52,0.000006309573445,
301,DC:A6:32:33:AA:47,2020-07-09 16:22:30,6a4f71d8-c22a-11ea-9878-dca63233aa46,1,1,1,-53,0.000005011872336,
302,DC:A6:32:33:AA:47,2020-07-09 16:22:31,6a4f71d8-c22a-11ea-9878-dca63233aa46,1,1,1,-53,0.000005011872336,
303,DC:A6:32:33:AA:47,2020-07-09 16:22:32,6a4f71d8-c22a-11ea-9878-dca63233aa46,1,1,1,-42,0.00006309573445,
304,DC:A6:32:33:AA:47,2020-07-09 16:22:33,6a4f71d8-c22a-11ea-9878-dca63233aa46,1,1,1,-53,0.000005011872336,
305,DC:A6:32:33:AA:47,2020-07-09 16:22:35,6a4f71d8-c22a-11ea-9878-dca63233aa46,1,1,1,-42,0.00006309573445,
306,DC:A6:32:33:AA:47,2020-07-09 16:22:36,6a4f71d8-c22a-11ea-9878-dca63233aa46,1,1,1,-42,0.00006309573445,
307,DC:A6:32:33:AA:47,2020-07-09 16:22:37,6a4f71d8-c22a-11ea-9878-dca63233aa46,1,1,1,-42,0.00006309573445,
308,DC:A6:32:33:AA:47,2020-07-09 16:22:38,6a4f71d8-c22a-11ea-9878-dca63233aa46,1,1,1,-53,0.000005011872336,
309,DC:A6:32:33:AA:47,2020-07-09 16:22:39,6a4f71d8-c22a-11ea-9878-dca63233aa46,1,1,1,-42,0.00006309573445,
310,DC:A6:32:33:AA:47,2020-07-09 16:22:40,6a4f71d8-c22a-11ea-9878-dca63233aa46,1,1,1,-42,0.00006309573445,
311,DC:A6:32:33:AA:47,2020-07-09 16:22:42,6a4f71d8-c22a-11ea-9878-dca63233aa46,1,1,1,-42,0.00006309573445,
312,DC:A6:32:33:AA:47,2020-07-09 16:22:44,6a4f71d8-c22a-11ea-9878-dca63233aa46,1,1,1,-44,0.00003981071706,
313,DC:A6:32:33:AA:47,2020-07-09 16:22:46,6a4f71d8-c22a-11ea-9878-dca63233aa46,1,1,1,-42,0.00006309573445,
314,DC:A6:32:33:AA:47,2020-07-09 16:22:48,6a4f71d8-c22a-11ea-9878-dca63233aa46,1,1,1,-54,0.000003981071706,
315,DC:A6:32:33:AA:47,2020-07-09 16:22:49,6a4f71d8-c22a-11ea-9878-dca63233aa46,1,1,1,-44,0.00003981071706,
316,DC:A6:32:33:AA:47,2020-07-09 16:22:51,6a4f71d8-c22a-11ea-9878-dca63233aa46,1,1,1,-53,0.000005011872336,
317,DC:A6:32:33:AA:47,2020-07-09 16:22:52,6a4f71d8-c22a-11ea-9878-dca63233aa46,1,1,1,-53,0.000005011872336,
318,DC:A6:32:33:AA:47,2020-07-09 16:22:54,6a4f71d8-c22a-11ea-9878-dca63233aa46,1,1,1,-43,0.00005011872336,
319,DC:A6:32:33:AA:47,2020-07-09 16:22:54,6a4f71d8-c22a-11ea-9878-dca63233aa46,1,1,1,-43,0.00005011872336,
320,DC:A6:32:33:AA:47,2020-07-09 16:22:56,6a4f71d8-c22a-11ea-9878-dca63233aa46,1,1,1,-54,0.000003981071706,
321,DC:A6:32:33:AA:47,2020-07-09 16:22:58,6a4f71d8-c22a-11ea-9878-dca63233aa46,1,1,1,-45,0.0000316227766,
322,DC:A6:32:33:AA:47,2020-07-09 16:22:59,6a4f71d8-c22a-11ea-9878-dca63233aa46,1,1,1,-54,0.000003981071706,
323,DC:A6:32:33:AA:47,2020-07-09 16:23:01,6a4f71d8-c22a-11ea-9878-dca63233aa46,1,1,1,-53,0.000005011872336,
324,DC:A6:32:33:AA:47,2020-07-09 16:23:02,6a4f71d8-c22a-11ea-9878-dca63233aa46,1,1,1,-42,0.00006309573445,
325,DC:A6:32:33:AA:47,2020-07-09 16:23:03,6a4f71d8-c22a-11ea-9878-dca63233aa46,1,1,1,-42,0.00006309573445,
326,DC:A6:32:33:AA:47,2020-07-09 16:23:05,6a4f71d8-c22a-11ea-9878-dca63233aa46,1,1,1,-52,0.000006309573445,
327,DC:A6:32:33:AA:47,2020-07-09 16:23:06,6a4f71d8-c22a-11ea-9878-dca63233aa46,1,1,1,-53,0.000005011872336,
328,DC:A6:32:33:AA:47,2020-07-09 16:23:08,6a4f71d8-c22a-11ea-9878-dca63233aa46,1,1,1,-53,0.000005011872336,
329,DC:A6:32:33:AA:47,2020-07-09 16:23:10,6a4f71d8-c22a-11ea-9878-dca63233aa46,1,1,1,-53,0.000005011872336,
330,DC:A6:32:33:AA:47,2020-07-09 16:23:10,6a4f71d8-c22a-11ea-9878-dca63233aa46,1,1,1,-42,0.00006309573445,
331,DC:A6:32:33:AA:47,2020-07-09 16:23:11,6a4f71d8-c22a-11ea-9878-dca63233aa46,1,1,1,-42,0.00006309573445,
332,DC:A6:32:33:AA:47,2020-07-09 16:23:12,6a4f71d8-c22a-11ea-9878-dca63233aa46,1,1,1,-42,0.00006309573445,
333,DC:A6:32:33:AA:47,2020-07-09 16:23:13,6a4f71d8-c22a-11ea-9878-dca63233aa46,1,1,1,-53,0.000005011872336,
334,DC:A6:32:33:AA:47,2020-07-09 16:23:15,6a4f71d8-c22a-11ea-9878-dca63233aa46,1,1,1,-42,0.00006309573445,
335,DC:A6:32:33:AA:47,2020-07-09 16:23:16,6a4f71d8-c22a-11ea-9878-dca63233aa46,1,1,1,-53,0.000005011872336,
336,DC:A6:32:33:AA:47,2020-07-09 16:23:18,6a4f71d8-c22a-11ea-9878-dca63233aa46,1,1,1,-52,0.000006309573445,
337,DC:A6:32:33:AA:47,2020-07-09 16:23:20,6a4f71d8-c22a-11ea-9878-dca63233aa46,1,1,1,-42,0.00006309573445,
338,DC:A6:32:33:AA:47,2020-07-09 16:23:22,6a4f71d8-c22a-11ea-9878-dca63233aa46,1,1,1,-42,0.00006309573445,
339,DC:A6:32:33:AA:47,2020-07-09 16:23:24,6a4f71d8-c22a-11ea-9878-dca63233aa46,1,1,1,-52,0.000006309573445,
340,DC:A6:32:33:AA:47,2020-07-09 16:23:26,6a4f71d8-c22a-11ea-9878-dca63233aa46,1,1,1,-44,0.00003981071706,
341,DC:A6:32:33:AA:47,2020-07-09 16:23:28,6a4f71d8-c22a-11ea-9878-dca63233aa46,1,1,1,-42,0.00006309573445,
342,DC:A6:32:33:AA:47,2020-07-09 16:23:30,6a4f71d8-c22a-11ea-9878-dca63233aa46,1,1,1,-53,0.000005011872336,
343,DC:A6:32:33:AA:47,2020-07-09 16:23:30,6a4f71d8-c22a-11ea-9878-dca63233aa46,1,1,1,-42,0.00006309573445,
344,DC:A6:32:33:AA:47,2020-07-09 16:23:31,6a4f71d8-c22a-11ea-9878-dca63233aa46,1,1,1,-43,0.00005011872336,
345,DC:A6:32:33:AA:47,2020-07-09 16:23:33,6a4f71d8-c22a-11ea-9878-dca63233aa46,1,1,1,-44,0.00003981071706,
346,DC:A6:32:33:AA:47,2020-07-09 16:23:35,6a4f71d8-c22a-11ea-9878-dca63233aa46,1,1,1,-44,0.00003981071706,
347,DC:A6:32:33:AA:47,2020-07-09 16:23:37,6a4f71d8-c22a-11ea-9878-dca63233aa46,1,1,1,-42,0.00006309573445,
348,DC:A6:32:33:AA:47,2020-07-09 16:23:39,6a4f71d8-c22a-11ea-9878-dca63233aa46,1,1,1,-43,0.00005011872336,
349,DC:A6:32:33:AA:47,2020-07-09 16:23:41,6a4f71d8-c22a-11ea-9878-dca63233aa46,1,1,1,-54,0.000003981071706,
350,DC:A6:32:33:AA:47,2020-07-09 16:23:42,6a4f71d8-c22a-11ea-9878-dca63233aa46,1,1,1,-42,0.00006309573445,
351,DC:A6:32:33:AA:47,2020-07-09 16:23:44,6a4f71d8-c22a-11ea-9878-dca63233aa46,1,1,1,-42,0.00006309573445,
352,DC:A6:32:33:AA:47,2020-07-09 16:23:46,6a4f71d8-c22a-11ea-9878-dca63233aa46,1,1,1,-42,0.00006309573445,
353,DC:A6:32:33:AA:47,2020-07-09 16:23:48,6a4f71d8-c22a-11ea-9878-dca63233aa46,1,1,1,-53,0.000005011872336,
354,DC:A6:32:33:AA:47,2020-07-09 16:23:50,6a4f71d8-c22a-11ea-9878-dca63233aa46,1,1,1,-42,0.00006309573445,
355,DC:A6:32:33:AA:47,2020-07-09 16:23:51,6a4f71d8-c22a-11ea-9878-dca63233aa46,1,1,1,-44,0.00003981071706,
356,DC:A6:32:33:AA:47,2020-07-09 16:23:53,6a4f71d8-c22a-11ea-9878-dca63233aa46,1,1,1,-43,0.00005011872336,
357,DC:A6:32:33:AA:47,2020-07-09 16:23:55,6a4f71d8-c22a-11ea-9878-dca63233aa46,1,1,1,-45,0.0000316227766,
358,DC:A6:32:33:AA:47,2020-07-09 16:23:57,6a4f71d8-c22a-11ea-9878-dca63233aa46,1,1,1,-42,0.00006309573445,
359,DC:A6:32:33:AA:47,2020-07-09 16:23:58,6a4f71d8-c22a-11ea-9878-dca63233aa46,1,1,1,-42,0.00006309573445,
360,DC:A6:32:33:AA:47,2020-07-09 16:24:00,6a4f71d8-c22a-11ea-9878-dca63233aa46,1,1,1,-53,0.000005011872336,
361,DC:A6:32:33:AA:47,2020-07-09 16:24:02,6a4f71d8-c22a-11ea-9878-dca63233aa46,1,1,1,-42,0.00006309573445,
362,DC:A6:32:33:AA:47,2020-07-09 16:24:02,6a4f71d8-c22a-11ea-9878-dca63233aa46,1,1,1,-42,0.00006309573445,
363,DC:A6:32:33:AA:47,2020-07-09 16:24:04,6a4f71d8-c22a-11ea-9878-dca63233aa46,1,1,1,-42,0.00006309573445,
364,DC:A6:32:33:AA:47,2020-07-09 16:24:04,6a4f71d8-c22a-11ea-9878-dca63233aa46,1,1,1,-42,0.00006309573445,
365,DC:A6:32:33:AA:47,2020-07-09 16:24:06,6a4f71d8-c22a-11ea-9878-dca63233aa46,1,1,1,-53,0.000005011872336,
366,DC:A6:32:33:AA:47,2020-07-09 16:24:07,6a4f71d8-c22a-11ea-9878-dca63233aa46,1,1,1,-44,0.00003981071706,
367,DC:A6:32:33:AA:47,2020-07-09 16:24:09,6a4f71d8-c22a-11ea-9878-dca63233aa46,1,1,1,-53,0.000005011872336,
368,DC:A6:32:33:AA:47,2020-07-09 16:24:11,6a4f71d8-c22a-11ea-9878-dca63233aa46,1,1,1,-44,0.00003981071706,
369,DC:A6:32:33:AA:47,2020-07-09 16:24:11,6a4f71d8-c22a-11ea-9878-dca63233aa46,1,1,1,-53,0.000005011872336,
370,DC:A6:32:33:AA:47,2020-07-09 16:24:13,6a4f71d8-c22a-11ea-9878-dca63233aa46,1,1,1,-53,0.000005011872336,
371,DC:A6:32:33:AA:47,2020-07-09 16:24:15,6a4f71d8-c22a-11ea-9878-dca63233aa46,1,1,1,-42,0.00006309573445,
372,DC:A6:32:33:AA:47,2020-07-09 16:24:17,6a4f71d8-c22a-11ea-9878-dca63233aa46,1,1,1,-42,0.00006309573445,
373,DC:A6:32:33:AA:47,2020-07-09 16:24:19,6a4f71d8-c22a-11ea-9878-dca63233aa46,1,1,1,-54,0.000003981071706,
374,DC:A6:32:33:AA:47,2020-07-09 16:24:21,6a4f71d8-c22a-11ea-9878-dca63233aa46,1,1,1,-54,0.000003981071706,
375,DC:A6:32:33:AA:47,2020-07-09 16:24:23,6a4f71d8-c22a-11ea-9878-dca63233aa46,1,1,1,-44,0.00003981071706,
376,DC:A6:32:33:AA:47,2020-07-09 16:24:25,6a4f71d8-c22a-11ea-9878-dca63233aa46,1,1,1,-54,0.000003981071706,
377,DC:A6:32:33:AA:47,2020-07-09 16:24:27,6a4f71d8-c22a-11ea-9878-dca63233aa46,1,1,1,-44,0.00003981071706,
378,DC:A6:32:33:AA:47,2020-07-09 16:24:29,6a4f71d8-c22a-11ea-9878-dca63233aa46,1,1,1,-44,0.00003981071706,
379,DC:A6:32:33:AA:47,2020-07-09 16:24:31,6a4f71d8-c22a-11ea-9878-dca63233aa46,1,1,1,-54,0.000003981071706,
380,DC:A6:32:33:AA:47,2020-07-09 16:24:33,6a4f71d8-c22a-11ea-9878-dca63233aa46,1,1,1,-42,0.00006309573445,
381,DC:A6:32:33:AA:47,2020-07-09 16:24:34,6a4f71d8-c22a-11ea-9878-dca63233aa46,1,1,1,-42,0.00006309573445,
382,DC:A6:32:33:AA:47,2020-07-09 16:24:35,6a4f71d8-c22a-11ea-9878-dca63233aa46,1,1,1,-42,0.00006309573445,
383,DC:A6:32:33:AA:47,2020-07-09 16:24:37,6a4f71d8-c22a-11ea-9878-dca63233aa46,1,1,1,-42,0.00006309573445,
384,DC:A6:32:33:AA:47,2020-07-09 16:24:37,6a4f71d8-c22a-11ea-9878-dca63233aa46,1,1,1,-44,0.00003981071706,
385,DC:A6:32:33:AA:47,2020-07-09 16:24:38,6a4f71d8-c22a-11ea-9878-dca63233aa46,1,1,1,-53,0.000005011872336,
386,DC:A6:32:33:AA:47,2020-07-09 16:24:40,6a4f71d8-c22a-11ea-9878-dca63233aa46,1,1,1,-54,0.000003981071706,
387,DC:A6:32:33:AA:47,2020-07-09 16:24:42,6a4f71d8-c22a-11ea-9878-dca63233aa46,1,1,1,-42,0.00006309573445,
388,DC:A6:32:33:AA:47,2020-07-09 16:24:42,6a4f71d8-c22a-11ea-9878-dca63233aa46,1,1,1,-41,0.00007943282347,
389,DC:A6:32:33:AA:47,2020-07-09 16:24:44,6a4f71d8-c22a-11ea-9878-dca63233aa46,1,1,1,-42,0.00006309573445,
390,DC:A6:32:33:AA:47,2020-07-09 16:24:46,6a4f71d8-c22a-11ea-9878-dca63233aa46,1,1,1,-53,0.000005011872336,
391,DC:A6:32:33:AA:47,2020-07-09 16:24:48,6a4f71d8-c22a-11ea-9878-dca63233aa46,1,1,1,-53,0.000005011872336,
392,DC:A6:32:33:AA:47,2020-07-09 16:24:50,6a4f71d8-c22a-11ea-9878-dca63233aa46,1,1,1,-53,0.000005011872336,
393,DC:A6:32:33:AA:47,2020-07-09 16:24:50,6a4f71d8-c22a-11ea-9878-dca63233aa46,1,1,1,-42,0.00006309573445,
394,DC:A6:32:33:AA:47,2020-07-09 16:24:52,6a4f71d8-c22a-11ea-9878-dca63233aa46,1,1,1,-42,0.00006309573445,
395,DC:A6:32:33:AA:47,2020-07-09 16:24:54,6a4f71d8-c22a-11ea-9878-dca63233aa46,1,1,1,-45,0.0000316227766,
396,DC:A6:32:33:AA:47,2020-07-09 16:24:56,6a4f71d8-c22a-11ea-9878-dca63233aa46,1,1,1,-42,0.00006309573445,
397,DC:A6:32:33:AA:47,2020-07-09 16:24:58,6a4f71d8-c22a-11ea-9878-dca63233aa46,1,1,1,-52,0.000006309573445,
398,DC:A6:32:33:AA:47,2020-07-09 16:24:59,6a4f71d8-c22a-11ea-9878-dca63233aa46,1,1,1,-53,0.000005011872336,
399,DC:A6:32:33:AA:47,2020-07-09 16:25:00,6a4f71d8-c22a-11ea-9878-dca63233aa46,1,1,1,-53,0.000005011872336,
400,DC:A6:32:33:AA:47,2020-07-09 16:25:01,6a4f71d8-c22a-11ea-9878-dca63233aa46,1,1,1,-42,0.00006309573445,
401,DC:A6:32:33:AA:47,2020-07-09 16:25:03,6a4f71d8-c22a-11ea-9878-dca63233aa46,1,1,1,-42,0.00006309573445,
402,DC:A6:32:33:AA:47,2020-07-09 16:25:03,6a4f71d8-c22a-11ea-9878-dca63233aa46,1,1,1,-53,0.000005011872336,
403,DC:A6:32:33:AA:47,2020-07-09 16:25:05,6a4f71d8-c22a-11ea-9878-dca63233aa46,1,1,1,-44,0.00003981071706,
404,DC:A6:32:33:AA:47,2020-07-09 16:25:06,6a4f71d8-c22a-11ea-9878-dca63233aa46,1,1,1,-42,0.00006309573445,
405,DC:A6:32:33:AA:47,2020-07-09 16:25:07,6a4f71d8-c22a-11ea-9878-dca63233aa46,1,1,1,-41,0.00007943282347,
406,DC:A6:32:33:AA:47,2020-07-09 16:25:08,6a4f71d8-c22a-11ea-9878-dca63233aa46,1,1,1,-44,0.00003981071706,
407,DC:A6:32:33:AA:47,2020-07-09 16:25:10,6a4f71d8-c22a-11ea-9878-dca63233aa46,1,1,1,-44,0.00003981071706,
408,DC:A6:32:33:AA:47,2020-07-09 16:25:12,6a4f71d8-c22a-11ea-9878-dca63233aa46,1,1,1,-53,0.000005011872336,
409,DC:A6:32:33:AA:47,2020-07-09 16:25:14,6a4f71d8-c22a-11ea-9878-dca63233aa46,1,1,1,-42,0.00006309573445,
410,DC:A6:32:33:AA:47,2020-07-09 16:25:16,6a4f71d8-c22a-11ea-9878-dca63233aa46,1,1,1,-42,0.00006309573445,
411,DC:A6:32:33:AA:47,2020-07-09 16:25:17,6a4f71d8-c22a-11ea-9878-dca63233aa46,1,1,1,-42,0.00006309573445,
412,DC:A6:32:33:AA:47,2020-07-09 16:25:19,6a4f71d8-c22a-11ea-9878-dca63233aa46,1,1,1,-42,0.00006309573445,
413,DC:A6:32:33:AA:47,2020-07-09 16:25:19,6a4f71d8-c22a-11ea-9878-dca63233aa46,1,1,1,-42,0.00006309573445,
414,DC:A6:32:33:AA:47,2020-07-09 16:25:21,6a4f71d8-c22a-11ea-9878-dca63233aa46,1,1,1,-42,0.00006309573445,
415,DC:A6:32:33:AA:47,2020-07-09 16:25:21,6a4f71d8-c22a-11ea-9878-dca63233aa46,1,1,1,-41,0.00007943282347,
416,DC:A6:32:33:AA:47,2020-07-09 16:25:23,6a4f71d8-c22a-11ea-9878-dca63233aa46,1,1,1,-42,0.00006309573445,
417,DC:A6:32:33:AA:47,2020-07-09 16:25:24,6a4f71d8-c22a-11ea-9878-dca63233aa46,1,1,1,-54,0.000003981071706,
418,DC:A6:32:33:AA:47,2020-07-09 16:25:26,6a4f71d8-c22a-11ea-9878-dca63233aa46,1,1,1,-41,0.00007943282347,
419,DC:A6:32:33:AA:47,2020-07-09 16:25:28,6a4f71d8-c22a-11ea-9878-dca63233aa46,1,1,1,-55,0.00000316227766,
420,DC:A6:32:33:AA:47,2020-07-09 16:25:29,6a4f71d8-c22a-11ea-9878-dca63233aa46,1,1,1,-42,0.00006309573445,
421,DC:A6:32:33:AA:47,2020-07-09 16:25:30,6a4f71d8-c22a-11ea-9878-dca63233aa46,1,1,1,-42,0.00006309573445,
422,DC:A6:32:33:AA:47,2020-07-09 16:25:32,6a4f71d8-c22a-11ea-9878-dca63233aa46,1,1,1,-44,0.00003981071706,
423,DC:A6:32:33:AA:47,2020-07-09 16:25:33,6a4f71d8-c22a-11ea-9878-dca63233aa46,1,1,1,-42,0.00006309573445,