SCAN,2ft_5,2ft_4,2ft_3,2ft_2,2ft_1,Avg,Cum Sum
0,0.0005011872336,0.0001,0.0001258925412,0.0001258925412,0.0001258925412,0.0001957729714,0.0001957729714
1,0.0001258925412,0.0001,0.0001258925412,0.0001,0.0001,0.0001103570165,0.0003061299879
2,0.0001258925412,0.0001258925412,0.0001258925412,0.0001,0.0003981071706,0.0001751569588,0.0004812869468
3,0.0005011872336,0.0001258925412,0.0005011872336,0.0001258925412,0.0005011872336,0.0003510693566,0.0008323563034
4,0.0001258925412,0.0001,0.0005011872336,0.0001584893192,0.0003981071706,0.0002567352529,0.001089091556
5,0.0001258925412,0.0001258925412,0.0001,0.0001258925412,0.0001584893192,0.0001272333886,0.001216324945
6,0.0001258925412,0.0001258925412,0.0001,0.0003981071706,0.0001258925412,0.0001751569588,0.001391481904
7,0.0005011872336,0.0001258925412,0.0001258925412,0.0001258925412,0.0001258925412,0.0002009514797,0.001592433383
8,0.0001258925412,0.0001258925412,0.0003981071706,0.0001258925412,0.0005011872336,0.0002553944056,0.001847827789
9,0.0005011872336,0.0005011872336,0.0001995262315,0.0001258925412,0.0001258925412,0.0002907371562,0.002138564945
10,0.0005011872336,0.0001258925412,0.0001,0.0005011872336,0.0001258925412,0.0002708319099,0.002409396855
11,0.0001258925412,0.0003981071706,0.0001584893192,0.0001258925412,0.0003981071706,0.0002412977486,0.002650694604
12,0.0005011872336,0.0001258925412,0.0003981071706,0.0001258925412,0.0001258925412,0.0002553944056,0.002906089009
13,0.0001584893192,0.0001,0.0001584893192,0.0001584893192,0.0001258925412,0.0001402720998,0.003046361109
14,0.0001258925412,0.0001,0.0001258925412,0.0001258925412,0.0005011872336,0.0001957729714,0.00324213408
15,0.0001258925412,0.0001,0.0003981071706,0.0001258925412,0.0005011872336,0.0002502158973,0.003492349978
16,0.0006309573445,0.0003981071706,0.0001995262315,0.0001258925412,0.0003981071706,0.0003505180917,0.003842868069
17,0.0001258925412,0.0001258925412,0.0001258925412,0.0005011872336,0.0005011872336,0.0002760104182,0.004118878488
18,0.0001258925412,0.0001258925412,0.0001258925412,0.0001258925412,0.0001258925412,0.0001258925412,0.004244771029
19,0.0001258925412,0.0001258925412,0.0001258925412,0.0001258925412,0.0005011872336,0.0002009514797,0.004445722508
20,0.0003981071706,0.0001258925412,0.0003981071706,0.0003981071706,0.0005011872336,0.0003642802573,0.004810002766
21,0.0005011872336,0.0003981071706,0.0001258925412,0.0005011872336,0.0001584893192,0.0003369726996,0.005146975465
22,0.0005011872336,0.0001258925412,0.0001584893192,0.0003981071706,0.0001258925412,0.0002619137612,0.005408889227
23,0.0001584893192,0.0001258925412,0.0003981071706,0.0005011872336,0.0001584893192,0.0002684331168,0.005677322343
24,0.0005011872336,0.0001258925412,0.0001258925412,0.00006309573445,0.0001258925412,0.0001883921183,0.005865714462
25,0.0005011872336,0.0001258925412,0.0001258925412,0.0001258925412,0.0005011872336,0.0002760104182,0.00614172488
26,0.0005011872336,0.0005011872336,0.0001258925412,0.0001584893192,0.0001258925412,0.0002825297738,0.006424254654
27,0.0001258925412,0.0001258925412,0.0001258925412,0.0005011872336,0.0005011872336,0.0002760104182,0.006700265072
28,0.0001258925412,0.0001258925412,0.0001258925412,0.0001258925412,0.0005011872336,0.0002009514797,0.006901216551
29,0.0001258925412,0.0001258925412,0.0001258925412,0.0001584893192,0.0003981071706,0.0001868548227,0.007088071374
30,0.0001258925412,0.0001258925412,0.0001258925412,0.0001258925412,0.0001258925412,0.0001258925412,0.007213963915
31,0.0001995262315,0.0001258925412,0.0001,0.0001258925412,0.0003981071706,0.0001898836969,0.007403847612
32,0.0001258925412,0.0001258925412,0.0001258925412,0.0001258925412,0.0001584893192,0.0001324118968,0.007536259509
33,0.0001258925412,0.0003981071706,0.0003981071706,0.0001258925412,0.0001584893192,0.0002412977486,0.007777557258
34,0.0001258925412,0.0001258925412,0.0001258925412,0.0003981071706,0.0001258925412,0.0001803354671,0.007957892725
35,0.0001258925412,0.0001258925412,0.0003981071706,0.0001258925412,0.0003981071706,0.000234778393,0.008192671118
36,0.0001258925412,0.0001258925412,0.0003981071706,0.0001258925412,0.0001584893192,0.0001868548227,0.00837952594
37,0.0005011872336,0.0001258925412,0.0001258925412,0.0001258925412,0.0001258925412,0.0002009514797,0.00858047742
38,0.0001258925412,0.0001258925412,0.0003981071706,0.0001584893192,0.0001584893192,0.0001933741783,0.008773851598
39,0.0001258925412,0.0001258925412,0.0001258925412,0.0005011872336,0.0001258925412,0.0002009514797,0.008974803078
40,0.0001258925412,0.0001258925412,0.0001258925412,0.0001258925412,0.0001258925412,0.0001258925412,0.009100695619
41,0.0001258925412,0.0001258925412,0.0003981071706,0.0001258925412,0.0001258925412,0.0001803354671,0.009281031086
42,0.0001258925412,0.0001258925412,0.0001,0.0001584893192,0.0005011872336,0.000202292327,0.009483323413
43,0.0001584893192,0.0001258925412,0.0003981071706,0.0001258925412,0.0001258925412,0.0001868548227,0.009670178236
44,0.0001258925412,0.0001258925412,0.0001258925412,0.0001258925412,0.0001584893192,0.0001324118968,0.009802590133
45,0.0005011872336,0.0001,0.0003981071706,0.0001258925412,0.0003981071706,0.0003046588232,0.01010724896
46,0.0005011872336,0.0001258925412,0.0001258925412,0.0001258925412,0.0005011872336,0.0002760104182,0.01038325937
47,0.0001258925412,0.0001258925412,0.0001258925412,0.0001,0.0001258925412,0.000120714033,0.01050397341
48,0.0005011872336,0.0001258925412,0.0003981071706,0.0005011872336,0.0001258925412,0.000330453344,0.01083442675
49,0.0005011872336,0.0005011872336,0.0005011872336,0.0001258925412,0.0001258925412,0.0003510693566,0.01118549611
50,0.0001258925412,0.0001258925412,0.0005011872336,0.0001258925412,0.0005011872336,0.0002760104182,0.01146150653
51,0.0001258925412,0.0003981071706,0.0001258925412,0.0001258925412,0.0001584893192,0.0001868548227,0.01164836135
52,0.0001258925412,0.0001258925412,0.0005011872336,0.0001258925412,0.0005011872336,0.0002760104182,0.01192437177
53,0.0005011872336,0.0003981071706,0.0005011872336,0.0005011872336,0.0001258925412,0.0004055122825,0.01232988405
54,0.0005011872336,0.0001258925412,0.0001258925412,0.0001584893192,0.0001584893192,0.0002139901909,0.01254387424
55,0.0001258925412,0.0001258925412,0.0001258925412,0.0001258925412,0.0001258925412,0.0001258925412,0.01266976678
56,0.0005011872336,0.0001258925412,0.0001258925412,0.0005011872336,0.0005011872336,0.0003510693566,0.01302083614
57,0.0001584893192,0.0001258925412,0.0001258925412,0.0001258925412,0.0005011872336,0.0002074708353,0.01322830697
58,0.0001258925412,0.0001258925412,0.0001258925412,0.0003981071706,0.0001258925412,0.0001803354671,0.01340864244
59,0.0001258925412,0.0001258925412,0.0001584893192,0.0001,0.0005011872336,0.000202292327,0.01361093477
60,0.0001584893192,0.0001258925412,0.0001258925412,0.0001258925412,0.0005011872336,0.0002074708353,0.0138184056
61,0.0001258925412,0.0001258925412,0.0001258925412,0.0001258925412,0.0001,0.000120714033,0.01393911964
62,0.0001258925412,0.0001258925412,0.0001,0.0001584893192,0.0005011872336,0.000202292327,0.01414141196
63,0.0001584893192,0.0001258925412,0.0001584893192,0.0001258925412,0.0001258925412,0.0001389312524,0.01428034322
64,0.0001258925412,0.0001258925412,0.0005011872336,0.0001584893192,0.0001,0.000202292327,0.01448263554
65,0.0005011872336,0.0001258925412,0.0001258925412,0.0001258925412,0.0001258925412,0.0002009514797,0.01468358702
66,0.0005011872336,0.0001258925412,0.0001258925412,0.0001584893192,0.0005011872336,0.0002825297738,0.0149661168
67,0.0001584893192,0.0001258925412,0.0001584893192,0.0001258925412,0.0001258925412,0.0001389312524,0.01510504805
68,0.0005011872336,0.0001258925412,0.0001258925412,0.0001258925412,0.0001258925412,0.0002009514797,0.01530599953
69,0.0001584893192,0.0001258925412,0.0001584893192,0.0005011872336,0.0005011872336,0.0002890491294,0.01559504866
70,0.0005011872336,0.0001258925412,0.0001258925412,0.0001258925412,0.0001258925412,0.0002009514797,0.01579600014
71,0.0001584893192,0.0001258925412,0.0001584893192,0.0001258925412,0.0001258925412,0.0001389312524,0.01593493139
72,0.0001584893192,0.0003981071706,0.0001258925412,0.0001584893192,0.0001258925412,0.0001933741783,0.01612830557
73,0.0001258925412,0.0001258925412,0.0003981071706,0.0001258925412,0.0001584893192,0.0001868548227,0.01631516039
74,0.0001258925412,0.0003981071706,0.0001258925412,0.0001258925412,0.0001584893192,0.0001868548227,0.01650201521
75,0.0001258925412,0.0001258925412,0.0001258925412,0.0005011872336,0.0001258925412,0.0002009514797,0.01670296669
76,0.0005011872336,0.0003981071706,0.0005011872336,0.0001258925412,0.0001258925412,0.000330453344,0.01703342004
77,0.0005011872336,0.0001258925412,0.0001258925412,0.0001584893192,0.0005011872336,0.0002825297738,0.01731594981
78,0.0005011872336,0.0001258925412,0.0001258925412,0.0001258925412,0.0001258925412,0.0002009514797,0.01751690129
79,0.0001258925412,0.0005011872336,0.0005011872336,0.0001258925412,0.0001258925412,0.0002760104182,0.01779291171
80,0.0001258925412,0.0001258925412,0.0001,0.0005011872336,0.0001258925412,0.0001957729714,0.01798868468
81,0.0005011872336,0.0001258925412,0.0001,0.0001258925412,0.0001258925412,0.0001957729714,0.01818445765
82,0.0001258925412,0.0001258925412,0.0001258925412,0.0003981071706,0.0001584893192,0.0001868548227,0.01837131247
83,0.0003981071706,0.0001258925412,0.0003981071706,0.0001,0.0001258925412,0.0002295998847,0.01860091236
84,0.0005011872336,0.0001258925412,0.0001258925412,0.0003981071706,0.0001258925412,0.0002553944056,0.01885630676
85,0.0005011872336,0.0001258925412,0.0001258925412,0.0003981071706,0.0001258925412,0.0002553944056,0.01911170117
86,0.0005011872336,0.0001258925412,0.0001258925412,0.0001258925412,0.0001,0.0001957729714,0.01930747414
87,0.0001258925412,0.0003981071706,0.0001258925412,0.0003981071706,0.0001258925412,0.000234778393,0.01954225253
88,0.0001258925412,0.0003981071706,0.0001,0.0001258925412,0.0001258925412,0.0001751569588,0.01971740949
89,0.0005011872336,0.0001258925412,0.0001258925412,0.0001258925412,0.0001258925412,0.0002009514797,0.01991836097
90,0.0005011872336,0.0001258925412,0.0001584893192,0.0001258925412,0.0001258925412,0.0002074708353,0.02012583181
91,0.0003981071706,0.0003981071706,0.0005011872336,0.0001258925412,0.0005011872336,0.0003848962699,0.02051072808
92,0.0001258925412,0.0001258925412,0.0001258925412,0.0001258925412,0.0005011872336,0.0002009514797,0.02071167956
93,0.0001,0.0001258925412,0.0001258925412,0.0001258925412,0.0001584893192,0.0001272333886,0.02083891295
94,0.0001258925412,0.0003981071706,0.0001258925412,0.0001584893192,0.0001258925412,0.0001868548227,0.02102576777
95,0.0003981071706,0.0003981071706,0.0003981071706,0.0005011872336,0.0005011872336,0.0004393391958,0.02146510696
96,0.0001258925412,0.0003981071706,0.0003981071706,0.0003981071706,0.0001258925412,0.0002892213188,0.02175432828
97,0.0005011872336,0.0001258925412,0.0001258925412,0.0001258925412,0.000000007943282347,0.0001757745601,0.02193010284
98,0.0001258925412,0.0001258925412,0.0001258925412,0.0001258925412,0.0005011872336,0.0002009514797,0.02213105432
99,0.0005011872336,0.0001258925412,0.0001258925412,0.0001258925412,0.000000001584893192,0.0001757732884,0.02230682761
100,0.0005011872336,0.0001258925412,0.0001,0.0001,0.0001258925412,0.0001905944632,0.02249742207
101,0.0005011872336,0.0001258925412,0.0001258925412,0.0001258925412,0.0001258925412,0.0002009514797,0.02269837355
102,0.0005011872336,0.0001258925412,0.0001258925412,0.0001258925412,0.0001258925412,0.0002009514797,0.02289932503
103,0.0001258925412,0.0003981071706,0.0003981071706,0.0001258925412,0.0001258925412,0.000234778393,0.02313410343
104,0.0005011872336,0.0001258925412,0.0001258925412,0.0005011872336,0.0001,0.0002708319099,0.02340493534
105,0.0001584893192,0.0003981071706,0.0001258925412,0.0001258925412,0.0001258925412,0.0001868548227,0.02359179016
106,0.0005011872336,0.0003981071706,0.0001584893192,0.0005011872336,0.0001258925412,0.0003369726996,0.02392876286
107,0.0001995262315,0.0001258925412,0.0001,0.0003981071706,0.0001584893192,0.0001964030525,0.02412516591
108,0.0005011872336,0.0003981071706,0.0001258925412,0.0001258925412,0.0001584893192,0.0002619137612,0.02438707967
109,0.0001258925412,0.0001,0.0003981071706,0.0001258925412,0.0001258925412,0.0001751569588,0.02456223663
110,0.0001258925412,0.0001584893192,0.0003981071706,0.0001258925412,0.0001258925412,0.0001868548227,0.02474909145
111,0.0001584893192,0.0001258925412,0.0001258925412,0.0001584893192,0.0005011872336,0.0002139901909,0.02496308165
112,0.0001258925412,0.0005011872336,0.0001258925412,0.0003981071706,0.0001258925412,0.0002553944056,0.02521847605
113,0.0001258925412,0.0003981071706,0.0003981071706,0.0001584893192,0.0001258925412,0.0002412977486,0.0254597738
114,0.0001258925412,0.0003981071706,0.0003981071706,0.0001584893192,0.0005011872336,0.000316356687,0.02577613049
115,0.0001258925412,0.0001258925412,0.0001258925412,0.0005011872336,0.0005011872336,0.0002760104182,0.0260521409
116,0.0005011872336,0.0003981071706,0.0001258925412,0.0001258925412,0.0005011872336,0.000330453344,0.02638259425
117,0.0001258925412,0.0001,0.0003981071706,0.0001258925412,0.0001258925412,0.0001751569588,0.02655775121
118,0.0001258925412,0.0001,0.0003981071706,0.0001258925412,0.0001258925412,0.0001751569588,0.02673290817
119,0.0001258925412,0.0005011872336,0.0001258925412,0.0001258925412,0.0001258925412,0.0002009514797,0.02693385965
120,0.0001584893192,0.0001258925412,0.0001258925412,0.0001258925412,0.0001258925412,0.0001324118968,0.02706627154
121,0.0003981071706,0.0001,0.0001258925412,0.0005011872336,0.0005011872336,0.0003252748358,0.02739154638
122,0.0001258925412,0.0001,0.0003981071706,0.0001258925412,0.0001258925412,0.0001751569588,0.02756670334
123,0.0001584893192,0.0006309573445,0.0001258925412,0.0001258925412,0.0003981071706,0.0002878677833,0.02785457112
124,0.0001584893192,0.0001584893192,0.0001584893192,0.0001584893192,0.0001258925412,0.0001519699636,0.02800654108
125,0.0005011872336,0.0001584893192,0.0001258925412,0.0001584893192,0.0001258925412,0.0002139901909,0.02822053128
126,0.0005011872336,0.0001258925412,0.0001258925412,0.0001258925412,0.0001258925412,0.0002009514797,0.02842148275
127,0.0005011872336,0.0005011872336,0.0001258925412,0.0001258925412,0.0001258925412,0.0002760104182,0.02869749317
128,0.0005011872336,0.0001,0.0001584893192,0.0005011872336,0.0001258925412,0.0002773512655,0.02897484444
129,0.0005011872336,0.0001,0.0001258925412,0.0001258925412,0.0001258925412,0.0001957729714,0.02917061741
130,0.0001258925412,0.0001,0.0001258925412,0.0001258925412,0.0001258925412,0.000120714033,0.02929133144
131,0.0001584893192,0.0001,0.0001258925412,0.0001258925412,0.0005011872336,0.000202292327,0.02949362377
132,0.0001258925412,0.00007943282347,0.0001258925412,0.0001258925412,0.0001,0.0001114220894,0.02960504586
133,0.0001258925412,0.0003981071706,0.0001258925412,0.0001258925412,0.0001,0.0001751569588,0.02978020282
134,0.0005011872336,0.0001,0.0001258925412,0.0001258925412,0.0001258925412,0.0001957729714,0.02997597579
135,0.0001258925412,0.0001995262315,0.0001258925412,0.0001258925412,0.0001258925412,0.0001406192793,0.03011659507
136,0.0001584893192,0.0005011872336,0.0005011872336,0.0001584893192,0.0001258925412,0.0002890491294,0.0304056442
137,0.0005011872336,0.0003981071706,0.0001258925412,0.0001584893192,0.0005011872336,0.0003369726996,0.0307426169
138,0.0001258925412,0.0001584893192,0.0001258925412,0.0001258925412,0.0001258925412,0.0001324118968,0.03087502879
139,0.0001258925412,0.0001258925412,0.0001258925412,0.0001258925412,0.0001258925412,0.0001258925412,0.03100092134
140,0.0001258925412,0.0005011872336,0.0001258925412,0.0001258925412,0.0005011872336,0.0002760104182,0.03127693175
141,0.0001584893192,0.0005011872336,0.0001,0.0001584893192,0.0005011872336,0.0002838706211,0.03156080238
142,0.0001258925412,0.0005011872336,0.0001258925412,0.0001258925412,0.0001258925412,0.0002009514797,0.03176175385
143,0.0005011872336,0.0005011872336,0.0001258925412,0.0001258925412,0.0001584893192,0.0002825297738,0.03204428363
144,0.0001584893192,0.0005011872336,0.0001258925412,0.0005011872336,0.0005011872336,0.0003575887122,0.03240187234
145,0.0001,0.0001258925412,0.0005011872336,0.0001258925412,0.0001258925412,0.0001957729714,0.03259764531
146,0.0001258925412,0.0001258925412,0.0001258925412,0.0001258925412,0.0001258925412,0.0001258925412,0.03272353785
147,0.0001258925412,0.0001258925412,0.0005011872336,0.0001584893192,0.0001258925412,0.0002074708353,0.03293100869
148,0.0001258925412,0.0005011872336,0.0001258925412,0.0005011872336,0.0001258925412,0.0002760104182,0.03320701911
149,0.0005011872336,0.0001584893192,0.0001258925412,0.0003981071706,0.0001584893192,0.0002684331168,0.03347545222
150,0.0001258925412,0.0001258925412,0.0003981071706,0.0001584893192,0.0001258925412,0.0001868548227,0.03366230705
151,0.0005011872336,0.0005011872336,0.0001258925412,0.0001258925412,0.0001258925412,0.0002760104182,0.03393831746
152,0.0003981071706,0.0003981071706,0.0001258925412,0.0001258925412,0.0001258925412,0.000234778393,0.03417309586
153,0.0001258925412,0.0001258925412,0.0005011872336,0.0001258925412,0.0003981071706,0.0002553944056,0.03442849026
154,0.0001258925412,0.0001258925412,0.0001258925412,0.0001258925412,0.0001258925412,0.0001258925412,0.0345543828
155,0.0001258925412,0.0001258925412,0.0003981071706,0.0001258925412,0.0003981071706,0.000234778393,0.0347891612
156,0.0001584893192,0.0001258925412,0.0001258925412,0.0001258925412,0.0001258925412,0.0001324118968,0.03492157309
157,0.0001258925412,0.0001584893192,0.0001258925412,0.0001258925412,0.0001258925412,0.0001324118968,0.03505398499
158,0.0001258925412,0.0001258925412,0.0001258925412,0.0001258925412,0.0003981071706,0.0001803354671,0.03523432046
159,0.0001258925412,0.0001584893192,0.0001258925412,0.0005011872336,0.0001258925412,0.0002074708353,0.03544179129
160,0.0001584893192,0.0005011872336,0.0003981071706,0.0001258925412,0.0001258925412,0.0002619137612,0.03570370505
161,0.0001258925412,0.0001584893192,0.0003981071706,0.0001584893192,0.0001258925412,0.0001933741783,0.03589707923
162,0.0001258925412,0.0005011872336,0.0001258925412,0.0001258925412,0.0001258925412,0.0002009514797,0.03609803071
163,0.0001584893192,0.0001258925412,0.0003981071706,0.0001258925412,0.0001258925412,0.0001868548227,0.03628488553
164,0.0001258925412,0.0005011872336,0.0001258925412,0.0001258925412,0.0001258925412,0.0002009514797,0.03648583701
165,0.0001584893192,0.0001258925412,0.0001258925412,0.0001584893192,0.0003981071706,0.0001933741783,0.03667921119
166,0.0001258925412,0.0003981071706,0.0001258925412,0.0001258925412,0.0003981071706,0.000234778393,0.03691398959
167,0.0005011872336,0.0001258925412,0.0001258925412,0.0001258925412,0.0001258925412,0.0002009514797,0.03711494107
168,0.0001258925412,0.0001258925412,0.0001258925412,0.0001258925412,0.0001258925412,0.0001258925412,0.03724083361
169,0.0001584893192,0.0001584893192,0.0001258925412,0.0001258925412,0.0001258925412,0.0001389312524,0.03737976486
170,0.0001258925412,0.0001258925412,0.0001584893192,0.0001584893192,0.0005011872336,0.0002139901909,0.03759375505
171,0.0001584893192,0.0005011872336,0.0001258925412,0.0001258925412,0.0001258925412,0.0002074708353,0.03780122589
172,0.0001584893192,0.0001,0.0001258925412,0.0005011872336,0.0005011872336,0.0002773512655,0.03807857715
173,0.0005011872336,0.0003981071706,0.0001258925412,0.0001258925412,0.0001,0.0002502158973,0.03832879305
174,0.0001258925412,0.0001258925412,0.0001258925412,0.0001258925412,0.0003981071706,0.0001803354671,0.03850912852
175,0.0001584893192,0.0001584893192,0.0001584893192,0.0001258925412,0.0003981071706,0.0001998935339,0.03870902205
176,0.0001995262315,0.0003981071706,0.0005011872336,0.0005011872336,0.0001584893192,0.0003516994377,0.03906072149
177,0.0005011872336,0.0001258925412,0.0001258925412,0.0003981071706,0.0001258925412,0.0002553944056,0.03931611589
178,0.0005011872336,0.0001258925412,0.0001258925412,0.0001258925412,0.0001258925412,0.0002009514797,0.03951706737
179,0.0001258925412,0.0001258925412,0.0001258925412,0.0001258925412,0.0005011872336,0.0002009514797,0.03971801885
180,0.0005011872336,0.0003981071706,0.0005011872336,0.0001258925412,0.0001258925412,0.000330453344,0.0400484722
181,0.0005011872336,0.0001258925412,0.0001258925412,0.0001258925412,0.0001258925412,0.0002009514797,0.04024942368
182,0.0001258925412,0.0001258925412,0.0001258925412,0.0001258925412,0.0005011872336,0.0002009514797,0.04045037516
183,0.0001258925412,0.0001584893192,0.0001258925412,0.0001258925412,0.0001584893192,0.0001389312524,0.04058930641
184,0.0001584893192,0.0003981071706,0.0001258925412,0.0001258925412,0.0001258925412,0.0001868548227,0.04077616123
185,0.0001584893192,0.0003981071706,0.0001258925412,0.0005011872336,0.0005011872336,0.0003369726996,0.04111313393
186,0.0005011872336,0.0005011872336,0.0003981071706,0.0001584893192,0.0001258925412,0.0003369726996,0.04145010663
187,0.0001584893192,0.0005011872336,0.0001258925412,0.0001258925412,0.0001258925412,0.0002074708353,0.04165757746
188,0.0001584893192,0.0001258925412,0.0001258925412,0.0001584893192,0.0001258925412,0.0001389312524,0.04179650872
189,0.0001584893192,0.0005011872336,0.0001258925412,0.0001584893192,0.0001258925412,0.0002139901909,0.04201049891
190,0.0005011872336,0.0001258925412,0.0001,0.0001258925412,0.0005011872336,0.0002708319099,0.04228133082
191,0.0001584893192,0.0001258925412,0.0001258925412,0.0001584893192,0.0005011872336,0.0002139901909,0.04249532101
192,0.0001584893192,0.0001584893192,0.0001258925412,0.0001258925412,0.0001258925412,0.0001389312524,0.04263425226
193,0.0001584893192,0.0003981071706,0.0003981071706,0.0001584893192,0.0001258925412,0.0002478171042,0.04288206937
194,0.0001258925412,0.0005011872336,0.0003981071706,0.0001258925412,0.0001258925412,0.0002553944056,0.04313746377
195,0.0005011872336,0.0005011872336,0.0001258925412,0.0005011872336,0.0001258925412,0.0003510693566,0.04348853313
196,0.0001258925412,0.0001258925412,0.0001258925412,0.0001584893192,0.0001258925412,0.0001324118968,0.04362094502
197,0.0001584893192,0.0003981071706,0.0003981071706,0.0003981071706,0.0005011872336,0.0003707996129,0.04399174464
198,0.0001584893192,0.0001584893192,0.0001258925412,0.0001258925412,0.0001584893192,0.000145450608,0.04413719525
199,0.0005011872336,0.0005011872336,0.0001258925412,0.0001258925412,0.0001258925412,0.0002760104182,0.04441320566
200,0.0005011872336,0.0005011872336,0.0003981071706,0.0001258925412,0.0001584893192,0.0003369726996,0.04475017836
201,0.0005011872336,0.0001258925412,0.0001258925412,0.0005011872336,0.0001258925412,0.0002760104182,0.04502618878
202,0.0001258925412,0.0001258925412,0.0001258925412,0.0005011872336,0.0001258925412,0.0002009514797,0.04522714026
203,0.0001584893192,0.0001584893192,0.0001258925412,0.0005011872336,0.0005011872336,0.0002890491294,0.04551618939
204,0.0001258925412,0.0001258925412,0.0001258925412,0.0005011872336,0.0001258925412,0.0002009514797,0.04571714087
205,0.0005011872336,0.0001584893192,0.0001258925412,0.0005011872336,0.0005011872336,0.0003575887122,0.04607472958
206,0.0005011872336,0.0005011872336,0.0001258925412,0.0001258925412,0.0005011872336,0.0003510693566,0.04642579894
207,0.0001258925412,0.0001258925412,0.0005011872336,0.0001584893192,0.0005011872336,0.0002825297738,0.04670832871
208,0.0001258925412,0.0001258925412,0.0001258925412,0.0001258925412,0.0001,0.000120714033,0.04682904275
209,0.0001258925412,0.0001258925412,0.0003981071706,0.0001258925412,0.0001258925412,0.0001803354671,0.04700937821
210,0.0001584893192,0.0001258925412,0.0001258925412,0.0001258925412,0.0001258925412,0.0001324118968,0.04714179011
211,0.0001258925412,0.0001258925412,0.0001258925412,0.0001258925412,0.0005011872336,0.0002009514797,0.04734274159
212,0.0001584893192,0.0001258925412,0.0001584893192,0.0001258925412,0.0001258925412,0.0001389312524,0.04748167284
213,0.0001258925412,0.0001258925412,0.0001258925412,0.0005011872336,0.0001258925412,0.0002009514797,0.04768262432
214,0.0005011872336,0.0005011872336,0.0001258925412,0.0005011872336,0.0001584893192,0.0003575887122,0.04804021303
215,0.0005011872336,0.0001258925412,0.0003981071706,0.0005011872336,0.0001258925412,0.000330453344,0.04837066638
216,0.0001584893192,0.0001258925412,0.0001584893192,0.0001258925412,0.0005011872336,0.0002139901909,0.04858465657
217,0.0001258925412,0.0001258925412,0.0001258925412,0.0005011872336,0.0005011872336,0.0002760104182,0.04886066699
218,0.0001584893192,0.0005011872336,0.0001258925412,0.0001258925412,0.0001258925412,0.0002074708353,0.04906813782
219,0.0001258925412,0.0001258925412,0.0001258925412,0.0001258925412,0.0005011872336,0.0002009514797,0.0492690893
220,0.0001258925412,0.0005011872336,0.0003981071706,0.0001258925412,0.0005011872336,0.000330453344,0.04959954265
221,0.0003981071706,0.0001258925412,0.0003981071706,0.0001258925412,0.0001258925412,0.000234778393,0.04983432104
222,0.0003981071706,0.0001584893192,0.0001258925412,0.0001258925412,0.0001258925412,0.0001868548227,0.05002117586
223,0.0001258925412,0.0005011872336,0.0001258925412,0.0001258925412,0.0001258925412,0.0002009514797,0.05022212734
224,0.0001258925412,0.0005011872336,0.0003981071706,0.0001258925412,0.0001258925412,0.0002553944056,0.05047752175
225,0.0001258925412,0.0001584893192,0.0001258925412,0.0001258925412,0.0001258925412,0.0001324118968,0.05060993364
226,0.0005011872336,0.0001258925412,0.0001258925412,0.0001258925412,0.0005011872336,0.0002760104182,0.05088594406
227,0.0005011872336,0.0001258925412,0.0001584893192,0.0001258925412,0.0001258925412,0.0002074708353,0.0510934149
228,0.0001584893192,0.0005011872336,0.0001258925412,0.0001258925412,0.0001,0.000202292327,0.05129570722
229,0.0001584893192,0.0005011872336,0.0001258925412,0.0005011872336,0.0001258925412,0.0002825297738,0.051578237
230,0.0005011872336,0.0005011872336,0.0005011872336,0.0001584893192,0.0001258925412,0.0003575887122,0.05193582571
231,0.0005011872336,0.0003981071706,0.0001258925412,0.0005011872336,0.0001258925412,0.000330453344,0.05226627905
232,0.0001258925412,0.0001258925412,0.0005011872336,0.0001258925412,0.0001258925412,0.0002009514797,0.05246723053
233,0.0001258925412,0.0005011872336,0.0003981071706,0.0001258925412,0.0001258925412,0.0002553944056,0.05272262494
234,0.0001258925412,0.0001258925412,0.0001258925412,0.0001584893192,0.0001258925412,0.0001324118968,0.05285503684
235,0.0005011872336,0.0001584893192,0.0001258925412,0.0005011872336,0.0001584893192,0.0002890491294,0.05314408597
236,0.0005011872336,0.0001258925412,0.0001258925412,0.0001258925412,0.0001258925412,0.0002009514797,0.05334503744
237,0.0005011872336,0.0001258925412,0.0001258925412,0.0001258925412,0.0001258925412,0.0002009514797,0.05354598892
238,0.0001584893192,0.0001258925412,0.0001258925412,0.0001258925412,0.0001258925412,0.0001324118968,0.05367840082
239,0.0001584893192,0.0001584893192,0.0001258925412,0.0001258925412,0.0001584893192,0.000145450608,0.05382385143
240,0.0005011872336,0.0001258925412,0.0001,0.0001258925412,0.0005011872336,0.0002708319099,0.05409468334
241,0.0001584893192,0.0001584893192,0.0001584893192,0.0001258925412,0.0005011872336,0.0002205095465,0.05431519289
242,0.0001258925412,0.0005011872336,0.0003981071706,0.0001584893192,0.0005011872336,0.0003369726996,0.05465216559
243,0.0001258925412,0.0001258925412,0.0003981071706,0.0005011872336,0.0005011872336,0.000330453344,0.05498261893
244,0.0005011872336,0.0001258925412,0.0001258925412,0.0001258925412,0.0001258925412,0.0002009514797,0.05518357041
245,0.0001258925412,0.0001258925412,0.0005011872336,0.0001258925412,0.0001258925412,0.0002009514797,0.05538452189
246,0.0001584893192,0.0005011872336,0.0005011872336,0.0001258925412,0.0001584893192,0.0002890491294,0.05567357102
247,0.0001258925412,0.0001258925412,0.0005011872336,0.0005011872336,0.0001258925412,0.0002760104182,0.05594958144
248,0.0001584893192,0.0001258925412,0.0001258925412,0.0005011872336,0.0001584893192,0.0002139901909,0.05616357163
249,0.0001584893192,0.0005011872336,0.0001258925412,0.0001584893192,0.0003981071706,0.0002684331168,0.05643200474
250,0.0005011872336,0.0001258925412,0.0001258925412,0.0005011872336,0.0003981071706,0.000330453344,0.05676245809
251,0.0005011872336,0.0001258925412,0.0005011872336,0.0001258925412,0.0001258925412,0.0002760104182,0.05703846851
252,0.0001584893192,0.0001584893192,0.0001258925412,0.0005011872336,0.0001258925412,0.0002139901909,0.0572524587
253,0.0005011872336,0.0003981071706,0.0001258925412,0.0005011872336,0.0001258925412,0.000330453344,0.05758291204
254,0.0005011872336,0.0001258925412,0.0005011872336,0.0001258925412,0.0001258925412,0.0002760104182,0.05785892246
255,0.0005011872336,0.0001258925412,0.0005011872336,0.0003981071706,0.0005011872336,0.0004055122825,0.05826443474
256,0.0005011872336,0.0001,0.0001258925412,0.0001,0.0001258925412,0.0001905944632,0.0584550292
257,0.0001584893192,0.0001258925412,0.0003981071706,0.0001258925412,0.0005011872336,0.0002619137612,0.05871694297
258,0.0001258925412,0.0005011872336,0.0001258925412,0.0001584893192,0.0001258925412,0.0002074708353,0.0589244138
259,0.0001258925412,0.0001258925412,0.0001258925412,0.0001258925412,0.0001258925412,0.0001258925412,0.05905030634
260,0.0005011872336,0.0001584893192,0.0001258925412,0.0001584893192,0.0001258925412,0.0002139901909,0.05926429653
261,0.0001258925412,0.0001258925412,0.0001258925412,0.0001584893192,0.0005011872336,0.0002074708353,0.05947176737
262,0.0001258925412,0.0001258925412,0.0001584893192,0.0001258925412,0.0001258925412,0.0001324118968,0.05960417927
263,0.0001584893192,0.0001258925412,0.0001258925412,0.0005011872336,0.0001258925412,0.0002074708353,0.0598116501
264,0.0001258925412,0.0001258925412,0.0001258925412,0.0001584893192,0.0001258925412,0.0001324118968,0.059944062
265,0.0001258925412,0.0001258925412,0.0001258925412,0.0001258925412,0.0001258925412,0.0001258925412,0.06006995454
266,0.0001258925412,0.0001258925412,0.0001,0.0005011872336,0.0001258925412,0.0001957729714,0.06026572751
267,0.0005011872336,0.0003981071706,0.0003981071706,0.0001258925412,0.0005011872336,0.0003848962699,0.06065062378
268,0.0001258925412,0.0001258925412,0.0001258925412,0.0003981071706,0.0001258925412,0.0001803354671,0.06083095925
269,0.0001584893192,0.0001258925412,0.0001258925412,0.0001258925412,0.0005011872336,0.0002074708353,0.06103843008
270,0.0001584893192,0.0001258925412,0.0001258925412,0.0003981071706,0.0001258925412,0.0001868548227,0.06122528491
271,0.0001584893192,0.0001258925412,0.0003981071706,0.0003981071706,0.0005011872336,0.000316356687,0.06154164159
272,0.0001584893192,0.0005011872336,0.0001258925412,0.0001,0.0005011872336,0.0002773512655,0.06181899286
273,0.0001258925412,0.0001258925412,0.0001258925412,0.0003981071706,0.0005011872336,0.0002553944056,0.06207438726
274,0.0001258925412,0.0005011872336,0.0001258925412,0.0001258925412,0.0001258925412,0.0002009514797,0.06227533874
275,0.0001258925412,0.0001258925412,0.0001584893192,0.0001258925412,0.0001258925412,0.0001324118968,0.06240775064
276,0.0005011872336,0.0001258925412,0.0005011872336,0.0003981071706,0.0001258925412,0.000330453344,0.06273820398
277,0.0001258925412,0.0001,0.0001258925412,0.0001258925412,0.0001,0.0001155355247,0.06285373951
278,0.0001258925412,0.0001258925412,0.0001258925412,0.0001258925412,0.0005011872336,0.0002009514797,0.06305469099
279,0.0003981071706,0.0003981071706,0.0001258925412,0.0001258925412,0.0005011872336,0.0003098373314,0.06336452832
280,0.0005011872336,0.0001258925412,0.0001,0.0001258925412,0.0001258925412,0.0001957729714,0.06356030129
281,0.0001584893192,0.0001258925412,0.0001258925412,0.0001584893192,0.0001258925412,0.0001389312524,0.06369923254
282,0.0001258925412,0.0003981071706,0.0001258925412,0.0001258925412,0.0003981071706,0.000234778393,0.06393401094
283,0.0005011872336,0.0003981071706,0.0001258925412,0.0005011872336,0.0005011872336,0.0004055122825,0.06433952322
284,0.0001258925412,0.0005011872336,0.0001258925412,0.0001258925412,0.0001258925412,0.0002009514797,0.0645404747
285,0.0001258925412,0.0001258925412,0.0001258925412,0.0001584893192,0.0001584893192,0.0001389312524,0.06467940595
286,0.0001584893192,0.0001258925412,0.0001258925412,0.0005011872336,0.0001258925412,0.0002074708353,0.06488687679
287,0.0001584893192,0.0001584893192,0.0005011872336,0.0005011872336,0.0005011872336,0.0003641080678,0.06525098485
288,0.0001584893192,0.0001258925412,0.0001258925412,0.0001258925412,0.0003981071706,0.0001868548227,0.06543783968
289,0.0001584893192,0.0001584893192,0.0001258925412,0.0001584893192,0.0005011872336,0.0002205095465,0.06565834922
290,0.0005011872336,0.0001258925412,0.0001258925412,0.0001258925412,0.0001584893192,0.0002074708353,0.06586582006
291,0.0001584893192,0.0001258925412,0.0001258925412,0.0001258925412,0.0001258925412,0.0001324118968,0.06599823196
292,0.0001258925412,0.0005011872336,0.0001,0.0001258925412,0.0001258925412,0.0001957729714,0.06619400493
293,0.0001584893192,0.0005011872336,0.0001,0.0001584893192,0.0001258925412,0.0002088116826,0.06640281661
294,0.0005011872336,0.0001258925412,0.0001258925412,0.0001258925412,0.0001258925412,0.0002009514797,0.06660376809
295,0.0001258925412,0.0001258925412,0.0001,0.0005011872336,0.0001258925412,0.0001957729714,0.06679954106
296,0.0005011872336,0.0001584893192,0.0001258925412,0.0001584893192,0.0001258925412,0.0002139901909,0.06701353125
297,0.0001584893192,0.0001258925412,0.0001258925412,0.0001258925412,0.0001258925412,0.0001324118968,0.06714594315
298,0.0001584893192,0.0001258925412,0.0001258925412,0.0001258925412,0.0005011872336,0.0002074708353,0.06735341398
299,0.0001584893192,0.0005011872336,0.0001,0.0001258925412,0.0005011872336,0.0002773512655,0.06763076525
300,0.0001258925412,0.0001258925412,0.0003981071706,0.0005011872336,0.0001258925412,0.0002553944056,0.06788615965
301,0.0005011872336,0.0001258925412,0.0001584893192,0.0001584893192,0.0001258925412,0.0002139901909,0.06810014985
302,0.0005011872336,0.0001584893192,0.0001258925412,0.0001258925412,0.0001584893192,0.0002139901909,0.06831414004
303,0.0001584893192,0.0005011872336,0.0001258925412,0.0001584893192,0.0001258925412,0.0002139901909,0.06852813023
304,0.0005011872336,0.0005011872336,0.0003981071706,0.0001584893192,0.0005011872336,0.0004120316381,0.06894016187
305,0.0001258925412,0.0001258925412,0.0001258925412,0.0001258925412,0.0001258925412,0.0001258925412,0.06906605441
306,0.0001258925412,0.0005011872336,0.0001258925412,0.0001258925412,0.0003981071706,0.0002553944056,0.06932144881
307,0.0003981071706,0.0001584893192,0.0001258925412,0.0001258925412,0.0003981071706,0.0002412977486,0.06956274656
308,0.0001258925412,0.0005011872336,0.0001258925412,0.0001258925412,0.0001584893192,0.0002074708353,0.0697702174
309,0.0005011872336,0.0001258925412,0.0001258925412,0.0005011872336,0.0001258925412,0.0002760104182,0.07004622781
310,0.0001258925412,0.0001258925412,0.0005011872336,0.0001584893192,0.0005011872336,0.0002825297738,0.07032875759
311,0.0001584893192,0.0005011872336,0.0005011872336,0.0005011872336,0.0001,0.000352410204,0.07068116779
312,0.0001258925412,0.0005011872336,0.0003981071706,0.0001258925412,0.0005011872336,0.000330453344,0.07101162114
313,0.0001584893192,0.0005011872336,0.0001258925412,0.0001258925412,0.0005011872336,0.0002825297738,0.07129415091
314,0.0001258925412,0.0005011872336,0.0003981071706,0.0001258925412,0.0001258925412,0.0002553944056,0.07154954532
315,0.0005011872336,0.0001258925412,0.0001258925412,0.0001258925412,0.0005011872336,0.0002760104182,0.07182555573
316,0.0005011872336,0.0001258925412,0.0001584893192,0.0001258925412,0.0005011872336,0.0002825297738,0.07210808551
317,0.0001258925412,0.0005011872336,0.0001258925412,0.0001258925412,0.0005011872336,0.0002760104182,0.07238409593
318,0.0005011872336,0.0005011872336,0.0001258925412,0.0001258925412,0.0001584893192,0.0002825297738,0.0726666257
319,0.0001258925412,0.0001258925412,0.0003981071706,0.0001258925412,0.0001584893192,0.0001868548227,0.07285348052
320,0.0001258925412,0.0001258925412,0.0001258925412,0.0001584893192,0.0001584893192,0.0001389312524,0.07299241177
321,0.0001258925412,0.0001258925412,0.0005011872336,0.0001258925412,0.0001584893192,0.0002074708353,0.07319988261
322,0.0001258925412,0.0005011872336,0.0003981071706,0.0005011872336,0.0001258925412,0.000330453344,0.07353033595
323,0.0005011872336,0.0005011872336,0.0001584893192,0.0001258925412,0.0005011872336,0.0003575887122,0.07388792467
324,0.0005011872336,0.0001584893192,0.0001258925412,0.0001258925412,0.0001258925412,0.0002074708353,0.0740953955
325,0.0005011872336,0.0001258925412,0.0005011872336,0.0001584893192,0.0001584893192,0.0002890491294,0.07438444463
326,0.0001584893192,0.0005011872336,0.0001258925412,0.0001258925412,0.0001584893192,0.0002139901909,0.07459843482
327,0.0001584893192,0.0005011872336,0.0001258925412,0.0001258925412,0.0001584893192,0.0002139901909,0.07481242501
328,0.0001258925412,0.0005011872336,0.0003981071706,0.0001258925412,0.0003981071706,0.0003098373314,0.07512226234
329,0.0001258925412,0.0001258925412,0.0003981071706,0.0005011872336,0.0005011872336,0.000330453344,0.07545271569
330,0.0001258925412,0.0001258925412,0.0005011872336,0.0001258925412,0.0001258925412,0.0002009514797,0.07565366717
331,0.0003981071706,0.0005011872336,0.0001258925412,0.0001258925412,0.0005011872336,0.000330453344,0.07598412051
332,0.0001258925412,0.0001258925412,0.0001258925412,0.0001258925412,0.0001258925412,0.0001258925412,0.07611001305
333,0.0005011872336,0.0001258925412,0.0001258925412,0.0001258925412,0.0001258925412,0.0002009514797,0.07631096453
334,0.0001258925412,0.0005011872336,0.0001258925412,0.0001258925412,0.0001258925412,0.0002009514797,0.07651191601
335,0.0001584893192,0.0001258925412,0.0001258925412,0.0001258925412,0.0003981071706,0.0001868548227,0.07669877083
336,0.0005011872336,0.0005011872336,0.0005011872336,0.0005011872336,0.0001258925412,0.0004261282951,0.07712489913
337,0.0003981071706,0.0005011872336,0.0001258925412,0.0003981071706,0.0001584893192,0.000316356687,0.07744125582
338,0.0001584893192,0.0005011872336,0.0001258925412,0.0001258925412,0.0005011872336,0.0002825297738,0.07772378559
339,0.0003981071706,0.0001258925412,0.0001258925412,0.0001258925412,0.0001258925412,0.0001803354671,0.07790412106
340,0.0001258925412,0.0005011872336,0.0001258925412,0.0001258925412,0.0001584893192,0.0002074708353,0.07811159189
341,0.0001584893192,0.0005011872336,0.0001258925412,0.0001584893192,0.0005011872336,0.0002890491294,0.07840064102
342,0.0005011872336,0.0005011872336,0.0005011872336,0.0001584893192,0.0001258925412,0.0003575887122,0.07875822973
343,0.0001258925412,0.0005011872336,0.0001258925412,0.0001258925412,0.0005011872336,0.0002760104182,0.07903424015
344,0.0001584893192,0.0001258925412,0.0001258925412,0.0001584893192,0.0001258925412,0.0001389312524,0.07917317141
345,0.0001584893192,0.0003981071706,0.0001258925412,0.0001258925412,0.0001258925412,0.0001868548227,0.07936002623
346,0.0001258925412,0.0001258925412,0.0001258925412,0.0001258925412,0.0001258925412,0.0001258925412,0.07948591877
347,0.0001258925412,0.0005011872336,0.0001258925412,0.0001258925412,0.0001584893192,0.0002074708353,0.0796933896
348,0.0001584893192,0.0003981071706,0.0001258925412,0.0001258925412,0.0001584893192,0.0001933741783,0.07988676378
349,0.0005011872336,0.0005011872336,0.0005011872336,0.0001584893192,0.0001258925412,0.0003575887122,0.08024435249
350,0.0001258925412,0.0001258925412,0.0005011872336,0.0005011872336,0.0005011872336,0.0003510693566,0.08059542185
351,0.0005011872336,0.0001258925412,0.0001258925412,0.0001584893192,0.0001258925412,0.0002074708353,0.08080289269
352,0.0001584893192,0.0001258925412,0.0003981071706,0.0001258925412,0.0001584893192,0.0001933741783,0.08099626686
353,0.0001258925412,0.0001258925412,0.0001258925412,0.0001258925412,0.0001258925412,0.0001258925412,0.08112215941
354,0.0001584893192,0.0001584893192,0.0001258925412,0.0001258925412,0.0001258925412,0.0001389312524,0.08126109066
355,0.0005011872336,0.0001584893192,0.0001258925412,0.0003981071706,0.0001258925412,0.0002619137612,0.08152300442
356,0.0001258925412,0.0001258925412,0.0001258925412,0.0001258925412,0.0001258925412,0.0001258925412,0.08164889696
357,0.0001584893192,0.0005011872336,0.0003981071706,0.0001258925412,0.0001258925412,0.0002619137612,0.08191081072
358,0.0003981071706,0.0005011872336,0.0005011872336,0.0001258925412,0.0001258925412,0.000330453344,0.08224126407
359,0.0005011872336,0.0001258925412,0.0003981071706,0.0001258925412,0.0001258925412,0.0002553944056,0.08249665847
360,0.0001258925412,0.0005011872336,0.0001258925412,0.0003981071706,0.0001584893192,0.0002619137612,0.08275857223
361,0.0001258925412,0.0001584893192,0.0001258925412,0.0001258925412,0.0001258925412,0.0001324118968,0.08289098413
362,0.0005011872336,0.0005011872336,0.0001258925412,0.0001258925412,0.0001258925412,0.0002760104182,0.08316699455
363,0.0001258925412,0.0003981071706,0.0003981071706,0.0001258925412,0.0001584893192,0.0002412977486,0.0834082923
364,0.0005011872336,0.0005011872336,0.0001258925412,0.0001258925412,0.0005011872336,0.0003510693566,0.08375936165
365,0.0001258925412,0.0003981071706,0.0001258925412,0.0005011872336,0.0001258925412,0.0002553944056,0.08401475606
366,0.0001258925412,0.0001258925412,0.0001258925412,0.0001584893192,0.0001258925412,0.0001324118968,0.08414716796
367,0.0005011872336,0.0005011872336,0.0001258925412,0.0001,0.0001258925412,0.0002708319099,0.08441799987
368,0.0005011872336,0.0003981071706,0.0001258925412,0.0001,0.0005011872336,0.0003252748358,0.0847432747
369,0.0001584893192,0.0003981071706,0.0001258925412,0.0005011872336,0.0001258925412,0.0002619137612,0.08500518846
370,0.0001258925412,0.0001258925412,0.0001258925412,0.0001258925412,0.0005011872336,0.0002009514797,0.08520613994
371,0.0005011872336,0.0005011872336,0.0003981071706,0.0001,0.0001258925412,0.0003252748358,0.08553141478
372,0.0001,0.0005011872336,0.0001258925412,0.0001,0.0001258925412,0.0001905944632,0.08572200924
373,0.0005011872336,0.0001258925412,0.0001258925412,0.0001258925412,0.0005011872336,0.0002760104182,0.08599801966
374,0.0001258925412,0.0001258925412,0.0001258925412,0.0001258925412,0.0001258925412,0.0001258925412,0.0861239122
375,0.0001258925412,0.0001258925412,0.0001258925412,0.0001258925412,0.0005011872336,0.0002009514797,0.08632486368
376,0.0003981071706,0.0005011872336,0.0001258925412,0.0001258925412,0.0001584893192,0.0002619137612,0.08658677744
377,0.0005011872336,0.0005011872336,0.0001,0.0001258925412,0.0001584893192,0.0002773512655,0.08686412871
378,0.0001584893192,0.0001258925412,0.0001258925412,0.0001258925412,0.0001258925412,0.0001324118968,0.0869965406
379,0.0005011872336,0.0005011872336,0.0001258925412,0.0001258925412,0.0001258925412,0.0002760104182,0.08727255102
380,0.0001584893192,0.0001258925412,0.0001,0.0003981071706,0.0005011872336,0.0002567352529,0.08752928627
381,0.0005011872336,0.0001258925412,0.0001258925412,0.0001258925412,0.0005011872336,0.0002760104182,0.08780529669
382,0.0005011872336,0.0001258925412,0.0001258925412,0.0005011872336,0.0001258925412,0.0002760104182,0.08808130711
383,0.0001258925412,0.0001258925412,0.0001258925412,0.0001258925412,0.0001258925412,0.0001258925412,0.08820719965
384,0.0005011872336,0.0001258925412,0.0005011872336,0.0005011872336,0.0001258925412,0.0003510693566,0.08855826901
385,0.0001258925412,0.0001258925412,0.0001258925412,0.0001258925412,0.0001258925412,0.0001258925412,0.08868416155
386,0.0001258925412,0.0001258925412,0.0001258925412,0.0001258925412,0.0003981071706,0.0001803354671,0.08886449702
387,0.0001258925412,0.0001258925412,0.0003981071706,0.0001258925412,0.0005011872336,0.0002553944056,0.08911989142
388,0.0001258925412,0.0001258925412,0.0003981071706,0.0001258925412,0.0001,0.0001751569588,0.08929504838
389,0.0001258925412,0.0001258925412,0.0001258925412,0.0001,0.0005011872336,0.0001957729714,0.08949082135
390,0.0001584893192,0.0001258925412,0.0001258925412,0.0001,0.0001,0.0001220548803,0.08961287623
391,0.0005011872336,0.0001258925412,0.0001258925412,0.0001258925412,0.0001258925412,0.0002009514797,0.08981382771
392,0.0001258925412,0.0001258925412,0.0001258925412,0.0001258925412,0.0005011872336,0.0002009514797,0.09001477919
393,0.0001584893192,0.0001584893192,0.0001258925412,0.0001258925412,0.0001258925412,0.0001389312524,0.09015371044
394,0.0001584893192,0.0005011872336,0.0001258925412,0.0005011872336,0.0001258925412,0.0002825297738,0.09043624022
395,0.0001258925412,0.0005011872336,0.0001,0.0005011872336,0.0005011872336,0.0003458908484,0.09078213107
396,0.0001584893192,0.0001258925412,0.0001258925412,0.0001258925412,0.0003981071706,0.0001868548227,0.09096898589
397,0.0001258925412,0.0005011872336,0.0001258925412,0.0001258925412,0.0001258925412,0.0002009514797,0.09116993737
398,0.0001258925412,0.0001258925412,0.0001258925412,0.0005011872336,0.0003981071706,0.0002553944056,0.09142533177
399,0.0005011872336,0.0005011872336,0.0001258925412,0.0001258925412,0.0001258925412,0.0002760104182,0.09170134219
400,0.0005011872336,0.0005011872336,0.0003981071706,0.0003981071706,0.0001258925412,0.0003848962699,0.09208623846
401,0.0001258925412,0.0005011872336,0.0003981071706,0.0001258925412,0.0001584893192,0.0002619137612,0.09234815222
402,0.0005011872336,0.0005011872336,0.0001258925412,0.0001258925412,0.0001258925412,0.0002760104182,0.09262416264
403,0.0005011872336,0.0001584893192,0.0001258925412,0.0001258925412,0.0001258925412,0.0002074708353,0.09283163348
404,0.0001258925412,0.0001258925412,0.0001258925412,0.0005011872336,0.0005011872336,0.0002760104182,0.0931076439
405,0.0005011872336,0.0005011872336,0.0001258925412,0.0005011872336,0.0001258925412,0.0003510693566,0.09345871325
406,0.0001258925412,0.0005011872336,0.0001,0.0005011872336,0.0001,0.0002656534017,0.09372436665
407,0.0001258925412,0.0001258925412,0.0003981071706,0.0001584893192,0.0001258925412,0.0001868548227,0.09391122148
408,0.0001584893192,0.0005011872336,0.0001258925412,0.0001258925412,0.0001584893192,0.0002139901909,0.09412521167
409,0.0001584893192,0.0003981071706,0.0003981071706,0.0005011872336,0.0001258925412,0.000316356687,0.09444156835
410,0.0001258925412,0.0001258925412,0.0003981071706,0.0001258925412,0.0001258925412,0.0001803354671,0.09462190382
411,0.0001584893192,0.0001258925412,0.0001258925412,0.0001258925412,0.0001258925412,0.0001324118968,0.09475431572
412,0.0001258925412,0.0005011872336,0.0003981071706,0.0001258925412,0.0001258925412,0.0002553944056,0.09500971012
413,0.0001258925412,0.0001258925412,0.0001258925412,0.0001258925412,0.0001584893192,0.0001324118968,0.09514212202
414,0.0001258925412,0.0001258925412,0.0001258925412,0.0003981071706,0.0001258925412,0.0001803354671,0.09532245749
415,0.0001584893192,0.0005011872336,0.0001258925412,0.0001258925412,0.0003981071706,0.0002619137612,0.09558437125
416,0.0001258925412,0.0001258925412,0.0001258925412,0.0001258925412,0.0003981071706,0.0001803354671,0.09576470672
417,0.0001584893192,0.0001258925412,0.0001258925412,0.0001258925412,0.0005011872336,0.0002074708353,0.09597217755
418,0.0005011872336,0.0001258925412,0.0001258925412,0.0001258925412,0.0005011872336,0.0002760104182,0.09624818797
419,0.0005011872336,0.0005011872336,0.0001258925412,0.0001258925412,0.0001258925412,0.0002760104182,0.09652419839
420,0.0005011872336,0.0001258925412,0.0001258925412,0.0001258925412,0.0001584893192,0.0002074708353,0.09673166922
421,0.0001258925412,0.0003981071706,0.0001258925412,0.0005011872336,0.0001584893192,0.0002619137612,0.09699358298
422,0.0001584893192,0.0001258925412,0.0001258925412,0.0005011872336,0.0005011872336,0.0002825297738,0.09727611276
423,0.0001584893192,0.0005011872336,0.0001258925412,0.0003981071706,0.0001,0.0002567352529,0.09753284801
424,0.0001584893192,0.0001584893192,0.0001258925412,0.0001258925412,0.0001258925412,0.0001389312524,0.09767177926
425,0.0005011872336,0.0001584893192,0.0001258925412,0.0001258925412,0.0005011872336,0.0002825297738,0.09795430904
426,0.0001258925412,0.0001584893192,0.0001258925412,0.0001258925412,0.0001258925412,0.0001324118968,0.09808672093
427,0.0003981071706,0.0005011872336,0.0001258925412,0.0001258925412,0.0001258925412,0.0002553944056,0.09834211534
428,0.0001584893192,0.0001258925412,0.0001258925412,0.0001584893192,0.0005011872336,0.0002139901909,0.09855610553
429,0.0005011872336,0.0001258925412,0.0001258925412,0.0001258925412,0.0003981071706,0.0002553944056,0.09881149994
430,0.0005011872336,0.0001584893192,0.0001,0.0005011872336,0.0001258925412,0.0002773512655,0.0990888512
431,0.0001584893192,0.0005011872336,0.0001258925412,0.0001258925412,0.0003981071706,0.0002619137612,0.09935076496
432,0.0001584893192,0.0005011872336,0.0001258925412,0.0001258925412,0.0001258925412,0.0002074708353,0.0995582358
433,0.0001258925412,0.0003981071706,0.0001258925412,0.0003981071706,0.0001258925412,0.000234778393,0.09979301419
434,0.0001584893192,0.0005011872336,0.0001258925412,0.0001584893192,0.0001584893192,0.0002205095465,0.1000135237
435,0.0001584893192,0.0001258925412,0.0001258925412,0.0001258925412,0.0001258925412,0.0001324118968,0.1001459356
436,0.0001258925412,0.0001258925412,0.0003981071706,0.0001584893192,0.0001258925412,0.0001868548227,0.1003327905
437,0.0001258925412,0.0001258925412,0.0001258925412,0.0005011872336,0.0005011872336,0.0002760104182,0.1006088009
438,0.0001584893192,0.0001258925412,0.0001258925412,0.0001258925412,0.0001258925412,0.0001324118968,0.1007412128
439,0.0005011872336,0.0001258925412,0.0001258925412,0.0001258925412,0.0001,0.0001957729714,0.1009369857
440,0.0001258925412,0.0001258925412,0.0001258925412,0.0001258925412,0.0001258925412,0.0001258925412,0.1010628783
441,0.0001258925412,0.0001584893192,0.0001258925412,0.0003981071706,0.0001584893192,0.0001933741783,0.1012562525
442,0.0003981071706,0.0001258925412,0.0001258925412,0.0003981071706,0.0001258925412,0.000234778393,0.1014910309
443,0.0001258925412,0.0003981071706,0.0001258925412,0.0001258925412,0.0001258925412,0.0001803354671,0.1016713663
444,0.0001258925412,0.0001,0.0003981071706,0.0001258925412,0.0001258925412,0.0001751569588,0.1018465233
445,0.0001258925412,0.0005011872336,0.0001258925412,0.0001584893192,0.0001258925412,0.0002074708353,0.1020539941
446,0.0001258925412,0.0001584893192,0.0003981071706,0.0001258925412,0.0001584893192,0.0001933741783,0.1022473683
447,0.0001258925412,0.0001584893192,0.0001258925412,0.0005011872336,0.0001258925412,0.0002074708353,0.1024548391
448,0.0005011872336,0.0001584893192,0.0001258925412,0.0001258925412,0.0003981071706,0.0002619137612,0.1027167529
449,0.0001584893192,0.0005011872336,0.0003981071706,0.0001,0.0003981071706,0.0003111781788,0.1030279311
450,0.0001258925412,0.0001258925412,0.0001258925412,0.0001584893192,0.0005011872336,0.0002074708353,0.1032354019
451,0.0001258925412,0.0001258925412,0.0005011872336,0.0001258925412,0.0005011872336,0.0002760104182,0.1035114123
452,0.0001258925412,0.0001584893192,0.0001258925412,0.0001258925412,0.0001258925412,0.0001324118968,0.1036438242
453,0.0005011872336,0.0005011872336,0.0001258925412,0.0001258925412,0.0001584893192,0.0002825297738,0.103926354
454,0.0003981071706,0.0005011872336,0.0001258925412,0.0001258925412,0.0001584893192,0.0002619137612,0.1041882678
455,0.0005011872336,0.0003981071706,0.0001258925412,0.0003981071706,0.0005011872336,0.0003848962699,0.104573164
456,0.0001584893192,0.0005011872336,0.0001,0.0005011872336,0.0001,0.0002721727573,0.1048453368
457,0.0005011872336,0.0001258925412,0.0003981071706,0.0001258925412,0.0001258925412,0.0002553944056,0.1051007312
458,0.0001258925412,0.0001258925412,0.0001258925412,0.0001,0.0005011872336,0.0001957729714,0.1052965042
459,0.0001258925412,0.0001258925412,0.0001258925412,0.0001258925412,0.0001258925412,0.0001258925412,0.1054223967
460,0.0003981071706,0.0001258925412,0.0001258925412,0.0005011872336,0.0001258925412,0.0002553944056,0.1056777911
461,0.0003981071706,0.0001258925412,0.0005011872336,0.0003981071706,0.0005011872336,0.0003848962699,0.1060626874
462,0.0001258925412,0.0001258925412,0.0001258925412,0.0001258925412,0.0003981071706,0.0001803354671,0.1062430228
463,0.0005011872336,0.0001584893192,0.0001258925412,0.0001258925412,0.0001258925412,0.0002074708353,0.1064504937
464,0.0005011872336,0.0001258925412,0.0003981071706,0.0001584893192,0.0003981071706,0.000316356687,0.1067668504
465,0.0005011872336,0.0003981071706,0.0001258925412,0.0001258925412,0.0001258925412,0.0002553944056,0.1070222448
466,0.0001258925412,0.0001,0.0005011872336,0.0005011872336,0.0001258925412,0.0002708319099,0.1072930767
467,0.0001584893192,0.0005011872336,0.0001258925412,0.0001258925412,0.0001584893192,0.0002139901909,0.1075070669
468,0.0001258925412,0.0001584893192,0.0001258925412,0.0001,0.0001258925412,0.0001272333886,0.1076343003
469,0.0005011872336,0.0001584893192,0.0001258925412,0.0001584893192,0.0001258925412,0.0002139901909,0.1078482905
470,0.0003981071706,0.0001584893192,0.0001258925412,0.0001258925412,0.0005011872336,0.0002619137612,0.1081102042
471,0.0001258925412,0.0005011872336,0.0001,0.0001258925412,0.0001258925412,0.0001957729714,0.1083059772
472,0.0005011872336,0.0001258925412,0.0003981071706,0.0001258925412,0.0001,0.0002502158973,0.1085561931
473,0.0001258925412,0.0001258925412,0.0001258925412,0.0001258925412,0.0001258925412,0.0001258925412,0.1086820856
474,0.0001258925412,0.0001584893192,0.0001258925412,0.0003981071706,0.0001584893192,0.0001933741783,0.1088754598
475,0.0001258925412,0.0005011872336,0.0001258925412,0.0005011872336,0.0001258925412,0.0002760104182,0.1091514702