SCAN,6ft,5ft,4ft,3ft,2ft,1ft,6ft(log),5ft(log),4ft(log),3ft(log),2ft(log),1ft(log)
0,0.000007416928137,0.000005027116637,0.00004324107678,0.000008716731893,0.0001957729714,0.0003840250727,-51.29775929,-52.98681038,-43.641035,-50.59646312,-37.08247267,-34.1564042
1,0.00001294352832,0.000005788358226,0.00008408374667,0.00001894310314,0.0003061299879,0.0007408216638,-48.87947322,-52.37444599,-40.75287945,-47.22548876,-35.14094126,-31.30286326
2,0.00001687235701,0.00000852290827,0.0001593457851,0.00003525856622,0.0004812869468,0.001073163214,-47.72824244,-50.69412186,-37.9765942,-44.52735352,-33.17595917,-29.69334223
3,0.00002294673122,0.00001192362793,0.0001833582414,0.00003472476526,0.0008323563034,0.001676652254,-46.39279171,-49.23591584,-37.36699565,-44.59360681,-30.79690727,-27.75557003
4,0.00002910123908,0.00001585530953,0.0002223469248,0.00004661579842,0.001089091556,0.002143341564,-45.36088519,-47.99825275,-36.52968873,-43.31466873,-29.62935609,-26.68908614
5,0.00003551308111,0.00002275622384,0.0002789335468,0.00005584332875,0.001216324945,0.002569954766,-44.49611647,-46.42899803,-35.54499251,-42.53028702,-29.14950386,-25.90074521
6,0.00004324525098,0.00002602976578,0.0003058843736,0.00004489173371,0.001391481904,0.00307786873,-43.64061578,-45.8452974,-35.14442709,-43.47833622,-28.56522437,-25.11749907
7,0.00005099844129,0.00002762052743,0.0003574771864,0.00004216495507,0.001592433383,0.003507038023,-42.92443097,-45.58768033,-34.46751669,-43.75048358,-27.97938727,-24.55059526
8,0.00005662831581,0.00003541219596,0.0004140638084,0.00001408662264,0.001847827789,0.003826297579,-42.46966355,-44.50847141,-33.82932728,-48.51193119,-27.33338506,-24.17221257
9,0.00006350180595,0.00004206660819,0.0004401977854,0.00003706062726,0.002138564945,0.004131410647,-41.97213923,-43.76062504,-33.56352147,-44.31087234,-26.69877556,-23.83901636
10,0.00007021891547,0.00004393271324,0.0004692040508,0.0000236417938,0.002409396855,0.00444985929,-41.53545882,-43.57211974,-33.28638247,-46.26319575,-26.18091661,-23.51653722
11,0.0000773889304,0.00004985101637,0.0005583381155,0.00003776749182,0.002650694604,0.004733901477,-41.11321156,-43.02325983,-32.53102724,-44.22881856,-25.76640306,-23.24780785
12,0.00008357660432,0.00005495966854,0.000652713072,0.00003260978391,0.002906089009,0.005085732789,-40.77915278,-42.59955895,-31.8527769,-44.86652079,-25.36691088,-22.93646462
13,0.00008859564946,0.00006040412762,0.0006917017554,0.00005173850225,0.003046361109,0.005405330833,-40.52587604,-42.18933384,-31.60081122,-42.86186148,-25.16218618,-22.6717772
14,0.00009472981202,0.00006396319141,0.0008084781466,0.00002153850536,0.00324213408,0.005728148979,-40.23513324,-41.94069875,-30.92331715,-46.66784437,-24.89169029,-22.41985695
15,0.0001022046477,0.00006872553895,0.0008513893238,0.00005584332875,0.003492349978,0.006252258498,-39.90529354,-41.62881846,-30.698718,-42.53028702,-24.56882241,-22.03963074
16,0.0001078476619,0.00007238113107,0.0008911457322,0.00003381560045,0.003842868069,0.006645464755,-39.67189266,-41.40374635,-30.50051268,-44.70882897,-24.15344525,-21.77474641
17,0.0001112215038,0.00007500881613,0.0009325416061,0.00003520518613,0.004118878488,0.00716889239,-39.53811237,-41.24887689,-30.30331783,-44.53393355,-23.8522102,-21.44547939
18,0.0001186496701,0.00007687012692,0.0009935688331,0.00003579146813,0.004244771029,0.007513506222,-39.25733465,-41.14242402,-30.0280204,-44.46220487,-23.72145731,-21.2415735
19,0.0001244217586,0.00007979263364,0.001034411503,0.00004338914763,0.004445722508,0.008027217665,-39.05103665,-40.980372,-29.85306659,-43.62618881,-23.52057648,-20.95434961
20,0.0001294502143,0.00008702206397,0.001128616707,0.0000236417938,0.004810002766,0.008510676587,-38.87897226,-40.6037062,-29.47453525,-46.26319575,-23.17854674,-20.70035913
21,0.0001348609039,0.00009448199659,0.001177607955,0.000034999026,0.005146975465,0.008685996744,-38.70113934,-40.24650938,-29.28999269,-44.55944042,-22.88447902,-20.61180338
22,0.0001423854153,0.00009483040855,0.001253332098,0.00003852598403,0.005408889227,0.009185921822,-38.46534494,-40.23052378,-29.01933838,-44.1424626,-22.66891913,-20.36877255
23,0.0001506922996,0.0001047060565,0.001297329537,0.00004195879495,0.005677322343,0.009522376442,-38.2190894,-39.80028197,-28.86949694,-43.77176993,-22.45856447,-20.21254654
24,0.0001569924332,0.0001117360513,0.001335017438,0.00003076603569,0.005865714462,0.009837506601,-38.04121279,-39.5180668,-28.74513062,-45.1192846,-22.31679082,-20.07114963
25,0.0001630218558,0.0001173356478,0.001454654754,0.00005147896203,0.00614172488,0.01037844653,-37.87754167,-39.30570025,-28.37240069,-42.88370218,-22.11709642,-19.83867648
26,0.0001698557675,0.0001245476865,0.001515402671,0.00004405432501,0.006424254654,0.0108187387,-37.69919702,-39.04664335,-28.19471952,-43.56011449,-21.92177252,-19.65823368
27,0.0001762649588,0.0001278211437,0.0015431231,0.00005034891658,0.006700265072,0.01124337116,-37.53834016,-38.93397301,-28.11599427,-42.9800987,-21.73908016,-19.49103452
28,0.0001832716029,0.0001344040783,0.00157473093,0.00005221539083,0.006901216551,0.01165351864,-37.36904822,-38.71587553,-28.02793642,-42.82201467,-21.61074345,-19.33542925
29,0.0001888635228,0.0001399518622,0.001617695121,0.00004258896824,0.007088071374,0.01212124995,-37.23851914,-38.54021318,-27.91103324,-43.70702881,-21.49471918,-19.16452593
30,0.0001937745659,0.0001458386176,0.001649376111,0.000032663164,0.007213963915,0.0125708982,-37.12703227,-38.36127461,-27.826803,-44.85941749,-21.41826034,-19.00633691
31,0.0001993859342,0.0001529654768,0.001694659386,0.00005378172749,0.007403847612,0.0129378014,-37.00305483,-38.15406575,-27.70917579,-42.69365252,-21.30542529,-18.8813952
32,0.0002067864099,0.0001605242461,0.001727379787,0.00003054818265,0.007536259509,0.01333071132,-36.84478007,-37.94459361,-27.62612167,-45.15014621,-21.22844155,-18.75146676
33,0.0002137507531,0.0001685101008,0.001801614954,0.00004824562814,0.007777557258,0.01384067923,-36.70092346,-37.73374062,-27.44338022,-43.16542035,-21.09156783,-18.58842596
34,0.0002211099874,0.0001719810792,0.001830636166,0.00002824541718,0.007957892725,0.01445945082,-36.5539164,-37.6451933,-27.37397962,-45.49052006,-20.9920192,-18.39848202
35,0.0002288654428,0.000174499169,0.001867797172,0.00003956955285,0.008192671118,0.0146873762,-36.40419778,-37.58206637,-27.28670286,-44.02638857,-20.86574479,-18.33055781
36,0.0002352922788,0.0001779247998,0.001904413758,0.00003219746366,0.00837952594,0.01520108764,-36.28392324,-37.49763514,-27.2023869,-44.92178338,-20.7678055,-18.18125337
37,0.0002428420625,0.0001870671326,0.001939176357,0.00002078685136,0.00858047742,0.01538009542,-36.14676087,-37.28002511,-27.12382693,-46.82211289,-20.66488547,-18.1304097
38,0.0002483020721,0.0001881746493,0.001970784187,0.0000301358624,0.008773851598,0.0158306824,-36.05019656,-37.25438885,-27.05360931,-45.20916376,-20.56809716,-18.00500364
39,0.0002554086391,0.000193692172,0.002000072933,0.00005399665153,0.008974803078,0.01606714498,-35.92764417,-37.12887931,-26.98954167,-42.67633171,-20.46975072,-17.94061287
40,0.0002621777383,0.0001977412195,0.002078951846,0.00002317609345,0.009100695619,0.0164389873,-35.81404187,-37.03902792,-26.8215557,-46.34959767,-20.40925411,-17.8412494
41,0.0002691501668,0.0002079272275,0.002137845775,0.00004749397414,0.009281031086,0.01675025797,-35.70005347,-36.82088637,-26.70023628,-43.23361489,-20.32403773,-17.759785
42,0.0002780229289,0.0002143667362,0.002184983037,0.00005474637983,0.009483323413,0.01708850026,-35.55919386,-36.68842604,-26.6055193,-42.61644594,-20.23039438,-17.67296051
43,0.0002822332884,0.000219825922,0.00227515035,0.00004661579842,0.009670178236,0.01740950499,-35.49391764,-36.57921097,-26.42989898,-43.31466873,-20.14565521,-17.59213577
44,0.0002878857976,0.0002254472465,0.002364361744,0.000004229633149,0.009802590133,0.01766041796,-35.4077976,-36.46955065,-26.26286076,-53.73697299,-20.08659156,-17.52999022
45,0.0002950520834,0.0002263949318,0.002392829752,0.00004565022592,0.01010724896,0.01808311245,-35.30101314,-36.451333,-26.210882,-43.40557069,-19.95367037,-17.42726817
46,0.0003018423296,0.0002340242327,0.002429446338,0.00005584332875,0.01038325937,0.01831632033,-35.20219856,-36.3073917,-26.14492689,-42.53028702,-19.83666297,-17.3716177
47,0.0003080269539,0.0002357610642,0.002494649805,0.00003457409266,0.01050397341,0.01858902897,-35.11411279,-36.27527917,-26.02990411,-44.61249208,-19.78646386,-17.30743296
48,0.0003135398899,0.0002391494561,0.002536793258,0.00001621632451,0.01083442675,0.01893364281,-35.03707198,-36.21330603,-25.95714925,-47.90047573,-19.65194062,-17.2276582
49,0.0003193702061,0.0002426636801,0.002645909898,0.00002317609345,0.01118549611,0.01939127994,-34.95705601,-36.1499522,-25.77424949,-46.34959767,-19.51344749,-17.12393524
50,0.0003258287175,0.0002482261908,0.002709812584,0.00003344568152,0.01146150653,0.01989815189,-34.87010641,-36.05152397,-25.67060745,-44.7565995,-19.40758294,-17.01187258
51,0.0003308969461,0.0002542032274,0.002773715269,0.0000465293218,0.01164836135,0.02028850572,-34.80307241,-35.9481894,-25.56938123,-43.32273278,-19.33735165,-16.92749938
52,0.0003377704363,0.0002634907141,0.002831308416,0.00003956955285,0.01192437177,0.02074396476,-34.71378365,-35.79234686,-25.4801282,-44.02638857,-19.23564492,-16.83108234
53,0.0003455167568,0.0002672379853,0.002902577008,0.00003949227067,0.01232988405,0.02107536757,-34.61530885,-35.73101811,-25.37216249,-44.03487895,-19.09041007,-16.76224842
54,0.0003537395867,0.0002689015026,0.002951015052,0.00005050655131,0.01254387424,0.02145743763,-34.51316336,-35.70406771,-25.30028575,-42.96652285,-19.01568309,-16.68422141
55,0.0003601187507,0.0002725955932,0.002993711708,0.00003219746366,0.01266976678,0.02196953172,-34.43554265,-35.64481169,-25.23790024,-44.92178338,-18.97231379,-16.581792
56,0.0003668878499,0.0002757938218,0.003055760407,0.0000407753694,0.01302083614,0.02248611987,-34.3546667,-35.59415467,-25.148807,-43.89602096,-18.85361126,-16.48085479
57,0.0003725163666,0.0002814864106,0.003125957684,0.00002568501904,0.01322830697,0.02310868118,-34.28854642,-35.50542567,-25.05016905,-45.90320108,-18.78495736,-16.36224839
58,0.0003781055495,0.0002832567881,0.003193559558,0.00004032120685,0.01340864244,0.0235855579,-34.22386948,-35.47819674,-24.9572498,-43.94466478,-18.7261519,-16.27353846
59,0.0003833540605,0.000288937734,0.003219426001,0.0000521441394,0.01361093477,0.02389067097,-34.16399932,-35.39195737,-24.92221553,-42.82794496,-18.66112047,-16.21771653
60,0.0003908414556,0.0002921960476,0.003262337178,0.00004682195855,0.0138184056,0.0240382947,-34.07999378,-35.34325663,-24.86471155,-43.29550424,-18.59542064,-16.19096345
61,0.0003986274264,0.0003003022151,0.003362622452,0.00006759235782,0.01393911964,0.02439102197,-33.99432824,-35.22441464,-24.73321892,-41.70102404,-18.55764654,-16.12770003
62,0.0004066253141,0.0003034085783,0.003425224355,0.00003936339273,0.01414141196,0.02492073162,-33.90805588,-35.17972145,-24.65310977,-44.04907477,-18.49507226,-16.03439212
63,0.000414386402,0.0003049838705,0.003476239342,0.00003479286587,0.01428034322,0.02543769776,-33.82594504,-35.15723128,-24.5889033,-44.58509797,-18.45261354,-15.94522197
64,0.0004208391804,0.000308113574,0.003512073257,0.00002590955519,0.01448263554,0.02574965031,-33.75883834,-35.11289168,-24.54436434,-45.86540043,-18.39152398,-15.89228664
65,0.0004273083172,0.0003118358277,0.0035379397,0.0000495555754,0.01468358702,0.02591956341,-33.69258654,-35.06073989,-24.51249573,-43.04907477,-18.33167839,-15.86372318
66,0.0004329273292,0.0003134344603,0.003575857068,0.0000276269368,0.0149661168,0.02619544966,-33.63584998,-35.03853257,-24.46619849,-45.58667266,-18.2489087,-15.81774142
67,0.0004405718934,0.0003176772706,0.003641125325,0.00004522621275,0.01510504805,0.02646899049,-33.55983212,-34.98013857,-24.38764373,-43.44609779,-18.20877889,-15.77262622
68,0.0004464938495,0.0003275023772,0.003717402673,0.0000512728019,0.01530599953,0.02686388115,-33.50184519,-34.84785543,-24.29760393,-42.90112949,-18.15138304,-15.70831243
69,0.000454261705,0.0003321556729,0.003763239152,0.00002783309693,0.01559504866,0.0271726136,-33.42693873,-34.78658326,-24.24438182,-45.55438468,-18.07013266,-15.65868587
70,0.0004613408669,0.0003372324633,0.003802254144,0.0000382664438,0.01579600014,0.02749408956,-33.35978073,-34.72070625,-24.19958858,-44.17181896,-18.01452871,-15.60760657
71,0.0004682083793,0.0003393904327,0.00384527797,0.00004971945742,0.01593493139,0.0280975786,-33.29560818,-34.69300404,-24.1507226,-43.03473619,-17.97649802,-15.51331105
72,0.0004750315648,0.0003460633445,0.003876275381,0.00004934941527,0.01612830557,0.02853938486,-33.23277532,-34.60844399,-24.11585377,-43.06717989,-17.92411257,-15.44555392
73,0.0004827219811,0.0003540788518,0.003895832286,0.00004292344728,0.01631516039,0.02898185513,-33.16302925,-34.50900012,-24.09399748,-43.67305406,-17.87408652,-15.37873819
74,0.0004907399564,0.0003604150357,0.00392799332,0.00002338225358,0.01650201521,0.02925362503,-33.0914858,-34.431971,-24.05829259,-46.31113634,-17.82463017,-15.3382031
75,0.0004957523809,0.0003638739762,0.004004875007,0.00003689686845,0.01670296669,0.02956339949,-33.04735191,-34.39049003,-23.97411034,-44.33010492,-17.77206385,-15.29245628
76,0.000500759179,0.0003710093574,0.004066923706,0.00002783309693,0.01703342004,0.03021246119,-33.00371081,-34.30615137,-23.90733975,-45.55438468,-17.68698144,-15.19813894
77,0.0005072827295,0.0003762013854,0.004134768907,0.00005801379764,0.01731594981,0.03085702884,-32.94749923,-34.24579609,-23.83548758,-42.36468704,-17.61553682,-15.10645894
78,0.0005142250304,0.0003817416819,0.004193182792,0.00001642248463,0.01751690129,0.03102694194,-32.88846787,-34.18230417,-23.77456205,-47.84561136,-17.56542717,-15.08261027
79,0.0005214947416,0.0003871836786,0.004277055514,0.00002997210359,0.01779291171,0.03150590353,-32.82750066,-34.12082958,-23.68855113,-45.23282775,-17.49752976,-15.01608061
80,0.0005272733242,0.0003896856366,0.004355731286,0.00003217801236,0.01798868468,0.03179806243,-32.779642,-34.09285602,-23.60938921,-44.92440786,-17.45000591,-14.97599342
81,0.0005367893675,0.0004037475645,0.004424074577,0.00005843873097,0.01818445765,0.03209164134,-32.70196095,-33.93890084,-23.54177561,-42.33299224,-17.40299647,-14.9360807
82,0.0005453241497,0.000404448036,0.00445939038,0.00004728781401,0.01837131247,0.03237951684,-32.63345269,-33.93137269,-23.50724507,-43.25250762,-17.35859816,-14.89729636
83,0.0005518832086,0.0004108322243,0.004485524357,0.00002025317362,0.01860091236,0.03267167575,-32.58152819,-33.86335499,-23.48186781,-46.93506914,-17.30465753,-14.8582859
84,0.0005576931579,0.0004139128486,0.004624943516,0.0000275828615,0.01885630676,0.03312931288,-32.53604684,-33.83091092,-23.34893567,-45.59360681,-17.24543365,-14.79787572
85,0.0005639961466,0.0004161360116,0.004701220864,0.00004988321623,0.01911170117,0.0333518312,-32.48723863,-33.807647,-23.27789345,-43.02045553,-17.18700654,-14.76880316
86,0.0005688304039,0.0004213367852,0.004766409385,0.00003730179147,0.01930747414,0.03359479478,-32.45017199,-33.75370623,-23.21808659,-44.2827031,-17.14274538,-14.73728008
87,0.0005754784331,0.0004308123017,0.004888998331,0.00005435439749,0.01954225253,0.03400952612,-32.39970948,-33.65711904,-23.10780111,-42.64765314,-17.09025379,-14.68399419
88,0.000582308203,0.0004337504322,0.004967862297,0.00004195879495,0.01971740949,0.03434870715,-32.34847092,-33.62760079,-23.03830451,-43.77176993,-17.05150144,-14.64089605
89,0.0005896734687,0.0004388056644,0.005049692838,0.0000465293218,0.01991836097,0.03465026163,-32.29388412,-33.57727775,-22.96735038,-43.32273278,-17.00746401,-14.60293482
90,0.0005968319334,0.000444450035,0.005124116199,0.00003756204583,0.02012583181,0.03508810511,-32.24147948,-33.52177055,-22.9038103,-44.25250762,-16.96246161,-14.54840085
91,0.0006026359049,0.0004482179921,0.005163658087,0.00002891059456,0.02051072808,0.03538386211,-32.19944997,-33.48510714,-22.87042522,-45.38942977,-16.88018923,-14.51194766
92,0.0006089889937,0.0004564439053,0.005192679298,0.00002809263715,0.02071167956,0.03576697418,-32.15390556,-33.40612587,-22.84608499,-45.5140749,-16.83784682,-14.46517799
93,0.0006171290316,0.0004578639951,0.005234075172,0.00004242449529,0.02083891295,0.0360264718,-32.09624023,-33.39263507,-22.81160044,-43.72383316,-16.8112494,-14.43378268
94,0.0006236744155,0.0004682721461,0.005370542702,0.00003546472635,0.02102576777,0.03637108564,-32.05042071,-33.29501674,-22.69981826,-44.50203387,-16.77248137,-14.39243736
95,0.0006297172148,0.0004698855696,0.005476504574,0.00005454021971,0.02146510696,0.03683777494,-32.00854434,-33.28007892,-22.61496545,-42.63283117,-16.68266943,-14.3370661
96,0.0006351959821,0.000472778618,0.005517900448,0.000034999026,0.02175432828,0.03749717096,-31.97092258,-33.25342173,-22.58226139,-44.55944042,-16.62454322,-14.26001497
97,0.0006443834738,0.0004801462546,0.005551362265,0.00002792887834,0.02193010284,0.03786264174,-31.90855606,-33.18626455,-22.55600431,-45.53946506,-16.58959332,-14.21789088
98,0.0006505157963,0.0004828595243,0.005620258759,0.00004522621275,0.02213105432,0.03814702242,-31.86742153,-33.16179198,-22.50243689,-43.44609779,-16.54997896,-14.18539355
99,0.0006565068327,0.0004942555567,0.005698186953,0.00001207840147,0.02230682761,0.03849885373,-31.8276075,-33.06048439,-22.44263306,-49.17990539,-16.51562189,-14.14552201
100,0.0006624395977,0.0005025114864,0.005736695593,0.00003546472635,0.02249742207,0.03872270554,-31.78853715,-32.98854007,-22.41338195,-44.50203387,-16.47867244,-14.12034306
101,0.0006676956813,0.0005095323976,0.00577623748,0.000032663164,0.02269837355,0.03906094784,-31.75421433,-32.92828197,-22.3835496,-44.85941749,-16.44005261,-14.08257222
102,0.0006736920806,0.0005108327416,0.005802103923,0.00005118632528,0.02289932503,0.03924170079,-31.71538558,-32.91721275,-22.36414497,-42.90846048,-16.40177319,-14.06252178
103,0.0006843117643,0.000518971598,0.005827970366,0.00005034891658,0.02313410343,0.03960576488,-31.64745994,-32.84856409,-22.34482665,-42.9800987,-16.35747327,-14.02241595
104,0.0006909918933,0.0005280677308,0.005899468425,0.00003956955285,0.02340493534,0.04008845239,-31.60527048,-32.77310371,-22.29187119,-44.02638857,-16.30692554,-13.96980709
105,0.0006980429416,0.0005403139812,0.005976843415,0.0000331976791,0.02359179016,0.04068790156,-31.5611786,-32.67353794,-22.23528122,-44.78892277,-16.27239103,-13.90534708
106,0.0007045594012,0.0005498928225,0.006026049184,0.00001651826605,0.02392876286,0.04095283198,-31.52082386,-32.59721949,-22.19967328,-47.82035543,-16.21079754,-13.8771606
107,0.0007129833772,0.0005558551324,0.006130710273,0.00004708149877,0.02412516591,0.04137346407,-31.46920595,-32.5503838,-22.12489207,-43.2714972,-16.17529691,-13.83278115
108,0.000719810198,0.0005619238438,0.006167326859,0.00002376237545,0.02438707967,0.04190756451,-31.42782005,-32.50322539,-22.09903034,-46.24110146,-16.12840203,-13.77707578
109,0.0007261405485,0.0005632371956,0.006205244227,0.00002829879728,0.02456223663,0.0420829104,-31.38979311,-32.49308673,-22.07241121,-45.48232022,-16.09732089,-13.75894233
110,0.0007337631484,0.0005668629518,0.006241845866,0.00002301233464,0.02474909145,0.04264779464,-31.34444103,-32.46521926,-22.0468696,-46.38039319,-16.0644074,-13.70103422
111,0.0007386850115,0.0005722201586,0.006279763235,0.00001898479032,0.02496308165,0.04282311479,-31.31540713,-32.42436847,-22.0205673,-47.21594195,-16.02701803,-13.68321747
112,0.0007452862996,0.0005797835263,0.006366587585,0.00003479286587,0.02521847605,0.04333662889,-31.27676862,-32.36734129,-21.96093282,-44.58509797,-15.98281161,-13.63144875
113,0.0007525998024,0.000584428583,0.006396894633,0.00004402039621,0.0254597738,0.04388404362,-31.234359,-32.33268552,-21.94030803,-43.56346053,-15.94145459,-13.57693362
114,0.000759035069,0.0005904159521,0.006471129801,0.00000480571221,0.02577613049,0.04438835948,-31.19738158,-32.28841917,-21.89019889,-53.1824224,-15.88782278,-13.52730905
115,0.0007662202064,0.0005974784027,0.006545364968,0.00007426551013,0.0260521409,0.04497397611,-31.15646399,-32.23677789,-21.84066132,-41.29212831,-15.84156582,-13.47038715
116,0.0007744665483,0.0005986392806,0.006578826785,0.00005034891658,0.02638259425,0.04526213464,-31.10997336,-32.2283479,-21.81851548,-42.9800987,-15.78682502,-13.44264968
117,0.0007815550717,0.0006012804324,0.006629118815,0.00004195879495,0.02655775121,0.04563303822,-31.07040414,-32.20922929,-21.78544197,-43.77176993,-15.75808702,-13.40720615
118,0.0007872559631,0.0006042931814,0.006698015309,0.00004661579842,0.02673290817,0.0459345927,-31.03884041,-32.18752306,-21.74053864,-43.31466873,-15.72953793,-13.3786013
119,0.0007927369321,0.0006076063548,0.006726809065,0.00003034202252,0.02693385965,0.04634755312,-31.00870908,-32.16377693,-21.72190899,-45.17955474,-15.69701407,-13.33973189
120,0.0008003578691,0.0006131360523,0.006765797748,0.00003613674193,0.02706627154,0.04674046304,-30.96715781,-32.12443147,-21.69680989,-44.42051006,-15.67571565,-13.3030699
121,0.000804742225,0.0006236271102,0.006804038853,0.00005419051546,0.02739154638,0.04706794258,-30.94343211,-32.05075014,-21.67233215,-42.66076718,-15.62383449,-13.27274785
122,0.0008167799399,0.0006264632081,0.006868006328,0.00001673540495,0.02756670334,0.04757369087,-30.87894937,-32.0310443,-21.63169313,-47.76363774,-15.59615167,-13.22633154
123,0.0008245659107,0.0006305985198,0.006916178849,0.00001668202485,0.02785457112,0.04812502887,-30.83774624,-32.00247053,-21.60133785,-47.77751236,-15.55103524,-13.17628997
124,0.0008312344458,0.0006401365987,0.006950461404,0.000029429675,0.02800654108,0.04855743955,-30.80276468,-31.93727342,-21.57986364,-45.31214534,-15.52740525,-13.13744222
125,0.0008375509378,0.0006432697263,0.006998899448,0.00004195879495,0.02822053128,0.04873596306,-30.76988771,-31.91606887,-21.54970246,-43.77176993,-15.49434814,-13.12150448
126,0.0008448300106,0.0006464248031,0.007076692099,0.00001924433054,0.02842148275,0.04907420535,-30.73230667,-31.89481988,-21.501697,-47.15697192,-15.46353269,-13.09146724
127,0.0008502757625,0.0006480183214,0.007132162637,0.00003999356602,0.02869749317,0.04967085491,-30.70440201,-31.88412715,-21.46778762,-43.9800987,-15.42156039,-13.03898365
128,0.0008567123026,0.000649505374,0.00725161176,0.0000187252501,0.02897484444,0.05001596242,-30.67164996,-31.87417251,-21.39565455,-47.27572373,-15.37978887,-13.0089137
129,0.0008628860334,0.0006541026947,0.007276924999,0.000005324792654,0.02917061741,0.05046494666,-30.6404656,-31.84354062,-21.38052101,-52.73697299,-15.35054379,-12.97010181
130,0.0008680057342,0.0006580560504,0.007358943734,0.00005008568896,0.02929133144,0.05083840632,-30.61477406,-31.81737113,-21.33184518,-43.00286348,-15.33260887,-12.93808072
131,0.000875546383,0.0006631768358,0.007447068867,0.00001680260651,0.02949362377,0.05127848866,-30.57720842,-31.78370652,-21.2801463,-47.74623343,-15.30271864,-12.90064783
132,0.0008821228819,0.0006678096301,0.007477375915,0.00004543237288,0.02960504586,0.05172832998,-30.54470912,-31.75347323,-21.26250785,-43.4263458,-15.28634262,-12.86271542
133,0.0008877623694,0.0006742491388,0.007562549419,0.00002917013478,0.02978020282,0.05213445092,-30.51703268,-31.711796,-21.21331774,-45.35061564,-15.26072349,-12.82875196
134,0.000894310618,0.0006847577438,0.007605246075,0.00004242449529,0.02997597579,0.05252018286,-30.48511613,-31.64463048,-21.18886729,-43.72383316,-15.23226671,-12.7967377
135,0.0008999054334,0.0006898811227,0.00765052935,0.00004187231832,0.03011659507,0.05285252441,-30.45803126,-31.61225739,-21.16308514,-43.78072993,-15.2119413,-12.76934265
136,0.0009063416655,0.000691020726,0.00769137202,0.00003726678739,0.0304056442,0.05305272762,-30.42708055,-31.60508927,-21.13996182,-44.28678044,-15.17045791,-12.75292283
137,0.0009146012966,0.0006964652953,0.007723533054,0.00003752632761,0.0307426169,0.05344706997,-30.38768187,-31.57100519,-21.1218399,-44.25663934,-15.12259167,-12.72076098
138,0.0009220725378,0.0007009756671,0.007748846293,0.00003793196476,0.03087502879,0.05378577978,-30.35234912,-31.54297057,-21.10762954,-44.20994662,-15.10392629,-12.69332531
139,0.0009302026548,0.000704825698,0.007824570436,0.00002410749415,0.03100092134,0.05416801689,-30.31422425,-31.5191827,-21.06539496,-46.1784793,-15.08625399,-12.66257064
140,0.0009372664671,0.0007086285575,0.007845428124,0.00003336143791,0.03127693175,0.05449330502,-30.28136921,-31.4958135,-21.05383352,-44.76755239,-15.04775858,-12.63656851
141,0.0009428516658,0.0007140329357,0.007886823998,0.00003546472635,0.03156080238,0.05470578051,-30.25556627,-31.46281755,-21.03097851,-44.50203387,-15.00851964,-12.61966781
142,0.0009493802094,0.0007179944988,0.007926365885,0.0000398621896,0.03176175385,0.05486708321,-30.22559826,-31.43878883,-21.00925884,-43.9943885,-14.98095524,-12.60688127
143,0.0009583101094,0.0007244340074,0.008041777117,0.00003382713826,0.03204428363,0.05526970932,-30.1849393,-31.40001171,-20.94647968,-44.70734742,-14.94249433,-12.57512819
144,0.0009653223859,0.000732539526,0.008142461612,0.00004422655633,0.03240187234,0.05580447377,-30.15327622,-31.35168937,-20.8924428,-43.54316875,-14.89429893,-12.53330983
145,0.0009715323279,0.0007371922255,0.008183038759,0.00004708149877,0.03259764531,0.05627977348,-30.12542744,-31.32419254,-20.87085392,-43.2714972,-14.8681377,-12.49647659
146,0.000978693698,0.0007384376809,0.008270949371,0.00003043780394,0.03272353785,0.05649996342,-30.09353208,-31.3168615,-20.82444638,-45.16586685,-14.85139749,-12.47951833
147,0.0009860223112,0.0007439950019,0.0082986698,0.00001694156508,0.03293100869,0.05695182436,-30.06113258,-31.28429982,-20.80991515,-47.71046472,-14.82394966,-12.44492359
148,0.0009928978353,0.0007513859788,0.008335286386,0.0000285583375,0.03320701911,0.05740946149,-30.03095436,-31.24136913,-20.79079474,-45.44267078,-14.78770108,-12.41016527
149,0.0009988724193,0.0007563376463,0.008412864515,0.00004708149877,0.03347545222,0.05765960304,-30.00489978,-31.21284282,-20.75056105,-43.2714972,-14.75273547,-12.39128352
150,0.001005880652,0.0007605762828,0.008505418872,0.00002253710761,0.03366230705,0.05787751133,-29.97453545,-31.18857221,-20.70304294,-46.47101822,-14.72856123,-12.37490151
151,0.001012209675,0.0007634574271,0.008614535513,0.0000553095278,0.03393831746,0.05822755795,-29.94729516,-31.17215176,-20.64768134,-42.57200049,-14.69309692,-12.34871424
152,0.001019985737,0.0007683651814,0.008655592704,0.00003113446465,0.03417309586,0.05891418246,-29.91405901,-31.14432323,-20.62703188,-45.06758597,-14.66315675,-12.29780145
153,0.001026571378,0.0007722160453,0.008706069434,0.00004988321623,0.03442849026,0.05937725238,-29.88610849,-31.12261179,-20.60177874,-43.02045553,-14.63082021,-12.26379903
154,0.00103289425,0.0007757080369,0.008756361464,0.00005584332875,0.0345543828,0.05991667822,-29.8594414,-31.10301709,-20.57676319,-42.53028702,-14.6149686,-12.22452272
155,0.001040230199,0.0007793096478,0.008843558707,0.00003203191543,0.0347891612,0.06043582246,-29.82870542,-31.08289947,-20.53372937,-44.94417091,-14.58556042,-12.18705563
156,0.001045572773,0.0007847134549,0.008873880701,0.00001708766201,0.03492157309,0.0608419434,-29.80645734,-31.05288901,-20.51886414,-47.67317355,-14.56906201,-12.15796922
157,0.001052669878,0.0007877045298,0.008911798069,0.00004199956196,0.03505398499,0.06134675296,-29.77707804,-31.03636657,-20.50034663,-43.76755239,-14.55262604,-12.12208419
158,0.001059122563,0.00078861246,0.00892846774,0.00005241051784,0.03523432046,0.0615383715,-29.7505378,-31.03136365,-20.49223066,-42.80581549,-14.530341,-12.10854001
159,0.001064799358,0.0007922852996,0.009033128829,0.00004216495507,0.03544179129,0.06180330192,-29.72732219,-31.01118402,-20.44161796,-43.75048358,-14.50484336,-12.08988322
160,0.001074005588,0.0007932676997,0.009129311423,0.00002390133402,0.03570370505,0.06221391692,-29.68993459,-31.00580229,-20.39561978,-46.21577859,-14.47286714,-12.06112455
161,0.001081911854,0.0007949262015,0.009195517158,0.00005454021971,0.03589707923,0.0625622534,-29.65808121,-30.99673188,-20.36423841,-42.63283117,-14.44940886,-12.03687617
162,0.001089892473,0.0007975409287,0.009262559666,0.00004608199747,0.03609803071,0.0629728684,-29.62616347,-30.9824702,-20.33268981,-43.36468704,-14.4251649,-12.00846524
163,0.001096405502,0.0008032187908,0.009329851663,0.00004608199747,0.03628488553,0.06331530413,-29.60028794,-30.9516614,-20.30125261,-43.36468704,-14.40274243,-11.98491303
164,0.001103333603,0.0008088072268,0.009415908288,0.00004312960741,0.03648583701,0.06363824683,-29.57293155,-30.92154977,-20.2613778,-43.65224495,-14.37875686,-11.96281793
165,0.001109478102,0.0008167360669,0.009453825656,0.00004216495507,0.03667921119,0.06415610894,-29.54881265,-30.87918266,-20.24392411,-43.75048358,-14.35580013,-11.92761984
166,0.001118272975,0.000824393012,0.009485986691,0.00003956955285,0.03691398959,0.06450521682,-29.5145217,-30.83865698,-20.22917489,-44.02638857,-14.32809015,-11.90405161
167,0.001123925186,0.0008294496985,0.009541805588,0.000038102685,0.03711494107,0.06479956713,-29.49262597,-30.81209946,-20.20369436,-44.1904442,-14.30451225,-11.88427895
168,0.001130601586,0.0008374000796,0.009570811853,0.00003819150498,0.03724083361,0.06520400366,-29.4669041,-30.77067002,-20.19051221,-44.18033227,-14.28980606,-11.85725737
169,0.001138546903,0.0008392428444,0.009601118901,0.00004052736698,0.03737976486,0.06546667889,-29.43649074,-30.76112353,-20.17678152,-43.92251611,-14.27363435,-11.8397969
170,0.001144136086,0.0008449587736,0.009645330861,0.00003491254938,0.03759375505,0.06564854922,-29.41522317,-30.7316448,-20.1568287,-44.57018437,-14.24884293,-11.82774867
171,0.001150775415,0.0008490305097,0.009693027489,0.00004728781401,0.03780122589,0.06593386864,-29.39009425,-30.71076703,-20.13540556,-43.25250762,-14.22494116,-11.80891441
172,0.001156851381,0.000852936694,0.009742018737,0.00004292344728,0.03807857715,0.06635038765,-29.36722431,-30.69083202,-20.11351039,-43.67305406,-14.19319288,-11.78156535
173,0.001164637351,0.0008575425802,0.009807222204,0.00005801379764,0.03832879305,0.06667426909,-29.33809286,-30.66744306,-20.08453985,-42.36468704,-14.16474856,-11.76041737
174,0.001174003025,0.0008631165457,0.009867970121,0.00005239214182,0.03850912852,0.06691431646,-29.30330784,-30.63930558,-20.05772174,-42.80733847,-14.1443631,-11.74480954
175,0.001181461408,0.0008726577684,0.009962175324,0.00004016428626,0.03870902205,0.06751763817,-29.2758046,-30.59156041,-20.01645819,-43.96159946,-14.12187801,-11.70582758
176,0.001189327741,0.0008745338109,0.01006190739,0.00002783309693,0.03906072149,0.06785447377,-29.24698451,-30.58223395,-19.97319684,-45.55438468,-14.08259739,-11.68421513
177,0.001196047222,0.0008779458858,0.01018154471,0.00005008937635,0.03931611589,0.06819053797,-29.22251673,-30.56532252,-19.92186327,-43.00254376,-14.05429393,-11.66275883
178,0.001201732991,0.0008886629943,0.01027075611,0.00001668202485,0.03951706737,0.06869913724,-29.20192016,-30.51262904,-19.88397583,-47.77751236,-14.03215293,-11.63048717
179,0.001208289905,0.0008937965181,0.01030237888,0.00004971945742,0.03971801885,0.06895611827,-29.17828853,-30.48761342,-19.87062483,-43.03473619,-14.01012422,-11.61427194
180,0.001214056712,0.0008982473067,0.0104576654,0.0000382664438,0.0400484722,0.06929482809,-29.15761026,-30.46604076,-19.80565258,-44.17181896,-13.97414047,-11.59299178
181,0.001221893702,0.0009038885364,0.01048483262,0.00004912472402,0.04024942368,0.06955180912,-29.12966574,-30.43885122,-19.79438498,-43.08699876,-13.95240334,-11.57691569
182,0.001227601684,0.0009088688354,0.01051829444,0.00003110051473,0.04045037516,0.07004528514,-29.10942524,-30.41498788,-19.78054676,-45.07232423,-13.93077446,-11.54621092
183,0.001234556665,0.0009122408064,0.01054416088,0.00003905888593,0.04058930641,0.07032333706,-29.08488972,-30.39890505,-19.76987976,-44.08280148,-13.9158837,-11.52900529
184,0.001241232515,0.0009158350149,0.01058815832,0.00004032804506,0.04077616123,0.07062593354,-29.06146856,-30.38182756,-19.75179574,-43.9439283,-13.89593662,-11.51035799
185,0.00124791884,0.0009187950312,0.01061532555,0.00004888355981,0.04111313393,0.07109428637,-29.03813659,-30.36781362,-19.74066682,-43.10837175,-13.86019417,-11.48165301
186,0.001254027395,0.0009212946784,0.01069692662,0.00004258896824,0.04145010663,0.07133758844,-29.01692976,-30.35601437,-19.70740983,-43.70702881,-13.82474348,-11.46681576
187,0.001260239198,0.0009246563169,0.01074591787,0.00002104639158,0.04165757746,0.07157622912,-28.99547016,-30.34019659,-19.68756483,-46.76822354,-13.80305989,-11.45231185
188,0.00126504436,0.0009297796958,0.01078383524,0.00001642248463,0.04179650872,0.0721357063,-28.97894245,-30.31619942,-19.67226756,-47.84561136,-13.78859994,-11.41849712
189,0.001269408635,0.0009304753669,0.01082597869,0.00004661579842,0.04201049891,0.07239923003,-28.96398552,-30.3129512,-19.65532832,-43.31466873,-13.76642161,-11.40266053
190,0.001276092905,0.0009350281012,0.01088487262,0.00003806028368,0.04228133082,0.07262308184,-28.94117706,-30.29175337,-19.63176649,-44.19527979,-13.73851352,-11.38925325
191,0.001282450444,0.0009385088993,0.01091833444,0.00003566420338,0.04249532101,0.07288257947,-28.91959408,-30.27561605,-19.61843607,-44.47767472,-13.71658886,-11.37376265
192,0.001289491506,0.0009445771269,0.01097155177,0.00002627975245,0.04263425226,0.07330955735,-28.89581514,-30.24762575,-19.59731943,-45.8037873,-13.70241349,-11.34839403
193,0.00129559555,0.0009487201829,0.01103551924,0.00004163115411,0.04288206937,0.07388671387,-28.87530552,-30.2286186,-19.57207228,-43.80581549,-13.67724265,-11.31433648
194,0.001303117608,0.0009561866349,0.01111124339,0.00005378172749,0.04313746377,0.07437701228,-28.85016387,-30.19457331,-19.54237339,-42.69365252,-13.65145392,-11.28561271
195,0.001308764186,0.0009625502882,0.01116783001,0.00002803925706,0.04348853313,0.07470300803,-28.83138598,-30.16576572,-19.52031205,-45.52233498,-13.61625241,-11.2666191
196,0.001315465605,0.0009711185689,0.01124432188,0.0000382664438,0.04362094502,0.07535556457,-28.80920503,-30.12727742,-19.49066731,-44.17181896,-13.6030493,-11.22884672
197,0.001322916866,0.000977015621,0.01129461391,0.00002870443443,0.04399174464,0.07601756285,-28.78467447,-30.10098493,-19.4712861,-45.42051006,-13.56628814,-11.19086058
198,0.001330210514,0.0009889562971,0.01134175117,0.00003336143791,0.04413719525,0.07630878301,-28.76079624,-30.048229,-19.45319885,-44.76755239,-13.55195268,-11.17425473
199,0.001337082639,0.000994150164,0.01138471536,0.00002870443443,0.04441320566,0.07677519787,-28.7384175,-30.02548012,-19.43677823,-45.42051006,-13.52487879,-11.14779056
200,0.001344592685,0.0009973937509,0.01142762654,0.00002338225358,0.04475017836,0.07700622766,-28.71409256,-30.01133357,-19.42043961,-46.31113634,-13.49205229,-11.13474151
201,0.00134966082,0.001002366446,0.01150390388,0.00004292344728,0.04502618878,0.07733222341,-28.69775359,-29.9897348,-19.39154756,-43.67305406,-13.46534812,-11.11639503
202,0.001357160687,0.001003632749,0.01155419591,0.0000398621896,0.04522714026,0.07759031435,-28.67368729,-29.98425176,-19.37260273,-43.9943885,-13.44600872,-11.10192489
203,0.001365934414,0.00100949283,0.01159689257,0.00002803925706,0.04551618939,0.07802721909,-28.64570153,-29.95896761,-19.35658366,-45.52233498,-13.41834104,-11.07753871
204,0.001372213819,0.001020539057,0.01166797297,0.00003965602948,0.04571714087,0.07833233215,-28.62578211,-29.9117037,-19.33004586,-44.01690771,-13.39920938,-11.06058943
205,0.001382608411,0.001023996135,0.01170589034,0.00002783309693,0.04607472958,0.07864933652,-28.59300805,-29.89701683,-19.31595549,-45.55438468,-13.36537205,-11.04304937
206,0.001390204864,0.00102773972,0.01177163206,0.00004179503614,0.04642579894,0.07912192985,-28.56921196,-29.88116859,-19.29163321,-43.78875295,-13.33240614,-11.01703128
207,0.001397526699,0.001030836312,0.01182453702,0.0000398621896,0.04670832871,0.07954256194,-28.54639886,-29.86810291,-19.27215855,-43.9943885,-13.30605672,-10.99400425
208,0.001404648236,0.001032383066,0.01187352827,0.00002058069123,0.04682904275,0.08020979994,-28.52432422,-29.86159128,-19.25420209,-46.86540043,-13.2948472,-10.95772567
209,0.001410710526,0.001038345376,0.01193250193,0.00006128121544,0.04700937821,0.08057976478,-28.50562093,-29.83658167,-19.23268487,-42.1267263,-13.27815493,-10.93774005
210,0.001416258987,0.001047266895,0.01196678449,0.00003089435461,0.04714179011,0.08113110278,-28.48857321,-29.79942625,-19.2202253,-45.10120873,-13.2659393,-10.90812621
211,0.001424567463,0.001055334105,0.01204601347,0.00001642248463,0.04734274159,0.08157139495,-28.46316979,-29.76610027,-19.19156656,-47.84561136,-13.24746596,-10.88462111
212,0.001434614131,0.001062986789,0.0120815968,0.0000235884137,0.04748167284,0.08194679258,-28.43264896,-29.73472133,-19.17875662,-46.27301264,-13.23473989,-10.8646804
213,0.001441192979,0.001064840464,0.01212374026,0.00004216495507,0.04768262432,0.08224438428,-28.41277862,-29.72715454,-19.16363377,-43.75048358,-13.2163985,-10.84893746
214,0.001446442949,0.001068718326,0.01215146068,0.00003949227067,0.04804021303,0.08255199307,-28.39698691,-29.71136743,-19.15371514,-44.03487895,-13.18395075,-10.83272437
215,0.001454391516,0.001074265232,0.0122241098,0.00004749397414,0.04837066638,0.08275729058,-28.37318668,-29.6888848,-19.12782758,-43.23361489,-13.15417929,-10.82193736
216,0.001460491966,0.0010751882,0.01224997624,0.00003054818265,0.04858465657,0.08342678079,-28.35500828,-29.68515511,-19.11864754,-45.15014621,-13.13500863,-10.78694514
217,0.001467548134,0.00108082541,0.01230026827,0.00004912472402,0.04886066699,0.08371082297,-28.33407645,-29.66244454,-19.10085416,-43.08699876,-13.11040609,-10.77218388
218,0.001474334447,0.00108216528,0.0123591622,0.00005474637983,0.04906813782,0.08399898151,-28.31403987,-29.65706404,-19.08010968,-42.61644594,-13.09200424,-10.7572598
219,0.001480324219,0.001084964621,0.0124170496,0.00003726678739,0.0492690893,0.0845604137,-28.29643155,-29.64584423,-19.05981584,-44.28678044,-13.07425465,-10.72832901
220,0.001488993709,0.001095134814,0.01252540988,0.000034999026,0.04959954265,0.08487745565,-28.27107137,-29.60532415,-19.02208053,-44.55944042,-13.04522328,-10.71207648
221,0.001494376667,0.001101718152,0.01260298801,0.00004645203961,0.04983432104,0.08516961455,-28.25539922,-29.57929495,-18.99526477,-43.32995212,-13.02471454,-10.69715318
222,0.001500181623,0.001105509646,0.01262652042,0.00004859092306,0.05002117586,0.08560202523,-28.23856159,-29.56437464,-18.98716315,-43.13444851,-13.00846103,-10.6751596
223,0.001505505727,0.001106700497,0.01267995228,0.00002553963625,0.05022212734,0.08603558532,-28.22317588,-29.55969895,-18.96882381,-45.92785292,-12.99104895,-10.65321882
224,0.001510732045,0.001111668317,0.01272209573,0.00004661579842,0.05047752175,0.08647598488,-28.20812559,-29.54024772,-18.95441341,-43.31466873,-12.96901975,-10.63104483
225,0.00151799103,0.001118716867,0.01280485237,0.00003177237521,0.05060993364,0.08693287635,-28.18730795,-29.51279814,-18.92625424,-44.97950317,-12.95764232,-10.60815951
226,0.001525018429,0.001123370614,0.01296122514,0.00003060156274,0.05088594406,0.08712590158,-28.16724908,-29.49476941,-18.87353946,-45.14256395,-12.93402164,-10.59852715
227,0.001532568213,0.001129149489,0.01306745495,0.00002766933812,0.0510934149,0.08739767149,-28.14580186,-29.47248558,-18.83808988,-45.5800123,-12.9163507,-10.58500138
228,0.001538766451,0.001134083968,0.01309776199,0.0000269092116,0.05129570722,0.08797936484,-28.12827291,-29.45354789,-18.82802906,-45.70099026,-12.89918978,-10.55619178
229,0.001545818251,0.001137291905,0.01314702078,0.00004728781401,0.051578237,0.08846423045,-28.10841569,-29.44128052,-18.81172651,-43.25250762,-12.87533507,-10.53232296
230,0.001554070845,0.001138450211,0.01319731281,0.00002084023146,0.05193582571,0.08880106606,-28.08529187,-29.43685958,-18.79514489,-46.81097462,-12.84532959,-10.5158182
231,0.00155953905,0.00114204442,0.01322269042,0.00002327187486,0.05226627905,0.08906599648,-28.07003746,-29.42317004,-18.7868017,-46.33168627,-12.81778417,-10.50288069
232,0.001565892139,0.001150224636,0.01327824379,0.00003060156274,0.05246723053,0.08938338183,-28.05238156,-29.39217335,-18.76859362,-45.14256395,-12.80111859,-10.48743218
233,0.001571189165,0.001156456372,0.01335062498,0.0000284982743,0.05272262494,0.08984419657,-28.03771524,-29.36870747,-18.74498403,-45.45181438,-12.78002975,-10.46509971
234,0.001577234685,0.001163630884,0.01339664615,0.00003493092539,0.05285503684,0.09006668915,-28.02103681,-29.34184761,-18.73003914,-44.56789909,-12.7691362,-10.45435802
235,0.001582062728,0.001173284674,0.01342826893,0.00003949227067,0.05314408597,0.09041448058,-28.00776301,-29.30596602,-18.7197997,-44.03487895,-12.74545058,-10.43762008
236,0.001590850492,0.001180452311,0.01356863223,0.00002041693242,0.05334503744,0.09072464546,-27.98370633,-29.27951553,-18.67463929,-46.90009509,-12.72905976,-10.4227472
237,0.001598147636,0.001183655764,0.01361391551,0.00003097219582,0.05354598892,0.09089996562,-27.96383103,-29.26774583,-18.66016949,-45.09028004,-12.71273056,-10.41436281
238,0.001603584813,0.001191420679,0.01365372493,0.00001149134363,0.05367840082,0.09129287554,-27.94908065,-29.23934866,-18.64748851,-49.39629188,-12.70200431,-10.39563113
239,0.001612792037,0.001194535694,0.01369034151,0.00003017826371,0.05382385143,0.0917207281,-27.9242163,-29.22800869,-18.63585718,-45.20305751,-12.69025229,-10.37532506
240,0.001620958289,0.001198846012,0.01374692814,0.00004749397414,0.05409468334,0.09214136019,-27.9022816,-29.21236597,-18.61794338,-43.23361489,-12.66845417,-10.35545381
241,0.001630356355,0.001203991656,0.01378146127,0.00005500592005,0.05431519289,0.09248181517,-27.87717459,-29.19376523,-18.60704731,-42.59590567,-12.65078674,-10.33943655
242,0.001637126718,0.001209714262,0.01386430074,0.000034999026,0.05465216559,0.09282549027,-27.85917704,-29.17317199,-18.5810203,-44.55944042,-12.62392624,-10.32332748
243,0.001642519299,0.001217896383,0.01392820343,0.00004867739968,0.05498261893,0.09313072789,-27.84489519,-29.14389659,-18.56104899,-43.1267263,-12.59774578,-10.30907003
244,0.001652871848,0.001222199904,0.01396037062,0.00005911074656,0.05518357041,0.093512965,-27.81760817,-29.12857755,-18.55103052,-42.28333556,-12.58190204,-10.29128173
245,0.001659075675,0.001231868061,0.01400121329,0.00006636315225,0.05538452189,0.09391908594,-27.80133804,-29.09435805,-18.53834328,-41.78072993,-12.56611589,-10.27246143
246,0.001664480681,0.001241414211,0.01408323203,0.00005454021971,0.05567357102,0.0944259579,-27.78721241,-29.06083287,-18.51297665,-42.63283117,-12.54350921,-10.24908601
247,0.001671646237,0.001244568893,0.01420602411,0.00002783309693,0.05594958144,0.09471383341,-27.76855625,-29.04981058,-18.47527453,-45.55438468,-12.52203158,-10.23586586
248,0.001677907108,0.001248146214,0.01423764689,0.00003080772287,0.05616357163,0.09501398119,-27.75232086,-29.03734536,-18.46561782,-45.11340401,-12.50545282,-10.22212484
249,0.001685352736,0.001255314902,0.01430654955,0.00004189069434,0.05643200474,0.09530520136,-27.7330919,-29.01247316,-18.44465097,-43.77882441,-12.48474521,-10.20883397
250,0.001691251073,0.001255977177,0.0143492462,0.00003060156274,0.05676245809,0.09575306193,-27.71791915,-29.01018252,-18.43170913,-45.14256395,-12.45938806,-10.1884733
251,0.001700419995,0.001263152662,0.0144119129,0.00005173850225,0.05703846851,0.09617207666,-27.69443797,-28.98544158,-18.41278371,-42.86186148,-12.43832144,-10.16951006
252,0.001706154996,0.00126405979,0.01443963332,0.00007286044444,0.0572524587,0.09678005976,-27.67981518,-28.98232383,-18.40443835,-41.37508184,-12.42205858,-10.14214114
253,0.001713131899,0.001267551507,0.01447862201,0.00002870770846,0.05758291204,0.09719114598,-27.66209198,-28.97034384,-18.3927277,-45.42001473,-12.39706376,-10.12373297
254,0.001719672842,0.001275627437,0.01452076546,0.00005110904309,0.05785892246,0.09739278162,-27.64554167,-28.94276148,-18.38010489,-42.9150225,-12.37629659,-10.1147323
255,0.001725385818,0.001279704351,0.0145647629,0.00003286932413,0.05826443474,0.09767950772,-27.63113776,-28.92890353,-18.36696581,-44.83209226,-12.34596463,-10.10196538
256,0.001730848809,0.001287791979,0.01461004617,0.00003156621508,0.0584550292,0.0978757363,-27.61740866,-28.90154284,-18.35348412,-45.00777489,-12.33178118,-10.09324958
257,0.001736967075,0.001293739134,0.01467159678,0.00004781792757,0.05871694297,0.09824778928,-27.60208414,-28.88153285,-18.33522617,-43.2040925,-12.31236564,-10.07677213
258,0.001742808492,0.001303814833,0.01475288804,0.00003381560045,0.0589244138,0.09868659767,-27.58750333,-28.84784082,-18.31122953,-44.70882897,-12.29704729,-10.05741824
259,0.001749139078,0.001308001592,0.01481056092,0.0000431829875,0.05905030634,0.09930393683,-27.57175657,-28.83391727,-18.29428493,-43.64687315,-12.28777845,-10.03033534
260,0.001754669722,0.001314782942,0.01483698057,0.00005843873097,0.05926429653,0.0995643732,-27.55804618,-28.81145939,-18.28654472,-42.33299224,-12.27206866,-10.01896036
261,0.001761983837,0.001317707182,0.01489828169,0.00003949227067,0.05947176737,0.1001606448,-27.5399808,-28.80181087,-18.26863819,-44.03487895,-12.25689155,-9.993028883
262,0.001767178897,0.001323288239,0.01493727037,0.00004179503614,0.05960417927,0.1008576673,-27.52719483,-28.78345547,-18.25728758,-43.78875295,-12.24723288,-9.962910807
263,0.001774729853,0.001327934419,0.01497811304,0.00002338225358,0.0598116501,0.1012868366,-27.50867745,-28.76823372,-18.24542896,-46.31113634,-12.23214216,-9.944469926
264,0.001780830601,0.001329757279,0.01502283344,0.00001919095045,0.059944062,0.1015527058,-27.4937739,-28.76227624,-18.23248148,-47.16903516,-12.22253831,-9.933085006
265,0.001786453248,0.001336852886,0.01506367611,0.00004448609655,0.06006995454,0.1018791433,-27.48008345,-28.73916382,-18.22069031,-43.517757,-12.21342697,-9.919147157
266,0.001791687703,0.001338420176,0.01511819422,0.00002310811606,0.06026572751,0.10226813,-27.46737687,-28.73407525,-18.2050008,-46.3623546,-12.19929596,-9.902596852
267,0.001799106508,0.001344762431,0.01520724545,0.00003043780394,0.06065062378,0.1026208572,-27.44943125,-28.71354432,-18.17949444,-45.16586685,-12.17164728,-9.88764362
268,0.001805834272,0.00134896773,0.01524070727,0.00001181886125,0.06083095925,0.1031759436,-27.43322109,-28.69998439,-18.16994878,-49.27424366,-12.15875335,-9.864215506
269,0.001812759424,0.001356091855,0.01530905056,0.00003054818265,0.06103843008,0.1035023812,-27.41659828,-28.67710892,-18.15051743,-45.15014621,-12.14396645,-9.850496586
270,0.001818750936,0.001359281848,0.01533703852,0.00002153850536,0.06122528491,0.1040092531,-27.4022677,-28.66690483,-18.14258492,-46.66784437,-12.13069185,-9.829280223
271,0.001824938003,0.001366384841,0.01537365511,0.00003240362378,0.06154164159,0.1046388646,-27.38751885,-28.64426965,-18.13222866,-44.89406419,-12.10830923,-9.803069814
272,0.001832458558,0.00136726907,0.01546970551,0.00003130667486,0.06181899286,0.1048915227,-27.36965838,-28.64146011,-18.10517954,-45.04363057,-12.08878075,-9.792596099
273,0.001841046738,0.001371440018,0.01555631534,0.0000236417938,0.06207438726,0.1054112885,-27.34935186,-28.62823182,-18.08093262,-46.26319575,-12.07087559,-9.77112878
274,0.001847168294,0.001380153144,0.01559585723,0.00002347803499,0.06227533874,0.1059101715,-27.33493535,-28.60072721,-18.06990749,-46.29338254,-12.05683901,-9.750623287
275,0.001851711071,0.001381613828,0.01570516207,0.00004543237288,0.06240775064,0.1062756423,-27.32426777,-28.59613329,-18.03957578,-43.4263458,-12.0476147,-9.735662616
276,0.001860066231,0.001397663827,0.01574284997,0.00003177237521,0.06273820398,0.1065405727,-27.30471592,-28.54597275,-18.02916643,-44.97950317,-12.02467918,-9.72484973
277,0.001866983512,0.001400771732,0.0157705704,0.00002317609345,0.06285373951,0.107046321,-27.28859517,-28.53632631,-18.02152599,-46.34959767,-12.01668879,-9.704282541
278,0.001873685961,0.001411448189,0.01581326705,0.00002088263277,0.06305469099,0.1072479567,-27.27303197,-28.50335059,-18.00978395,-46.80214749,-12.00282598,-9.696109733
279,0.001882803221,0.001417425225,0.01584487488,0.00002870443443,0.06336452832,0.1077522725,-27.25195067,-28.48499843,-18.00111186,-45.42051006,-11.98153794,-9.675735618
280,0.001891116249,0.001422986127,0.01594425859,0.0000325263558,0.06356030129,0.1081417304,-27.23281774,-28.46799334,-17.97395671,-44.87764592,-11.96814053,-9.660066855
281,0.001897304272,0.001429659039,0.01601682797,0.00002088263277,0.06369923254,0.1087021206,-27.21863015,-28.44767526,-17.95423489,-46.80214749,-11.958658,-9.637619835
282,0.001906519587,0.001432747039,0.01611547378,0.00001667534176,0.06393401094,0.1091842598,-27.19758729,-28.4383048,-17.92756922,-47.77925256,-11.94268049,-9.618399658
283,0.001913578553,0.001436320002,0.01619600354,0.00004489173371,0.06433952322,0.1095117393,-27.18153705,-28.42748792,-17.90592137,-43.47833622,-11.91522162,-9.605393234
284,0.001919230764,0.00143931681,0.01627030308,0.00002310811606,0.0645404747,0.1098495136,-27.16872804,-28.41843602,-17.88604357,-46.3623546,-11.90167845,-9.592018617
285,0.001925307164,0.001441166423,0.01630062507,0.00002912695762,0.06467940595,0.1105063536,-27.15499973,-28.41285865,-17.87795742,-45.35704876,-11.89233978,-9.566127514
286,0.001930258691,0.001446256646,0.01634353625,0.00002745278325,0.06488687679,0.1110088347,-27.14384483,-28.39754632,-17.86653969,-45.61413619,-11.87843129,-9.546424563
287,0.001938876972,0.001455701924,0.01643240895,0.00004216495507,0.06525098485,0.111347077,-27.12449747,-28.36927544,-17.84298765,-43.75048358,-11.85412929,-9.533211793
288,0.001950679411,0.001457829039,0.01646087695,0.00004661579842,0.06543783968,0.1118400561,-27.098141,-28.36293403,-17.83547032,-43.31466873,-11.84171047,-9.514026238
289,0.001957873231,0.00146153342,0.01650302041,0.00004748713592,0.06565834922,0.1124022597,-27.08215431,-28.35191249,-17.82436563,-43.23424023,-11.8271004,-9.492249578
290,0.001964456519,0.001465120173,0.01658059854,0.00002070342325,0.06586582006,0.1126915419,-27.06757579,-28.34126752,-17.80399796,-46.83957839,-11.81339897,-9.481086788
291,0.001969438428,0.001469100282,0.01670230436,0.00003423277541,0.06599823196,0.1130635949,-27.05657592,-28.32948558,-17.77223607,-44.65557889,-11.80467699,-9.466772101
292,0.001975254081,0.00147286909,0.01677523874,0.00002803925706,0.06619400493,0.1133108202,-27.04377032,-28.31835852,-17.7533129,-45.52233498,-11.79181342,-9.457286168
293,0.001980971331,0.001479969876,0.0168740229,0.00003983236781,0.06640281661,0.1136532559,-27.0312181,-28.29747124,-17.72781366,-43.99763876,-11.77813499,-9.444181182
294,0.001991391318,0.001485875693,0.01691486557,0.00003260978391,0.06660376809,0.1139059141,-27.00843391,-28.28017522,-17.71731449,-44.86652079,-11.765012,-9.434537264
295,0.001997169935,0.00149041807,0.01696016379,0.00002870443443,0.06679954106,0.114222528,-26.9958498,-28.26691893,-17.70569958,-45.42051006,-11.75226521,-9.422482322
296,0.002003841137,0.001495956404,0.01700286045,0.00005147896203,0.06701353125,0.1146892173,-26.98136712,-28.25081063,-17.6947801,-42.88370218,-11.73837496,-9.404774111
297,0.002008188471,0.001501195211,0.01714450649,0.00004912472402,0.06714594315,0.1152786494,-26.97195531,-28.2356283,-17.65875012,-43.08699876,-11.72980222,-9.382511203
298,0.00201398158,0.00150519649,0.01717852767,0.00004032120685,0.06735341398,0.1156445239,-26.95944506,-28.22406803,-17.65014061,-43.94466478,-11.71640386,-9.368749275
299,0.002022618313,0.001506534426,0.01721937034,0.00003054818265,0.06763076525,0.1160644103,-26.94086065,-28.2202094,-17.63982733,-45.15014621,-11.69855698,-9.353009308
300,0.002030324357,0.001509690193,0.01726466856,0.00004242449529,0.06788615965,0.1162560289,-26.92434575,-28.21112166,-17.62841755,-43.72383316,-11.68218759,-9.345845159
301,0.002037619798,0.0015133037,0.01731828512,0.0000236417938,0.06810014985,0.1166761673,-26.90876848,-28.20073906,-17.61495115,-46.26319575,-11.66851932,-9.330178455
302,0.002042854688,0.001519622695,0.01742424699,0.00003629437667,0.06831414004,0.1169882701,-26.89762524,-28.18264229,-17.58845981,-44.40160658,-11.65489394,-9.318576809
303,0.002048497631,0.001520488585,0.01745956279,0.00004358862466,0.06852813023,0.1175391369,-26.88564534,-28.18016836,-17.57966636,-43.60626834,-11.64131118,-9.298175027
304,0.002058697847,0.001523883673,0.01750356023,0.0000593813199,0.06894016187,0.1178895615,-26.8640739,-28.17048184,-17.56873607,-42.26350153,-11.61527701,-9.285246477
305,0.002064564886,0.001529952384,0.01761267687,0.00003177237521,0.06906605441,0.1181328636,-26.85171463,-28.15322085,-17.54174633,-44.97950317,-11.60735354,-9.276292684
306,0.002071397339,0.001533790717,0.01764429965,0.00004258896824,0.06932144881,0.1184801581,-26.83736586,-28.14233895,-17.53395575,-43.70702881,-11.59132369,-9.26354375
307,0.002080044547,0.001536957436,0.017721041,0.00003566420338,0.06956274656,0.1189424566,-26.81927364,-28.1333816,-17.5151077,-44.47767472,-11.57623279,-9.24663096
308,0.002086126924,0.001545127971,0.01775895837,0.00002384795393,0.0697702174,0.1193933788,-26.80659272,-28.11035545,-17.50582511,-46.22548876,-11.56329924,-9.230197572
309,0.002091571746,0.001552211444,0.01783633336,0.000034999026,0.07004622781,0.1198488378,-26.79527233,-28.09049119,-17.48694419,-44.55944042,-11.54615248,-9.213661731
310,0.002096776806,0.001559502451,0.01787491658,0.00005774373181,0.07032875759,0.1201866122,-26.78447796,-28.07013938,-17.47755976,-42.38495152,-11.52867055,-9.201439065
311,0.002102521234,0.0015610245,0.01803794018,0.00005500592005,0.07068116779,0.1205859969,-26.77259609,-28.06590281,-17.43813058,-42.59590567,-11.50696284,-9.187031219
312,0.002109694586,0.00156618824,0.01808844673,0.00003750795159,0.07101162114,0.1210501301,-26.75780412,-28.05156041,-17.42598725,-44.25876653,-11.48670573,-9.170347395
313,0.002115182162,0.00157110967,0.01816322632,0.00003566420338,0.07129415091,0.1216193405,-26.74652225,-28.03793498,-17.40807006,-44.47767472,-11.46946099,-9.149973559
314,0.00212396525,0.001575750945,0.01819538735,0.0000276269368,0.07154954532,0.1220036658,-26.72852593,-28.02512424,-17.40038695,-45.58667266,-11.45393122,-9.1362712
315,0.002131568288,0.001583063202,0.0182212538,0.00005118632528,0.07182555573,0.122600148,-26.7130075,-28.00501746,-17.39421743,-42.90846048,-11.43721005,-9.115090055
316,0.002139684311,0.001585577198,0.01829103341,0.0000236417938,0.07210808551,0.1228389132,-26.69650298,-27.99812608,-17.37761757,-46.26319575,-11.42016035,-9.106640346
317,0.002145885488,0.001592557347,0.0183549361,0.00001668202485,0.07238409593,0.1232803548,-26.68393457,-27.9790492,-17.36247123,-47.77751236,-11.40356846,-9.091061244
318,0.002151476389,0.001596176944,0.01848067981,0.0000397874059,0.0726666257,0.1237330266,-26.67263416,-27.96918967,-17.33282057,-44.00254376,-11.38665006,-9.075143638
319,0.002156374156,0.001606133506,0.01850339149,0.00002570339506,0.07285348052,0.1239383242,-26.66275882,-27.94218358,-17.32748662,-45.90009509,-11.37549695,-9.067943803
320,0.00216327346,0.001607420807,0.01858856499,0.00002343563367,0.07299241177,0.1242883708,-26.64888578,-27.93870414,-17.30754136,-46.30123299,-11.36722286,-9.055695048
321,0.002169874522,0.001609994139,0.01863070844,0.00003688839593,0.07319988261,0.1246787246,-26.6356538,-27.93175705,-17.29770631,-44.33110229,-11.35489615,-9.04207649
322,0.002174934879,0.00161793127,0.01868859585,0.00001898479032,0.07353033595,0.1250314519,-26.62553742,-27.91039931,-17.28423328,-47.21594195,-11.3353345,-9.029807256
323,0.002182920463,0.001623417722,0.01872335844,0.00001038743328,0.07388792467,0.1254204385,-26.60962088,-27.89569717,-17.27616248,-49.83491753,-11.31426532,-9.016316852
324,0.002190816003,0.001628753678,0.01881886443,0.00004912472402,0.0740953955,0.1257320477,-26.59394095,-27.88144591,-17.25406586,-43.08699876,-11.30208779,-9.005540114
325,0.002199217832,0.001634333808,0.01889036249,0.00004867739968,0.07438444463,0.1259250729,-26.57731752,-27.86659235,-17.23759708,-43.1267263,-11.28517875,-8.998877891
326,0.002205382966,0.001637558784,0.01901980539,0.00003982909308,0.07459843482,0.126123531,-26.56515984,-27.85803101,-17.20793931,-43.99799582,-11.27270285,-8.992038791
327,0.002212947539,0.001640477761,0.01906380283,0.00000465293218,0.07481242501,0.1264585789,-26.55028882,-27.85029653,-17.19790462,-53.32273278,-11.26026268,-8.98051703
328,0.002219468211,0.001643862553,0.01912349946,0.00003706062726,0.07512226234,0.1268679807,-26.53751071,-27.84134498,-17.18432632,-44.31087234,-11.24231342,-8.966479725
329,0.002225520372,0.001648682592,0.01918870292,0.0000160525657,0.07545271569,0.1272511566,-26.52568426,-27.82862948,-17.16954381,-47.94455544,-11.22325125,-8.953382616
330,0.002231877901,0.001654029515,0.01929248089,0.00003483526719,0.07565366717,0.1277609447,-26.51329568,-27.81456745,-17.14611921,-44.57980854,-11.21170016,-8.936018856
331,0.002237592155,0.001657512192,0.01934035606,0.00002809263715,0.07598412051,0.1281233244,-26.50219069,-27.80543268,-17.13535535,-45.5140749,-11.19277159,-8.923718013
332,0.002245182187,0.001662499333,0.01941829041,0.00004216495507,0.07611001305,0.1284814845,-26.48748412,-27.7923852,-17.11789008,-43.75048358,-11.18558204,-8.911594541
333,0.002251394345,0.001663317299,0.01946358863,0.00001898479032,0.07631096453,0.1289640047,-26.47548429,-27.79024896,-17.10777083,-47.21594195,-11.17413057,-8.895314892
334,0.002257369328,0.001668197307,0.01949630025,0.00003060156274,0.07651191601,0.1292530467,-26.4639738,-27.77752584,-17.10047795,-45.14256395,-11.16270922,-8.885592111
335,0.002263412128,0.001671621114,0.01955916969,0.00002317609345,0.07669877083,0.129561076,-26.45236361,-27.76862152,-17.08649585,-46.34959767,-11.15211596,-8.875254538
336,0.00226982397,0.001675632771,0.01962307237,0.00002549723493,0.07712489913,0.1299726297,-26.44007822,-27.75821155,-17.07232994,-45.93506914,-11.12805391,-8.86148094
337,0.0022759228,0.00168502376,0.01965339437,0.00006050033223,0.07744125582,0.1303217376,-26.42842473,-27.73393971,-17.06562431,-42.1824224,-11.11027613,-8.849831381
338,0.002283445405,0.001692142708,0.01968241558,0.0000301358624,0.07772378559,0.1306730582,-26.41409367,-27.71563013,-17.05921603,-45.20916376,-11.09446055,-8.838139448
339,0.002291006051,0.00169925822,0.01970512725,0.00001898479032,0.07790412106,0.1312148728,-26.39973764,-27.69740621,-17.05420756,-47.21594195,-11.08439568,-8.820169362
340,0.002295531851,0.001700662498,0.01980793436,0.00004032120685,0.07811159189,0.1317635615,-26.39116677,-27.69381865,-17.03160812,-43.94466478,-11.07284511,-8.802046749
341,0.002302281161,0.001705428959,0.0198563724,0.00004661579842,0.07840064102,0.1321358975,-26.3784164,-27.68166367,-17.02100091,-43.31466873,-11.05680386,-8.789791811
342,0.002307643126,0.001712480885,0.01989488104,0.00002338225358,0.07875822973,0.1326701012,-26.36831353,-27.66374267,-17.01258653,-46.31113634,-11.03704054,-8.772269396
343,0.002313084033,0.001720788778,0.01997745914,0.00002803925706,0.07903424015,0.1330373824,-26.35808589,-27.64272435,-16.99459749,-45.52233498,-11.02184718,-8.760263087
344,0.002319960907,0.001727725681,0.0200201558,0.00003446522504,0.07917317141,0.1334794455,-26.34519333,-27.62525211,-16.98532547,-44.62618881,-11.01421958,-8.745856062
345,0.002325057506,0.00173272452,0.02009903471,0.00004489173371,0.07936002623,0.1340040225,-26.33566301,-27.61270479,-16.968248,-43.47833622,-11.00398197,-8.728821649
346,0.002331766432,0.001739974105,0.02014569193,0.00003730179147,0.07948591877,0.1342839091,-26.32314954,-27.59457215,-16.95817812,-44.2827031,-10.99709801,-8.719760246
347,0.002337816876,0.001746463303,0.02018968937,0.00003286932413,0.0796933896,0.1345882765,-26.31189511,-27.57840535,-16.94870363,-44.83209226,-10.98577701,-8.709927683
348,0.002343211846,0.001750112284,0.02023183282,0.00004608199747,0.07988676378,0.134876152,-26.30188446,-27.56934087,-16.93964772,-43.36468704,-10.97525172,-8.700648329
349,0.002351621319,0.001755262371,0.02030625618,0.00001155932103,0.08024435249,0.1352293763,-26.28632611,-27.55657957,-16.92370139,-49.37067675,-10.95585523,-8.68928955
350,0.002360433944,0.001764393397,0.02038513509,0.00003965602948,0.08059542185,0.1357985867,-26.27008149,-27.53404576,-16.90686406,-44.01690771,-10.93689627,-8.671047499
351,0.002368342861,0.001765900355,0.02042727854,0.00004682195855,0.08080289269,0.1364485871,-26.25555425,-27.53033806,-16.89789489,-43.29550424,-10.92573091,-8.65030957
352,0.002375116655,0.00177180565,0.02051333517,0.0000236417938,0.08099626686,0.1367610072,-26.24315055,-27.51583918,-16.87963724,-46.26319575,-10.91534997,-8.640377094
353,0.002381960155,0.001775817307,0.02054809777,0.00001729382213,0.08112215941,0.1370557222,-26.23065508,-27.50601716,-16.87228377,-47.62109012,-10.90860497,-8.631028276
354,0.002388057655,0.001786746957,0.02058785418,0.00005194481749,0.08126109066,0.1375704756,-26.21955192,-27.47936949,-16.86388916,-42.84457775,-10.90117353,-8.614747613
355,0.002396846808,0.001796699562,0.02062999763,0.00004195879495,0.08152300442,0.1378760562,-26.20359723,-27.45524538,-16.85500822,-43.77176993,-10.88719823,-8.605111476
356,0.002404958747,0.001802449004,0.02071713777,0.00004654769781,0.08164889696,0.1382384359,-26.18892369,-27.44137014,-16.83670246,-43.32101794,-10.88049678,-8.593711887
357,0.002410252735,0.001809693411,0.02080839134,0.00001920264336,0.08191081072,0.1385614214,-26.17937416,-27.42394995,-16.81761493,-47.16638984,-10.86658776,-8.583576702
358,0.002415502704,0.001817360446,0.02084081991,0.0000236417938,0.08224126407,0.1392823245,-26.16992472,-27.40558928,-16.81085199,-46.26319575,-10.84910223,-8.561039938
359,0.002421146632,0.001819854915,0.02094020362,0.0000285049574,0.08249665847,0.1396183887,-26.15978908,-27.39963234,-16.790191,-45.45079604,-10.83563642,-8.550573784
360,0.002430058116,0.001825290841,0.02105431407,0.00002338225358,0.08275857223,0.1400022464,-26.1438334,-27.38667925,-16.76658903,-46.31113634,-10.8218701,-8.538649958
361,0.002438847358,0.001827588762,0.02109330276,0.00002829879728,0.08289098413,0.1403080205,-26.1281538,-27.38121521,-16.75855414,-45.48232022,-10.81492704,-8.529175025
362,0.002446918005,0.001835443819,0.02118270234,0.000034999026,0.08316699455,0.1406789241,-26.11380583,-27.36258904,-16.74018636,-44.55944042,-10.80048993,-8.517709618
363,0.002452670465,0.001838910684,0.02123852124,0.00002384795393,0.0834082923,0.1409941314,-26.10360799,-27.35439364,-16.72875725,-46.22548876,-10.7879077,-8.507989636
364,0.002459441481,0.00184312807,0.02128066469,0.00005378172749,0.08375936165,0.141232772,-26.09163506,-27.34444487,-16.72014811,-42.69365252,-10.76966641,-8.500645168
365,0.002466332418,0.001849300106,0.02135849231,0.00003750795159,0.08401475606,0.1415569969,-26.07948389,-27.32992605,-16.70429407,-44.25876653,-10.75644429,-8.490686594
366,0.002474427161,0.001851182587,0.02143272748,0.00003520518613,0.08414716796,0.1417902048,-26.06525326,-27.32550744,-16.68922558,-44.53393355,-10.74960496,-8.483537702
367,0.002480190441,0.001859776908,0.02150380788,0.00003027392191,0.08441799987,0.1422049104,-26.05514971,-27.30539149,-16.67484629,-45.18931314,-10.73564942,-8.47085407
368,0.002486989148,0.00186344698,0.02152712778,0.00004242449529,0.0847432747,0.1426405412,-26.0432611,-27.2968296,-16.67013911,-43.72383316,-10.71894758,-8.45757022
369,0.002491845879,0.001867043924,0.02160580355,0.00002711537173,0.08500518846,0.142985155,-26.03478822,-27.28845465,-16.65429577,-45.66784437,-10.70554565,-8.447090495
370,0.002500357151,0.001869216924,0.02167414684,0.00002803925706,0.08520613994,0.1432949294,-26.01997952,-27.28340296,-16.64057989,-45.52233498,-10.69529109,-8.437691772
371,0.002506605622,0.001873434309,0.02171498951,0.00005378172749,0.08553141478,0.1438980405,-26.00913991,-27.27361531,-16.63240376,-42.69365252,-10.67874344,-8.419451199
372,0.002516512629,0.00187837229,0.0217516061,0.00004748713592,0.08572200924,0.1445309999,-25.99200886,-27.26218327,-16.6250867,-43.23424023,-10.66907658,-8.400389928
373,0.002525325801,0.00188387948,0.02178718944,0.00002783309693,0.08599801966,0.1448520303,-25.97682584,-27.24946884,-16.6179879,-45.55438468,-10.65511549,-8.390754132
374,0.002534294684,0.001887504255,0.0218740668,0.0000236417938,0.0861239122,0.1451309782,-25.96142887,-27.24112061,-16.60070466,-46.26319575,-10.6487625,-8.382398775
375,0.002540413385,0.001893319233,0.021968272,0.00003286932413,0.08632486368,0.1457286698,-25.95095608,-27.22776153,-16.58204103,-44.83209226,-10.63864099,-8.364549993
376,0.002548874663,0.001901887514,0.02199598365,0.00001668202485,0.08658677744,0.1463406019,-25.9365152,-27.20815173,-16.57656612,-47.77751236,-10.62548423,-8.34635163
377,0.002555014076,0.001905090967,0.02205865651,0.00003776749182,0.08686412871,0.1466965493,-25.92606703,-27.20084282,-16.56420942,-44.22881856,-10.61159532,-8.335801018
378,0.002562659415,0.001912269535,0.02209527309,0.00003546472635,0.0869965406,0.1469447133,-25.91309109,-27.18450894,-16.55700626,-44.50203387,-10.60498017,-8.328460341
379,0.002568393117,0.00191788955,0.02220704951,0.00001734720223,0.08727255102,0.1473399687,-25.90338503,-27.17176407,-16.53509139,-47.60770559,-10.59122329,-8.316794267
380,0.002574228527,0.001921377232,0.02227682913,0.00004242449529,0.08752928627,0.1478515278,-25.89352901,-27.1638736,-16.52146626,-43.72383316,-10.57846613,-8.301741834
381,0.002580899294,0.001928724963,0.02234475476,0.00004402039621,0.08780529669,0.1482803191,-25.88228941,-27.14729699,-16.50824407,-43.56346053,-10.56479285,-8.28916488
382,0.002586401605,0.001932292747,0.02243405547,0.00004703688259,0.08808130711,0.1487312841,-25.87304039,-27.13927076,-16.49092211,-43.27561469,-10.55116249,-8.275976725
383,0.002593114673,0.001935948339,0.02247619893,0.00005801379764,0.08820719965,0.1494101303,-25.86178277,-27.13106236,-16.48277133,-42.36468704,-10.54495965,-8.256199555
384,0.002600548472,0.001944497888,0.02251022011,0.00004023473023,0.08855826901,0.1497729172,-25.84935047,-27.11192524,-16.47620258,-43.95398906,-10.52770881,-8.245667112
385,0.002605250114,0.001945886794,0.02254368193,0.00003123173604,0.08868416155,0.1502581608,-25.84150576,-27.10882429,-16.46975152,-45.05403875,-10.52153936,-8.231619313
386,0.002610838971,0.001954882073,0.02261476233,0.00002549723493,0.08886449702,0.1505434802,-25.83219913,-27.08879436,-16.45607972,-45.93506914,-10.51271713,-8.223380484
387,0.002617074882,0.00196205238,0.0226840619,0.000034999026,0.08911989142,0.1508278609,-25.82183851,-27.07289403,-16.44279176,-44.55944042,-10.50025351,-8.215184282
388,0.002621950715,0.001962229731,0.02275959785,0.0000382664438,0.08929504838,0.1510873585,-25.81375476,-27.07250148,-16.42835416,-44.17181896,-10.49172623,-8.207718716
389,0.002627411989,0.001967802574,0.02282408683,0.00003080772287,0.08949082135,0.1514049112,-25.80471823,-27.06018476,-16.41606589,-45.11340401,-10.48221506,-8.198600372
390,0.002632781045,0.001973247144,0.022866998,0.00004422655633,0.08961287623,0.151729136,-25.79585257,-27.04818517,-16.40790846,-43.54316875,-10.47629583,-8.189310152
391,0.002640157194,0.001980334543,0.02293635851,0.00001973554527,0.08981382771,0.1521447163,-25.78370215,-27.03261437,-16.39475532,-47.0475087,-10.46656794,-8.177431253
392,0.002648286594,0.001986979025,0.02304312307,0.000034999026,0.09001477919,0.1525903775,-25.77035018,-27.01806717,-16.37458661,-44.55944042,-10.4568618,-8.164728526
393,0.002652774518,0.001992147943,0.02309156112,0.00002390133402,0.09015371044,0.1528979863,-25.76299663,-27.00678413,-16.36546705,-46.21577859,-10.45016394,-8.155982343
394,0.002660380866,0.002001199531,0.02318163963,0.00003336143791,0.09043624022,0.1533578361,-25.75056184,-26.98709608,-16.3485585,-44.76755239,-10.43657501,-8.14294028
395,0.002667081851,0.002006104599,0.02327916935,0.00003955495626,0.09078213107,0.1537961508,-25.73963656,-26.97646426,-16.3303252,-44.02799091,-10.41999627,-8.130545339
396,0.002674257498,0.002016070453,0.02337042293,0.00004216495507,0.09096898589,0.1544074818,-25.72796778,-26.95494295,-16.31333428,-43.75048358,-10.41106647,-8.113316598
397,0.002679461919,0.002021034941,0.02340072998,0.00002590955519,0.09116993737,0.1546475292,-25.71952411,-26.94426178,-16.30770595,-45.86540043,-10.40148344,-8.106570143
398,0.00268526324,0.002028494874,0.02349623596,0.00001668202485,0.09142533177,0.1553043691,-25.71013133,-26.92826085,-16.29001705,-47.77751236,-10.38933455,-8.088163263
399,0.002691947511,0.00202971034,0.02352340319,0.00001176548115,0.09170134219,0.1555922446,-25.69933412,-26.92565936,-16.28499848,-49.29390308,-10.37624308,-8.080120539
400,0.002697999672,0.002033023354,0.02357257913,0.00005911074656,0.09208623846,0.1559186822,-25.68958107,-26.91857632,-16.27592898,-42.28333556,-10.35805267,-8.071018445
401,0.002702900388,0.002038656289,0.02362101718,0.00004954873718,0.09234815222,0.1564012023,-25.68169959,-26.90655989,-16.26701405,-43.0496741,-10.3457179,-8.057599127
402,0.002711354928,0.00203959731,0.02371875004,0.00003706062726,0.09262416264,0.1568164787,-25.66813628,-26.90455569,-16.24908202,-44.31087234,-10.33275705,-8.046083024
403,0.002717789509,0.002044625845,0.02374591727,0.0000236417938,0.09283163348,0.1571284313,-25.65784182,-26.89386154,-16.2441105,-46.26319575,-10.32304008,-8.037452253
404,0.002723362491,0.002050879955,0.02377493848,0.00004012172983,0.0931076439,0.157354054,-25.64894548,-26.8805976,-16.23880598,-43.96620351,-10.31014663,-8.031220636
405,0.002730004007,0.002054723466,0.02387782532,0.00003852598403,0.09345871325,0.1577383793,-25.63836716,-26.87246619,-16.22005229,-44.1424626,-10.29380203,-8.020626257
406,0.002737533703,0.002062346925,0.02391866799,0.0000603165631,0.09372436665,0.1581476778,-25.62640525,-26.85638277,-16.21263009,-42.19563413,-10.28147486,-8.009371808
407,0.002743465986,0.00207041726,0.02395083519,0.00005584332875,0.09391122148,0.1587135008,-25.6170042,-26.83942121,-16.20679338,-42.53028702,-10.27282511,-7.993861289
408,0.002748856588,0.002076330688,0.0240184309,0.00002711537173,0.09412521167,0.1588625312,-25.60847917,-26.82703477,-16.19455368,-45.66784437,-10.26294034,-7.98978522
409,0.00275565312,0.002081857616,0.02407501752,0.00003655391689,0.09444156835,0.1591249126,-25.59775452,-26.81548976,-16.18433388,-44.3706608,-10.24836809,-7.982618219
410,0.00276089318,0.002088963555,0.02412400877,0.00005917515977,0.09462190382,0.1596677905,-25.58950396,-26.80069137,-16.17550522,-42.27860561,-10.24008318,-7.967826845
411,0.002767297932,0.002089834423,0.02417011278,0.00005221539083,0.09475431572,0.1601803783,-25.57944081,-26.79888122,-16.16721323,-42.82201467,-10.23401,-7.95390685
412,0.002774910845,0.002097150379,0.02422955991,0.00002570339506,0.09500971012,0.1607425819,-25.56750966,-26.78370427,-16.15654474,-45.90009509,-10.22232007,-7.938690602
413,0.002782489939,0.002099838943,0.02428299177,0.00004628815759,0.09514212202,0.1611477641,-25.55566397,-26.77814014,-16.14697807,-43.34530105,-10.21627166,-7.927757159
414,0.002787219241,0.002103210914,0.02435741513,0.0000438566374,0.09532245749,0.1617294575,-25.54828869,-26.77117173,-16.13368802,-43.5796467,-10.2080477,-7.912108702
415,0.002796452401,0.002106224599,0.02439087695,0.00004565022592,0.09558437125,0.1620443262,-25.53392568,-26.76495319,-16.12772585,-43.40557069,-10.19613112,-7.903661707
416,0.002802032094,0.002111716229,0.02453417383,0.00003286932413,0.09576470672,0.1623278109,-25.52526895,-26.75364442,-16.10228562,-44.83209226,-10.18794517,-7.896070681
417,0.002808084255,0.002119286006,0.02456030781,0.00002259048771,0.09597217755,0.1625045635,-25.51589866,-26.7381043,-16.09766195,-46.46074393,-10.17854651,-7.891344385
418,0.002815522032,0.002125191302,0.02462557607,0.00003483363289,0.09624818797,0.1627903509,-25.5044107,-26.7260197,-16.08613601,-44.58001229,-10.16607438,-7.883713407
419,0.002821748894,0.002127125741,0.02466641874,0.0000250739359,0.09652419839,0.1631181951,-25.49481637,-26.72206837,-16.078939,-46.00777489,-10.15363796,-7.874975927
420,0.002827491831,0.0021301857,0.02474399686,0.00003965602948,0.09673166922,0.1635140212,-25.48598641,-26.71582535,-16.06530148,-44.01690771,-10.14431318,-7.86445001
421,0.002834726885,0.002137542418,0.02484680397,0.00002809263715,0.09699358298,0.163720168,-25.47488777,-26.70085258,-16.04729466,-45.5140749,-10.13256997,-7.858978184
422,0.002844145812,0.002147600153,0.02491918515,0.00002821232065,0.09727611276,0.164175627,-25.46048142,-26.68046574,-16.03466163,-45.49561189,-10.11993793,-7.846913164
423,0.002848522832,0.002153302578,0.02495580173,0.00003080772287,0.09753284801,0.1646727649,-25.45380295,-26.6689494,-16.02828473,-45.11340401,-10.10849094,-7.833782225
424,0.002855329058,0.002157303858,0.02503725759,0.00001197164128,0.09767177926,0.1650006091,-25.44343835,-26.6608868,-16.01413243,-49.21846305,-10.10230901,-7.825144526
425,0.002862087729,0.002163389449,0.02506442482,0.000032663164,0.09795430904,0.165461501,-25.43317058,-26.64865293,-16.00942257,-44.85941749,-10.08976455,-7.813030402
426,0.002869528455,0.002166736361,0.02513228806,0.00004682195855,0.09808672093,0.1656036919,-25.42189464,-26.64193929,-15.99767971,-43.29550424,-10.08389784,-7.809299855
427,0.00287571176,0.0021698564,0.02525173718,0.00003546472635,0.09834211534,0.1660034413,-25.41254647,-26.63569007,-15.97708739,-44.50203387,-10.07260454,-7.798829088
428,0.002881374791,0.002173724971,0.02527945761,0.0000570491453,0.09855610553,0.1662984393,-25.40400248,-26.62795406,-15.97232248,-42.43750858,-10.06316466,-7.791118266
429,0.002887568722,0.00217946123,0.02536865406,0.00003956955285,0.09881149994,0.1667023394,-25.39467671,-26.61650852,-15.95702574,-44.02638857,-10.05192508,-7.780583055
430,0.002895025508,0.002184361143,0.02544602905,0.00004292344728,0.0990888512,0.1669225293,-25.38347605,-26.60675558,-15.94379981,-43.67305406,-10.03975207,-7.774850432
431,0.002901611447,0.002185173379,0.0255352255,0.00001898479032,0.09935076496,0.1671761262,-25.37360744,-26.60514099,-15.92860303,-47.21594195,-10.02828785,-7.768257424
432,0.002909151322,0.002192130188,0.02567476806,0.00004682195855,0.0995582358,0.167559302,-25.36233688,-26.59133657,-15.90493471,-43.29550424,-10.01922808,-7.758314574
433,0.002916009462,0.002202596297,0.02572832751,0.00003240362378,0.09979301419,0.1680713961,-25.35211071,-26.57065095,-15.89588445,-44.89406419,-10.0089986,-7.745061924
434,0.002922238277,0.002205620314,0.02579996111,0.00004292344728,0.1000135237,0.1684606867,-25.34284375,-26.56469247,-15.88380949,-43.67305406,-9.999412713,-7.735014333
435,0.002929480263,0.002209406811,0.02584080378,0.00005790493001,0.1001459356,0.1689053059,-25.33209424,-26.55724312,-15.87693982,-42.37284459,-9.993666718,-7.723567075
436,0.002935005699,0.002210350097,0.0259021049,0.00005678591768,0.1003327905,0.169137107,-25.32391051,-26.55538933,-15.86664942,-42.45759351,-9.985571088,-7.717611021
437,0.002940676374,0.002216318927,0.02604890492,0.0000358703635,0.1006088009,0.1696938778,-25.31552768,-26.54367745,-15.84210529,-44.45264222,-9.973640271,-7.703338258
438,0.002946610115,0.002221185683,0.02616389849,0.00004708149877,0.1007412128,0.1703779463,-25.30677325,-26.53415135,-15.82297545,-43.2714972,-9.967928251,-7.68586621
439,0.002952297385,0.002231141316,0.02623683287,0.00002803925706,0.1009369857,0.1706179936,-25.29839898,-26.51472922,-15.81088591,-45.52233498,-9.959496688,-7.679751695
440,0.002959153794,0.002236877575,0.02632158872,0.00003593058181,0.1010628783,0.1710730747,-25.28832463,-26.50357784,-15.79687901,-44.4453575,-9.954083371,-7.66818339
441,0.002966671705,0.002241829435,0.02637002676,0.00004422655633,0.1012562525,0.1713677897,-25.27730511,-26.49397433,-15.78889429,-43.54316875,-9.945781499,-7.660708048
442,0.002973029234,0.002242717802,0.02647920819,0.00001191464266,0.1014910309,0.1718430894,-25.2680082,-26.4922537,-15.77095006,-49.23918978,-9.935723361,-7.648679282
443,0.002979990936,0.002245824154,0.02651723821,0.00003852598403,0.1016713663,0.1722331047,-25.25785057,-26.48624252,-15.7647171,-44.1424626,-9.928013402,-7.638833697
444,0.002986522732,0.002251089734,0.02662012505,0.00002327097581,0.1018465233,0.1727183483,-25.24834175,-26.47607193,-15.74789909,-46.33185405,-9.920537918,-7.626615238
445,0.002994227242,0.002252426103,0.02664729227,0.00004216495507,0.1020539941,0.1732063915,-25.23715243,-26.47349448,-15.74346915,-43.75048358,-9.911699936,-7.614360861
446,0.003000820825,0.00225974847,0.02673541741,0.0000236417938,0.1022473683,0.1736342441,-25.22759935,-26.45939899,-15.72913031,-46.26319575,-9.903478613,-7.603646193
447,0.003007620725,0.002266897655,0.02681093841,0.00003566420338,0.1024548391,0.1741600305,-25.21776931,-26.44568087,-15.71687985,-44.47767472,-9.894675244,-7.590515079
448,0.003013763428,0.002275820969,0.02687063503,0.00003080772287,0.1027167529,0.1746321526,-25.20890842,-26.42861905,-15.7072207,-45.11340401,-9.883587181,-7.578757926
449,0.003018521826,0.002279335105,,0.00004195879495,0.1030279311,0.1750007107,-25.2020568,-26.42191821,,-43.77176993,-9.870450211,-7.569601876
450,0.003024475059,0.00228341202,,0.00003726678739,0.1032354019,0.1752407581,-25.19349993,-26.41415717,,-44.28678044,-9.861713472,-7.563648767
451,0.003031040285,0.002284617246,,0.00003054818265,0.1035114123,0.1756537185,-25.18408291,-26.41186549,,-45.15014621,-9.850117659,-7.55342652
452,0.003036866687,0.002289973107,,0.00003956955285,0.1036438242,0.1762289371,-25.17574272,-26.40169618,,-44.02638857,-9.84456571,-7.539227782
453,0.003042685218,0.002293693893,,0.00003525856622,0.103926354,0.1767675316,-25.16742975,-26.39464542,,-44.52735352,-9.832743086,-7.525975026
454,0.003049758144,0.00229649186,,,0.1041882678,0.177110461,-25.157346,-26.3893509,,,-9.821811823,-7.517557865
455,0.003055531165,0.002298216573,,,0.104573164,0.1774700277,-25.14913282,-26.38609048,,,-9.805797516,-7.508749829
456,0.003061310459,0.002301081107,,,0.1048453368,0.1777172788,-25.14092625,-26.38068073,,,-9.794508809,-7.502703453
457,0.003068716661,0.002304463188,,,0.1051007312,0.1781953049,-25.13043209,-26.37430225,,,-9.783942625,-7.49103743
458,0.003075857943,0.002307810099,,,0.1052965042,0.1785741974,-25.12033726,-26.36799931,,,-9.77586047,-7.481812931
459,0.003081821354,0.002309118651,,,0.1054223967,0.1789505338,-25.1119254,-26.36553751,,,-9.770671146,-7.472670018
460,0.003088599588,0.002313966993,,,0.1056777911,0.1793513252,-25.10238391,-26.3564284,,,-9.76016273,-7.4629541
461,0.00309451825,0.002321887762,,,0.1060626874,0.1795321039,-25.09406952,-26.34158778,,,-9.74437373,-7.458578797
462,0.003101933687,0.002323612475,,,0.1062430228,0.1798390911,-25.08367491,-26.33836301,,,-9.736995814,-7.45115901
463,0.003110302135,0.002327700511,,,0.1064504937,0.1803316284,-25.07197422,-26.33072898,,,-9.7285232,-7.439280956
464,0.00311906478,0.002333769222,,,0.1067668504,0.1809567458,-25.05975605,-26.31942092,,,-9.715635687,-7.424252224
465,0.003124550056,0.002343725785,,,0.1070222448,0.1812741312,-25.05212513,-26.30093202,,,-9.705259439,-7.416641677
466,0.003130257413,0.002345496808,,,0.1072930767,0.1814534774,-25.04419947,-26.29765154,,,-9.694283008,-7.412347045
467,0.003136351875,0.002352247651,,,0.1075070669,0.1816798458,-25.03575219,-26.28516956,,,-9.685629868,-7.406932474
468,0.003145086803,0.00235309723,,,0.1076343003,0.1822955676,-25.02367364,-26.28360127,,,-9.680493081,-7.392238908
469,0.003151740773,0.0023536455,,,0.1078482905,0.1828718282,-25.0144951,-26.28258949,,,-9.671867345,-7.378531934
470,0.00315890043,0.002359014922,,,0.1081102042,0.1831104689,-25.00464063,-26.27269312,,,-9.661333124,-7.372868252
471,0.003164435228,0.002360767405,,,0.1083059772,0.1834437459,-24.99703789,-26.269468,,,-9.653475748,-7.364970899
472,0.003170688621,0.002363419642,,,0.1085561931,0.1839506178,-24.98846406,-26.26459159,,,-9.643453951,-7.352987492
473,0.003175985259,0.002367140428,,,0.1086820856,0.1842133188,-24.98121522,-26.25775977,,,-9.638420361,-7.346789731
474,0.003183213204,0.002370504155,,,0.1088754598,0.1846988059,-24.97134272,-26.25159279,,,-9.630699979,-7.335359123
475,0.003191680681,0.002373060322,,,0.1091514702,0.1852740245,-24.95980565,-26.24691222,,,-9.619704102,-7.321854647
476,0.003198255894,0.002376471221,,,,0.185813661,-24.95086791,-26.24067441,,,,-7.309223599
477,0.003204426258,0.002383438362,,,,0.1862813923,-24.94249718,-26.22796075,,,,-7.298305247
478,0.003213936642,,,,,0.1865124478,-24.92962689,,,,,-7.292921782
479,0.003219505112,,,,,0.1868298332,-24.92210881,,,,,-7.285537739
480,0.003228337384,,,,,0.1870947636,-24.91021085,,,,,-7.279383673
481,0.003234941829,,,,,,-24.90133524,,,,,
482,0.003244039,,,,,,-24.88913933,,,,,
483,0.003249704682,,,,,,-24.88156104,,,,,
484,0.003256439285,,,,,,-24.87257015,,,,,
485,0.003261852625,,,,,,-24.86535665,,,,,
486,0.003268275193,,,,,,-24.85681382,,,,,
487,0.003274375596,,,,,,-24.84871505,,,,,
488,0.003281846837,,,,,,-24.83881691,,,,,
489,0.003289403935,,,,,,-24.82882792,,,,,
490,0.003294584426,,,,,,-24.82199359,,,,,
491,0.003298648326,,,,,,-24.81663983,,,,,
492,0.00330501126,,,,,,-24.80827057,,,,,
493,0.00331066642,,,,,,-24.80084576,,,,,
494,0.003315839266,,,,,,-24.7940653,,,,,