SCAN,ADDRESS,TIMESTAMP,UUID,MAJOR,MINOR,TX POWER,RSSI,POWER ( mW),Sum
0,DC:A6:32:33:AA:47,2020-07-07 17:17:21,60e18ef4-c0b0-11ea-a891-dca63233aa46,1,1,1,-50,0.00001,0.002778897221
1,DC:A6:32:33:AA:47,2020-07-07 17:17:23,60e18ef4-c0b0-11ea-a891-dca63233aa46,1,1,1,-50,0.00001,
2,DC:A6:32:33:AA:47,2020-07-07 17:17:23,60e18ef4-c0b0-11ea-a891-dca63233aa46,1,1,1,-57,0.000001995262315,
3,DC:A6:32:33:AA:47,2020-07-07 17:17:25,60e18ef4-c0b0-11ea-a891-dca63233aa46,1,1,1,-56,0.000002511886432,
4,DC:A6:32:33:AA:47,2020-07-07 17:17:27,60e18ef4-c0b0-11ea-a891-dca63233aa46,1,1,1,-50,0.00001,
5,DC:A6:32:33:AA:47,2020-07-07 17:17:29,60e18ef4-c0b0-11ea-a891-dca63233aa46,1,1,1,-51,0.000007943282347,
6,DC:A6:32:33:AA:47,2020-07-07 17:17:29,60e18ef4-c0b0-11ea-a891-dca63233aa46,1,1,1,-50,0.00001,
7,DC:A6:32:33:AA:47,2020-07-07 17:17:30,60e18ef4-c0b0-11ea-a891-dca63233aa46,1,1,1,-50,0.00001,
8,DC:A6:32:33:AA:47,2020-07-07 17:17:32,60e18ef4-c0b0-11ea-a891-dca63233aa46,1,1,1,-50,0.00001,
9,DC:A6:32:33:AA:47,2020-07-07 17:17:32,60e18ef4-c0b0-11ea-a891-dca63233aa46,1,1,1,-57,0.000001995262315,
10,DC:A6:32:33:AA:47,2020-07-07 17:17:34,60e18ef4-c0b0-11ea-a891-dca63233aa46,1,1,1,-50,0.00001,
11,DC:A6:32:33:AA:47,2020-07-07 17:17:34,60e18ef4-c0b0-11ea-a891-dca63233aa46,1,1,1,-56,0.000002511886432,
12,DC:A6:32:33:AA:47,2020-07-07 17:17:35,60e18ef4-c0b0-11ea-a891-dca63233aa46,1,1,1,-55,0.00000316227766,
13,DC:A6:32:33:AA:47,2020-07-07 17:17:37,60e18ef4-c0b0-11ea-a891-dca63233aa46,1,1,1,-56,0.000002511886432,
14,DC:A6:32:33:AA:47,2020-07-07 17:17:38,60e18ef4-c0b0-11ea-a891-dca63233aa46,1,1,1,-56,0.000002511886432,
15,DC:A6:32:33:AA:47,2020-07-07 17:17:39,60e18ef4-c0b0-11ea-a891-dca63233aa46,1,1,1,-56,0.000002511886432,
16,DC:A6:32:33:AA:47,2020-07-07 17:17:40,60e18ef4-c0b0-11ea-a891-dca63233aa46,1,1,1,-50,0.00001,
17,DC:A6:32:33:AA:47,2020-07-07 17:17:42,60e18ef4-c0b0-11ea-a891-dca63233aa46,1,1,1,-56,0.000002511886432,
18,DC:A6:32:33:AA:47,2020-07-07 17:17:43,60e18ef4-c0b0-11ea-a891-dca63233aa46,1,1,1,-56,0.000002511886432,
19,DC:A6:32:33:AA:47,2020-07-07 17:17:44,60e18ef4-c0b0-11ea-a891-dca63233aa46,1,1,1,-51,0.000007943282347,
20,DC:A6:32:33:AA:47,2020-07-07 17:17:46,60e18ef4-c0b0-11ea-a891-dca63233aa46,1,1,1,-56,0.000002511886432,
21,DC:A6:32:33:AA:47,2020-07-07 17:17:47,60e18ef4-c0b0-11ea-a891-dca63233aa46,1,1,1,-55,0.00000316227766,
22,DC:A6:32:33:AA:47,2020-07-07 17:17:49,60e18ef4-c0b0-11ea-a891-dca63233aa46,1,1,1,-50,0.00001,
23,DC:A6:32:33:AA:47,2020-07-07 17:17:51,60e18ef4-c0b0-11ea-a891-dca63233aa46,1,1,1,-56,0.000002511886432,
24,DC:A6:32:33:AA:47,2020-07-07 17:17:53,60e18ef4-c0b0-11ea-a891-dca63233aa46,1,1,1,-52,0.000006309573445,
25,DC:A6:32:33:AA:47,2020-07-07 17:17:53,60e18ef4-c0b0-11ea-a891-dca63233aa46,1,1,1,-52,0.000006309573445,
26,DC:A6:32:33:AA:47,2020-07-07 17:17:54,60e18ef4-c0b0-11ea-a891-dca63233aa46,1,1,1,-52,0.000006309573445,
27,DC:A6:32:33:AA:47,2020-07-07 17:17:55,60e18ef4-c0b0-11ea-a891-dca63233aa46,1,1,1,-50,0.00001,
28,DC:A6:32:33:AA:47,2020-07-07 17:17:56,60e18ef4-c0b0-11ea-a891-dca63233aa46,1,1,1,-50,0.00001,
29,DC:A6:32:33:AA:47,2020-07-07 17:17:58,60e18ef4-c0b0-11ea-a891-dca63233aa46,1,1,1,-56,0.000002511886432,
30,DC:A6:32:33:AA:47,2020-07-07 17:17:59,60e18ef4-c0b0-11ea-a891-dca63233aa46,1,1,1,-52,0.000006309573445,
31,DC:A6:32:33:AA:47,2020-07-07 17:18:01,60e18ef4-c0b0-11ea-a891-dca63233aa46,1,1,1,-55,0.00000316227766,
32,DC:A6:32:33:AA:47,2020-07-07 17:18:02,60e18ef4-c0b0-11ea-a891-dca63233aa46,1,1,1,-52,0.000006309573445,
33,DC:A6:32:33:AA:47,2020-07-07 17:18:03,60e18ef4-c0b0-11ea-a891-dca63233aa46,1,1,1,-55,0.00000316227766,
34,DC:A6:32:33:AA:47,2020-07-07 17:18:04,60e18ef4-c0b0-11ea-a891-dca63233aa46,1,1,1,-55,0.00000316227766,
35,DC:A6:32:33:AA:47,2020-07-07 17:18:06,60e18ef4-c0b0-11ea-a891-dca63233aa46,1,1,1,-50,0.00001,
36,DC:A6:32:33:AA:47,2020-07-07 17:18:07,60e18ef4-c0b0-11ea-a891-dca63233aa46,1,1,1,-51,0.000007943282347,
37,DC:A6:32:33:AA:47,2020-07-07 17:18:08,60e18ef4-c0b0-11ea-a891-dca63233aa46,1,1,1,-52,0.000006309573445,
38,DC:A6:32:33:AA:47,2020-07-07 17:18:09,60e18ef4-c0b0-11ea-a891-dca63233aa46,1,1,1,-50,0.00001,
39,DC:A6:32:33:AA:47,2020-07-07 17:18:10,60e18ef4-c0b0-11ea-a891-dca63233aa46,1,1,1,-51,0.000007943282347,
40,DC:A6:32:33:AA:47,2020-07-07 17:18:11,60e18ef4-c0b0-11ea-a891-dca63233aa46,1,1,1,-52,0.000006309573445,
41,DC:A6:32:33:AA:47,2020-07-07 17:18:12,60e18ef4-c0b0-11ea-a891-dca63233aa46,1,1,1,-51,0.000007943282347,
42,DC:A6:32:33:AA:47,2020-07-07 17:18:13,60e18ef4-c0b0-11ea-a891-dca63233aa46,1,1,1,-55,0.00000316227766,
43,DC:A6:32:33:AA:47,2020-07-07 17:18:14,60e18ef4-c0b0-11ea-a891-dca63233aa46,1,1,1,-52,0.000006309573445,
44,DC:A6:32:33:AA:47,2020-07-07 17:18:16,60e18ef4-c0b0-11ea-a891-dca63233aa46,1,1,1,-52,0.000006309573445,
45,DC:A6:32:33:AA:47,2020-07-07 17:18:17,60e18ef4-c0b0-11ea-a891-dca63233aa46,1,1,1,-50,0.00001,
46,DC:A6:32:33:AA:47,2020-07-07 17:18:18,60e18ef4-c0b0-11ea-a891-dca63233aa46,1,1,1,-50,0.00001,
47,DC:A6:32:33:AA:47,2020-07-07 17:18:20,60e18ef4-c0b0-11ea-a891-dca63233aa46,1,1,1,-57,0.000001995262315,
48,DC:A6:32:33:AA:47,2020-07-07 17:18:21,60e18ef4-c0b0-11ea-a891-dca63233aa46,1,1,1,-56,0.000002511886432,
49,DC:A6:32:33:AA:47,2020-07-07 17:18:22,60e18ef4-c0b0-11ea-a891-dca63233aa46,1,1,1,-56,0.000002511886432,
50,DC:A6:32:33:AA:47,2020-07-07 17:18:23,60e18ef4-c0b0-11ea-a891-dca63233aa46,1,1,1,-50,0.00001,
51,DC:A6:32:33:AA:47,2020-07-07 17:18:25,60e18ef4-c0b0-11ea-a891-dca63233aa46,1,1,1,-56,0.000002511886432,
52,DC:A6:32:33:AA:47,2020-07-07 17:18:25,60e18ef4-c0b0-11ea-a891-dca63233aa46,1,1,1,-51,0.000007943282347,
53,DC:A6:32:33:AA:47,2020-07-07 17:18:27,60e18ef4-c0b0-11ea-a891-dca63233aa46,1,1,1,-51,0.000007943282347,
54,DC:A6:32:33:AA:47,2020-07-07 17:18:27,60e18ef4-c0b0-11ea-a891-dca63233aa46,1,1,1,-50,0.00001,
55,DC:A6:32:33:AA:47,2020-07-07 17:18:28,60e18ef4-c0b0-11ea-a891-dca63233aa46,1,1,1,-55,0.00000316227766,
56,DC:A6:32:33:AA:47,2020-07-07 17:18:30,60e18ef4-c0b0-11ea-a891-dca63233aa46,1,1,1,-51,0.000007943282347,
57,DC:A6:32:33:AA:47,2020-07-07 17:18:31,60e18ef4-c0b0-11ea-a891-dca63233aa46,1,1,1,-54,0.000003981071706,
58,DC:A6:32:33:AA:47,2020-07-07 17:18:33,60e18ef4-c0b0-11ea-a891-dca63233aa46,1,1,1,-54,0.000003981071706,
59,DC:A6:32:33:AA:47,2020-07-07 17:18:33,60e18ef4-c0b0-11ea-a891-dca63233aa46,1,1,1,-51,0.000007943282347,
60,DC:A6:32:33:AA:47,2020-07-07 17:18:34,60e18ef4-c0b0-11ea-a891-dca63233aa46,1,1,1,-50,0.00001,
61,DC:A6:32:33:AA:47,2020-07-07 17:18:35,60e18ef4-c0b0-11ea-a891-dca63233aa46,1,1,1,-50,0.00001,
62,DC:A6:32:33:AA:47,2020-07-07 17:18:36,60e18ef4-c0b0-11ea-a891-dca63233aa46,1,1,1,-51,0.000007943282347,
63,DC:A6:32:33:AA:47,2020-07-07 17:18:38,60e18ef4-c0b0-11ea-a891-dca63233aa46,1,1,1,-50,0.00001,
64,DC:A6:32:33:AA:47,2020-07-07 17:18:39,60e18ef4-c0b0-11ea-a891-dca63233aa46,1,1,1,-51,0.000007943282347,
65,DC:A6:32:33:AA:47,2020-07-07 17:18:41,60e18ef4-c0b0-11ea-a891-dca63233aa46,1,1,1,-50,0.00001,
66,DC:A6:32:33:AA:47,2020-07-07 17:18:42,60e18ef4-c0b0-11ea-a891-dca63233aa46,1,1,1,-50,0.00001,
67,DC:A6:32:33:AA:47,2020-07-07 17:18:43,60e18ef4-c0b0-11ea-a891-dca63233aa46,1,1,1,-52,0.000006309573445,
68,DC:A6:32:33:AA:47,2020-07-07 17:18:45,60e18ef4-c0b0-11ea-a891-dca63233aa46,1,1,1,-56,0.000002511886432,
69,DC:A6:32:33:AA:47,2020-07-07 17:18:45,60e18ef4-c0b0-11ea-a891-dca63233aa46,1,1,1,-50,0.00001,
70,DC:A6:32:33:AA:47,2020-07-07 17:18:47,60e18ef4-c0b0-11ea-a891-dca63233aa46,1,1,1,-50,0.00001,
71,DC:A6:32:33:AA:47,2020-07-07 17:18:49,60e18ef4-c0b0-11ea-a891-dca63233aa46,1,1,1,-50,0.00001,
72,DC:A6:32:33:AA:47,2020-07-07 17:18:51,60e18ef4-c0b0-11ea-a891-dca63233aa46,1,1,1,-50,0.00001,
73,DC:A6:32:33:AA:47,2020-07-07 17:18:53,60e18ef4-c0b0-11ea-a891-dca63233aa46,1,1,1,-52,0.000006309573445,
74,DC:A6:32:33:AA:47,2020-07-07 17:18:54,60e18ef4-c0b0-11ea-a891-dca63233aa46,1,1,1,-57,0.000001995262315,
75,DC:A6:32:33:AA:47,2020-07-07 17:18:55,60e18ef4-c0b0-11ea-a891-dca63233aa46,1,1,1,-57,0.000001995262315,
76,DC:A6:32:33:AA:47,2020-07-07 17:18:56,60e18ef4-c0b0-11ea-a891-dca63233aa46,1,1,1,-48,0.00001584893192,
77,DC:A6:32:33:AA:47,2020-07-07 17:18:58,60e18ef4-c0b0-11ea-a891-dca63233aa46,1,1,1,-57,0.000001995262315,
78,DC:A6:32:33:AA:47,2020-07-07 17:18:59,60e18ef4-c0b0-11ea-a891-dca63233aa46,1,1,1,-50,0.00001,
79,DC:A6:32:33:AA:47,2020-07-07 17:19:01,60e18ef4-c0b0-11ea-a891-dca63233aa46,1,1,1,-57,0.000001995262315,
80,DC:A6:32:33:AA:47,2020-07-07 17:19:02,60e18ef4-c0b0-11ea-a891-dca63233aa46,1,1,1,-52,0.000006309573445,
81,DC:A6:32:33:AA:47,2020-07-07 17:19:03,60e18ef4-c0b0-11ea-a891-dca63233aa46,1,1,1,-57,0.000001995262315,
82,DC:A6:32:33:AA:47,2020-07-07 17:19:04,60e18ef4-c0b0-11ea-a891-dca63233aa46,1,1,1,-52,0.000006309573445,
83,DC:A6:32:33:AA:47,2020-07-07 17:19:05,60e18ef4-c0b0-11ea-a891-dca63233aa46,1,1,1,-56,0.000002511886432,
84,DC:A6:32:33:AA:47,2020-07-07 17:19:07,60e18ef4-c0b0-11ea-a891-dca63233aa46,1,1,1,-52,0.000006309573445,
85,DC:A6:32:33:AA:47,2020-07-07 17:19:09,60e18ef4-c0b0-11ea-a891-dca63233aa46,1,1,1,-52,0.000006309573445,
86,DC:A6:32:33:AA:47,2020-07-07 17:19:10,60e18ef4-c0b0-11ea-a891-dca63233aa46,1,1,1,-52,0.000006309573445,
87,DC:A6:32:33:AA:47,2020-07-07 17:19:11,60e18ef4-c0b0-11ea-a891-dca63233aa46,1,1,1,-56,0.000002511886432,
88,DC:A6:32:33:AA:47,2020-07-07 17:19:13,60e18ef4-c0b0-11ea-a891-dca63233aa46,1,1,1,-52,0.000006309573445,
89,DC:A6:32:33:AA:47,2020-07-07 17:19:15,60e18ef4-c0b0-11ea-a891-dca63233aa46,1,1,1,-52,0.000006309573445,
90,DC:A6:32:33:AA:47,2020-07-07 17:19:15,60e18ef4-c0b0-11ea-a891-dca63233aa46,1,1,1,-52,0.000006309573445,
91,DC:A6:32:33:AA:47,2020-07-07 17:19:17,60e18ef4-c0b0-11ea-a891-dca63233aa46,1,1,1,-57,0.000001995262315,
92,DC:A6:32:33:AA:47,2020-07-07 17:19:19,60e18ef4-c0b0-11ea-a891-dca63233aa46,1,1,1,-57,0.000001995262315,
93,DC:A6:32:33:AA:47,2020-07-07 17:19:21,60e18ef4-c0b0-11ea-a891-dca63233aa46,1,1,1,-52,0.000006309573445,
94,DC:A6:32:33:AA:47,2020-07-07 17:19:22,60e18ef4-c0b0-11ea-a891-dca63233aa46,1,1,1,-50,0.00001,
95,DC:A6:32:33:AA:47,2020-07-07 17:19:22,60e18ef4-c0b0-11ea-a891-dca63233aa46,1,1,1,-50,0.00001,
96,DC:A6:32:33:AA:47,2020-07-07 17:19:23,60e18ef4-c0b0-11ea-a891-dca63233aa46,1,1,1,-55,0.00000316227766,
97,DC:A6:32:33:AA:47,2020-07-07 17:19:24,60e18ef4-c0b0-11ea-a891-dca63233aa46,1,1,1,-50,0.00001,
98,DC:A6:32:33:AA:47,2020-07-07 17:19:25,60e18ef4-c0b0-11ea-a891-dca63233aa46,1,1,1,-55,0.00000316227766,
99,DC:A6:32:33:AA:47,2020-07-07 17:19:26,60e18ef4-c0b0-11ea-a891-dca63233aa46,1,1,1,-56,0.000002511886432,
100,DC:A6:32:33:AA:47,2020-07-07 17:19:27,60e18ef4-c0b0-11ea-a891-dca63233aa46,1,1,1,-51,0.000007943282347,
101,DC:A6:32:33:AA:47,2020-07-07 17:19:29,60e18ef4-c0b0-11ea-a891-dca63233aa46,1,1,1,-56,0.000002511886432,
102,DC:A6:32:33:AA:47,2020-07-07 17:19:31,60e18ef4-c0b0-11ea-a891-dca63233aa46,1,1,1,-56,0.000002511886432,
103,DC:A6:32:33:AA:47,2020-07-07 17:19:33,60e18ef4-c0b0-11ea-a891-dca63233aa46,1,1,1,-52,0.000006309573445,
104,DC:A6:32:33:AA:47,2020-07-07 17:19:35,60e18ef4-c0b0-11ea-a891-dca63233aa46,1,1,1,-51,0.000007943282347,
105,DC:A6:32:33:AA:47,2020-07-07 17:19:35,60e18ef4-c0b0-11ea-a891-dca63233aa46,1,1,1,-51,0.000007943282347,
106,DC:A6:32:33:AA:47,2020-07-07 17:19:37,60e18ef4-c0b0-11ea-a891-dca63233aa46,1,1,1,-51,0.000007943282347,
107,DC:A6:32:33:AA:47,2020-07-07 17:19:37,60e18ef4-c0b0-11ea-a891-dca63233aa46,1,1,1,-50,0.00001,
108,DC:A6:32:33:AA:47,2020-07-07 17:19:38,60e18ef4-c0b0-11ea-a891-dca63233aa46,1,1,1,-51,0.000007943282347,
109,DC:A6:32:33:AA:47,2020-07-07 17:19:39,60e18ef4-c0b0-11ea-a891-dca63233aa46,1,1,1,-50,0.00001,
110,DC:A6:32:33:AA:47,2020-07-07 17:19:41,60e18ef4-c0b0-11ea-a891-dca63233aa46,1,1,1,-56,0.000002511886432,
111,DC:A6:32:33:AA:47,2020-07-07 17:19:43,60e18ef4-c0b0-11ea-a891-dca63233aa46,1,1,1,-56,0.000002511886432,
112,DC:A6:32:33:AA:47,2020-07-07 17:19:45,60e18ef4-c0b0-11ea-a891-dca63233aa46,1,1,1,-51,0.000007943282347,
113,DC:A6:32:33:AA:47,2020-07-07 17:19:47,60e18ef4-c0b0-11ea-a891-dca63233aa46,1,1,1,-51,0.000007943282347,
114,DC:A6:32:33:AA:47,2020-07-07 17:19:49,60e18ef4-c0b0-11ea-a891-dca63233aa46,1,1,1,-51,0.000007943282347,
115,DC:A6:32:33:AA:47,2020-07-07 17:19:51,60e18ef4-c0b0-11ea-a891-dca63233aa46,1,1,1,-50,0.00001,
116,DC:A6:32:33:AA:47,2020-07-07 17:19:53,60e18ef4-c0b0-11ea-a891-dca63233aa46,1,1,1,-51,0.000007943282347,
117,DC:A6:32:33:AA:47,2020-07-07 17:19:55,60e18ef4-c0b0-11ea-a891-dca63233aa46,1,1,1,-50,0.00001,
118,DC:A6:32:33:AA:47,2020-07-07 17:19:57,60e18ef4-c0b0-11ea-a891-dca63233aa46,1,1,1,-55,0.00000316227766,
119,DC:A6:32:33:AA:47,2020-07-07 17:19:57,60e18ef4-c0b0-11ea-a891-dca63233aa46,1,1,1,-52,0.000006309573445,
120,DC:A6:32:33:AA:47,2020-07-07 17:19:59,60e18ef4-c0b0-11ea-a891-dca63233aa46,1,1,1,-50,0.00001,
121,DC:A6:32:33:AA:47,2020-07-07 17:20:01,60e18ef4-c0b0-11ea-a891-dca63233aa46,1,1,1,-56,0.000002511886432,
122,DC:A6:32:33:AA:47,2020-07-07 17:20:01,60e18ef4-c0b0-11ea-a891-dca63233aa46,1,1,1,-50,0.00001,
123,DC:A6:32:33:AA:47,2020-07-07 17:20:03,60e18ef4-c0b0-11ea-a891-dca63233aa46,1,1,1,-50,0.00001,
124,DC:A6:32:33:AA:47,2020-07-07 17:20:05,60e18ef4-c0b0-11ea-a891-dca63233aa46,1,1,1,-58,0.000001584893192,
125,DC:A6:32:33:AA:47,2020-07-07 17:20:06,60e18ef4-c0b0-11ea-a891-dca63233aa46,1,1,1,-58,0.000001584893192,
126,DC:A6:32:33:AA:47,2020-07-07 17:20:06,60e18ef4-c0b0-11ea-a891-dca63233aa46,1,1,1,-51,0.000007943282347,
127,DC:A6:32:33:AA:47,2020-07-07 17:20:08,60e18ef4-c0b0-11ea-a891-dca63233aa46,1,1,1,-58,0.000001584893192,
128,DC:A6:32:33:AA:47,2020-07-07 17:20:09,60e18ef4-c0b0-11ea-a891-dca63233aa46,1,1,1,-59,0.000001258925412,
129,DC:A6:32:33:AA:47,2020-07-07 17:20:10,60e18ef4-c0b0-11ea-a891-dca63233aa46,1,1,1,-58,0.000001584893192,
130,DC:A6:32:33:AA:47,2020-07-07 17:20:12,60e18ef4-c0b0-11ea-a891-dca63233aa46,1,1,1,-51,0.000007943282347,
131,DC:A6:32:33:AA:47,2020-07-07 17:20:13,60e18ef4-c0b0-11ea-a891-dca63233aa46,1,1,1,-51,0.000007943282347,
132,DC:A6:32:33:AA:47,2020-07-07 17:20:14,60e18ef4-c0b0-11ea-a891-dca63233aa46,1,1,1,-59,0.000001258925412,
133,DC:A6:32:33:AA:47,2020-07-07 17:20:15,60e18ef4-c0b0-11ea-a891-dca63233aa46,1,1,1,-51,0.000007943282347,
134,DC:A6:32:33:AA:47,2020-07-07 17:20:16,60e18ef4-c0b0-11ea-a891-dca63233aa46,1,1,1,-59,0.000001258925412,
135,DC:A6:32:33:AA:47,2020-07-07 17:20:18,60e18ef4-c0b0-11ea-a891-dca63233aa46,1,1,1,-58,0.000001584893192,
136,DC:A6:32:33:AA:47,2020-07-07 17:20:18,60e18ef4-c0b0-11ea-a891-dca63233aa46,1,1,1,-58,0.000001584893192,
137,DC:A6:32:33:AA:47,2020-07-07 17:20:19,60e18ef4-c0b0-11ea-a891-dca63233aa46,1,1,1,-51,0.000007943282347,
138,DC:A6:32:33:AA:47,2020-07-07 17:20:21,60e18ef4-c0b0-11ea-a891-dca63233aa46,1,1,1,-50,0.00001,
139,DC:A6:32:33:AA:47,2020-07-07 17:20:23,60e18ef4-c0b0-11ea-a891-dca63233aa46,1,1,1,-58,0.000001584893192,
140,DC:A6:32:33:AA:47,2020-07-07 17:20:23,60e18ef4-c0b0-11ea-a891-dca63233aa46,1,1,1,-51,0.000007943282347,
141,DC:A6:32:33:AA:47,2020-07-07 17:20:25,60e18ef4-c0b0-11ea-a891-dca63233aa46,1,1,1,-58,0.000001584893192,
142,DC:A6:32:33:AA:47,2020-07-07 17:20:25,60e18ef4-c0b0-11ea-a891-dca63233aa46,1,1,1,-52,0.000006309573445,
143,DC:A6:32:33:AA:47,2020-07-07 17:20:26,60e18ef4-c0b0-11ea-a891-dca63233aa46,1,1,1,-50,0.00001,
144,DC:A6:32:33:AA:47,2020-07-07 17:20:28,60e18ef4-c0b0-11ea-a891-dca63233aa46,1,1,1,-58,0.000001584893192,
145,DC:A6:32:33:AA:47,2020-07-07 17:20:28,60e18ef4-c0b0-11ea-a891-dca63233aa46,1,1,1,-52,0.000006309573445,
146,DC:A6:32:33:AA:47,2020-07-07 17:20:30,60e18ef4-c0b0-11ea-a891-dca63233aa46,1,1,1,-50,0.00001,
147,DC:A6:32:33:AA:47,2020-07-07 17:20:32,60e18ef4-c0b0-11ea-a891-dca63233aa46,1,1,1,-51,0.000007943282347,
148,DC:A6:32:33:AA:47,2020-07-07 17:20:34,60e18ef4-c0b0-11ea-a891-dca63233aa46,1,1,1,-59,0.000001258925412,
149,DC:A6:32:33:AA:47,2020-07-07 17:20:36,60e18ef4-c0b0-11ea-a891-dca63233aa46,1,1,1,-58,0.000001584893192,
150,DC:A6:32:33:AA:47,2020-07-07 17:20:38,60e18ef4-c0b0-11ea-a891-dca63233aa46,1,1,1,-52,0.000006309573445,
151,DC:A6:32:33:AA:47,2020-07-07 17:20:39,60e18ef4-c0b0-11ea-a891-dca63233aa46,1,1,1,-50,0.00001,
152,DC:A6:32:33:AA:47,2020-07-07 17:20:40,60e18ef4-c0b0-11ea-a891-dca63233aa46,1,1,1,-51,0.000007943282347,
153,DC:A6:32:33:AA:47,2020-07-07 17:20:41,60e18ef4-c0b0-11ea-a891-dca63233aa46,1,1,1,-57,0.000001995262315,
154,DC:A6:32:33:AA:47,2020-07-07 17:20:42,60e18ef4-c0b0-11ea-a891-dca63233aa46,1,1,1,-51,0.000007943282347,
155,DC:A6:32:33:AA:47,2020-07-07 17:20:44,60e18ef4-c0b0-11ea-a891-dca63233aa46,1,1,1,-50,0.00001,
156,DC:A6:32:33:AA:47,2020-07-07 17:20:45,60e18ef4-c0b0-11ea-a891-dca63233aa46,1,1,1,-55,0.00000316227766,
157,DC:A6:32:33:AA:47,2020-07-07 17:20:46,60e18ef4-c0b0-11ea-a891-dca63233aa46,1,1,1,-50,0.00001,
158,DC:A6:32:33:AA:47,2020-07-07 17:20:48,60e18ef4-c0b0-11ea-a891-dca63233aa46,1,1,1,-52,0.000006309573445,
159,DC:A6:32:33:AA:47,2020-07-07 17:20:50,60e18ef4-c0b0-11ea-a891-dca63233aa46,1,1,1,-57,0.000001995262315,
160,DC:A6:32:33:AA:47,2020-07-07 17:20:51,60e18ef4-c0b0-11ea-a891-dca63233aa46,1,1,1,-50,0.00001,
161,DC:A6:32:33:AA:47,2020-07-07 17:20:52,60e18ef4-c0b0-11ea-a891-dca63233aa46,1,1,1,-51,0.000007943282347,
162,DC:A6:32:33:AA:47,2020-07-07 17:20:54,60e18ef4-c0b0-11ea-a891-dca63233aa46,1,1,1,-50,0.00001,
163,DC:A6:32:33:AA:47,2020-07-07 17:20:54,60e18ef4-c0b0-11ea-a891-dca63233aa46,1,1,1,-52,0.000006309573445,
164,DC:A6:32:33:AA:47,2020-07-07 17:20:56,60e18ef4-c0b0-11ea-a891-dca63233aa46,1,1,1,-52,0.000006309573445,
165,DC:A6:32:33:AA:47,2020-07-07 17:20:58,60e18ef4-c0b0-11ea-a891-dca63233aa46,1,1,1,-57,0.000001995262315,
166,DC:A6:32:33:AA:47,2020-07-07 17:20:59,60e18ef4-c0b0-11ea-a891-dca63233aa46,1,1,1,-51,0.000007943282347,
167,DC:A6:32:33:AA:47,2020-07-07 17:21:00,60e18ef4-c0b0-11ea-a891-dca63233aa46,1,1,1,-57,0.000001995262315,
168,DC:A6:32:33:AA:47,2020-07-07 17:21:02,60e18ef4-c0b0-11ea-a891-dca63233aa46,1,1,1,-51,0.000007943282347,
169,DC:A6:32:33:AA:47,2020-07-07 17:21:04,60e18ef4-c0b0-11ea-a891-dca63233aa46,1,1,1,-57,0.000001995262315,
170,DC:A6:32:33:AA:47,2020-07-07 17:21:05,60e18ef4-c0b0-11ea-a891-dca63233aa46,1,1,1,-50,0.00001,
171,DC:A6:32:33:AA:47,2020-07-07 17:21:06,60e18ef4-c0b0-11ea-a891-dca63233aa46,1,1,1,-51,0.000007943282347,
172,DC:A6:32:33:AA:47,2020-07-07 17:21:07,60e18ef4-c0b0-11ea-a891-dca63233aa46,1,1,1,-57,0.000001995262315,
173,DC:A6:32:33:AA:47,2020-07-07 17:21:09,60e18ef4-c0b0-11ea-a891-dca63233aa46,1,1,1,-50,0.00001,
174,DC:A6:32:33:AA:47,2020-07-07 17:21:10,60e18ef4-c0b0-11ea-a891-dca63233aa46,1,1,1,-51,0.000007943282347,
175,DC:A6:32:33:AA:47,2020-07-07 17:21:11,60e18ef4-c0b0-11ea-a891-dca63233aa46,1,1,1,-51,0.000007943282347,
176,DC:A6:32:33:AA:47,2020-07-07 17:21:13,60e18ef4-c0b0-11ea-a891-dca63233aa46,1,1,1,-50,0.00001,
177,DC:A6:32:33:AA:47,2020-07-07 17:21:13,60e18ef4-c0b0-11ea-a891-dca63233aa46,1,1,1,-50,0.00001,
178,DC:A6:32:33:AA:47,2020-07-07 17:21:15,60e18ef4-c0b0-11ea-a891-dca63233aa46,1,1,1,-51,0.000007943282347,
179,DC:A6:32:33:AA:47,2020-07-07 17:21:16,60e18ef4-c0b0-11ea-a891-dca63233aa46,1,1,1,-51,0.000007943282347,
180,DC:A6:32:33:AA:47,2020-07-07 17:21:17,60e18ef4-c0b0-11ea-a891-dca63233aa46,1,1,1,-57,0.000001995262315,
181,DC:A6:32:33:AA:47,2020-07-07 17:21:19,60e18ef4-c0b0-11ea-a891-dca63233aa46,1,1,1,-50,0.00001,
182,DC:A6:32:33:AA:47,2020-07-07 17:21:20,60e18ef4-c0b0-11ea-a891-dca63233aa46,1,1,1,-57,0.000001995262315,
183,DC:A6:32:33:AA:47,2020-07-07 17:21:22,60e18ef4-c0b0-11ea-a891-dca63233aa46,1,1,1,-57,0.000001995262315,
184,DC:A6:32:33:AA:47,2020-07-07 17:21:24,60e18ef4-c0b0-11ea-a891-dca63233aa46,1,1,1,-51,0.000007943282347,
185,DC:A6:32:33:AA:47,2020-07-07 17:21:26,60e18ef4-c0b0-11ea-a891-dca63233aa46,1,1,1,-53,0.000005011872336,
186,DC:A6:32:33:AA:47,2020-07-07 17:21:28,60e18ef4-c0b0-11ea-a891-dca63233aa46,1,1,1,-48,0.00001584893192,
187,DC:A6:32:33:AA:47,2020-07-07 17:21:30,60e18ef4-c0b0-11ea-a891-dca63233aa46,1,1,1,-57,0.000001995262315,
188,DC:A6:32:33:AA:47,2020-07-07 17:21:32,60e18ef4-c0b0-11ea-a891-dca63233aa46,1,1,1,-56,0.000002511886432,
189,DC:A6:32:33:AA:47,2020-07-07 17:21:33,60e18ef4-c0b0-11ea-a891-dca63233aa46,1,1,1,-52,0.000006309573445,
190,DC:A6:32:33:AA:47,2020-07-07 17:21:35,60e18ef4-c0b0-11ea-a891-dca63233aa46,1,1,1,-52,0.000006309573445,
191,DC:A6:32:33:AA:47,2020-07-07 17:21:35,60e18ef4-c0b0-11ea-a891-dca63233aa46,1,1,1,-56,0.000002511886432,
192,DC:A6:32:33:AA:47,2020-07-07 17:21:37,60e18ef4-c0b0-11ea-a891-dca63233aa46,1,1,1,-53,0.000005011872336,
193,DC:A6:32:33:AA:47,2020-07-07 17:21:39,60e18ef4-c0b0-11ea-a891-dca63233aa46,1,1,1,-57,0.000001995262315,
194,DC:A6:32:33:AA:47,2020-07-07 17:21:40,60e18ef4-c0b0-11ea-a891-dca63233aa46,1,1,1,-51,0.000007943282347,
195,DC:A6:32:33:AA:47,2020-07-07 17:21:40,60e18ef4-c0b0-11ea-a891-dca63233aa46,1,1,1,-52,0.000006309573445,
196,DC:A6:32:33:AA:47,2020-07-07 17:21:42,60e18ef4-c0b0-11ea-a891-dca63233aa46,1,1,1,-53,0.000005011872336,
197,DC:A6:32:33:AA:47,2020-07-07 17:21:43,60e18ef4-c0b0-11ea-a891-dca63233aa46,1,1,1,-58,0.000001584893192,
198,DC:A6:32:33:AA:47,2020-07-07 17:21:45,60e18ef4-c0b0-11ea-a891-dca63233aa46,1,1,1,-52,0.000006309573445,
199,DC:A6:32:33:AA:47,2020-07-07 17:21:46,60e18ef4-c0b0-11ea-a891-dca63233aa46,1,1,1,-50,0.00001,
200,DC:A6:32:33:AA:47,2020-07-07 17:21:47,60e18ef4-c0b0-11ea-a891-dca63233aa46,1,1,1,-52,0.000006309573445,
201,DC:A6:32:33:AA:47,2020-07-07 17:21:48,60e18ef4-c0b0-11ea-a891-dca63233aa46,1,1,1,-57,0.000001995262315,
202,DC:A6:32:33:AA:47,2020-07-07 17:21:50,60e18ef4-c0b0-11ea-a891-dca63233aa46,1,1,1,-50,0.00001,
203,DC:A6:32:33:AA:47,2020-07-07 17:21:52,60e18ef4-c0b0-11ea-a891-dca63233aa46,1,1,1,-50,0.00001,
204,DC:A6:32:33:AA:47,2020-07-07 17:21:54,60e18ef4-c0b0-11ea-a891-dca63233aa46,1,1,1,-58,0.000001584893192,
205,DC:A6:32:33:AA:47,2020-07-07 17:21:56,60e18ef4-c0b0-11ea-a891-dca63233aa46,1,1,1,-52,0.000006309573445,
206,DC:A6:32:33:AA:47,2020-07-07 17:21:58,60e18ef4-c0b0-11ea-a891-dca63233aa46,1,1,1,-51,0.000007943282347,
207,DC:A6:32:33:AA:47,2020-07-07 17:22:00,60e18ef4-c0b0-11ea-a891-dca63233aa46,1,1,1,-52,0.000006309573445,
208,DC:A6:32:33:AA:47,2020-07-07 17:22:02,60e18ef4-c0b0-11ea-a891-dca63233aa46,1,1,1,-57,0.000001995262315,
209,DC:A6:32:33:AA:47,2020-07-07 17:22:04,60e18ef4-c0b0-11ea-a891-dca63233aa46,1,1,1,-57,0.000001995262315,
210,DC:A6:32:33:AA:47,2020-07-07 17:22:05,60e18ef4-c0b0-11ea-a891-dca63233aa46,1,1,1,-52,0.000006309573445,
211,DC:A6:32:33:AA:47,2020-07-07 17:22:07,60e18ef4-c0b0-11ea-a891-dca63233aa46,1,1,1,-51,0.000007943282347,
212,DC:A6:32:33:AA:47,2020-07-07 17:22:09,60e18ef4-c0b0-11ea-a891-dca63233aa46,1,1,1,-50,0.00001,
213,DC:A6:32:33:AA:47,2020-07-07 17:22:11,60e18ef4-c0b0-11ea-a891-dca63233aa46,1,1,1,-51,0.000007943282347,
214,DC:A6:32:33:AA:47,2020-07-07 17:22:12,60e18ef4-c0b0-11ea-a891-dca63233aa46,1,1,1,-57,0.000001995262315,
215,DC:A6:32:33:AA:47,2020-07-07 17:22:13,60e18ef4-c0b0-11ea-a891-dca63233aa46,1,1,1,-56,0.000002511886432,
216,DC:A6:32:33:AA:47,2020-07-07 17:22:14,60e18ef4-c0b0-11ea-a891-dca63233aa46,1,1,1,-51,0.000007943282347,
217,DC:A6:32:33:AA:47,2020-07-07 17:22:16,60e18ef4-c0b0-11ea-a891-dca63233aa46,1,1,1,-52,0.000006309573445,
218,DC:A6:32:33:AA:47,2020-07-07 17:22:16,60e18ef4-c0b0-11ea-a891-dca63233aa46,1,1,1,-57,0.000001995262315,
219,DC:A6:32:33:AA:47,2020-07-07 17:22:17,60e18ef4-c0b0-11ea-a891-dca63233aa46,1,1,1,-56,0.000002511886432,
220,DC:A6:32:33:AA:47,2020-07-07 17:22:19,60e18ef4-c0b0-11ea-a891-dca63233aa46,1,1,1,-58,0.000001584893192,
221,DC:A6:32:33:AA:47,2020-07-07 17:22:19,60e18ef4-c0b0-11ea-a891-dca63233aa46,1,1,1,-52,0.000006309573445,
222,DC:A6:32:33:AA:47,2020-07-07 17:22:20,60e18ef4-c0b0-11ea-a891-dca63233aa46,1,1,1,-57,0.000001995262315,
223,DC:A6:32:33:AA:47,2020-07-07 17:22:22,60e18ef4-c0b0-11ea-a891-dca63233aa46,1,1,1,-52,0.000006309573445,
224,DC:A6:32:33:AA:47,2020-07-07 17:22:23,60e18ef4-c0b0-11ea-a891-dca63233aa46,1,1,1,-50,0.00001,
225,DC:A6:32:33:AA:47,2020-07-07 17:22:25,60e18ef4-c0b0-11ea-a891-dca63233aa46,1,1,1,-56,0.000002511886432,
226,DC:A6:32:33:AA:47,2020-07-07 17:22:27,60e18ef4-c0b0-11ea-a891-dca63233aa46,1,1,1,-56,0.000002511886432,
227,DC:A6:32:33:AA:47,2020-07-07 17:22:28,60e18ef4-c0b0-11ea-a891-dca63233aa46,1,1,1,-52,0.000006309573445,
228,DC:A6:32:33:AA:47,2020-07-07 17:22:29,60e18ef4-c0b0-11ea-a891-dca63233aa46,1,1,1,-53,0.000005011872336,
229,DC:A6:32:33:AA:47,2020-07-07 17:22:30,60e18ef4-c0b0-11ea-a891-dca63233aa46,1,1,1,-58,0.000001584893192,
230,DC:A6:32:33:AA:47,2020-07-07 17:22:31,60e18ef4-c0b0-11ea-a891-dca63233aa46,1,1,1,-51,0.000007943282347,
231,DC:A6:32:33:AA:47,2020-07-07 17:22:32,60e18ef4-c0b0-11ea-a891-dca63233aa46,1,1,1,-58,0.000001584893192,
232,DC:A6:32:33:AA:47,2020-07-07 17:22:34,60e18ef4-c0b0-11ea-a891-dca63233aa46,1,1,1,-57,0.000001995262315,
233,DC:A6:32:33:AA:47,2020-07-07 17:22:36,60e18ef4-c0b0-11ea-a891-dca63233aa46,1,1,1,-52,0.000006309573445,
234,DC:A6:32:33:AA:47,2020-07-07 17:22:36,60e18ef4-c0b0-11ea-a891-dca63233aa46,1,1,1,-58,0.000001584893192,
235,DC:A6:32:33:AA:47,2020-07-07 17:22:38,60e18ef4-c0b0-11ea-a891-dca63233aa46,1,1,1,-57,0.000001995262315,
236,DC:A6:32:33:AA:47,2020-07-07 17:22:38,60e18ef4-c0b0-11ea-a891-dca63233aa46,1,1,1,-52,0.000006309573445,
237,DC:A6:32:33:AA:47,2020-07-07 17:22:40,60e18ef4-c0b0-11ea-a891-dca63233aa46,1,1,1,-50,0.00001,
238,DC:A6:32:33:AA:47,2020-07-07 17:22:42,60e18ef4-c0b0-11ea-a891-dca63233aa46,1,1,1,-58,0.000001584893192,
239,DC:A6:32:33:AA:47,2020-07-07 17:22:44,60e18ef4-c0b0-11ea-a891-dca63233aa46,1,1,1,-53,0.000005011872336,
240,DC:A6:32:33:AA:47,2020-07-07 17:22:45,60e18ef4-c0b0-11ea-a891-dca63233aa46,1,1,1,-56,0.000002511886432,
241,DC:A6:32:33:AA:47,2020-07-07 17:22:46,60e18ef4-c0b0-11ea-a891-dca63233aa46,1,1,1,-50,0.00001,
242,DC:A6:32:33:AA:47,2020-07-07 17:22:47,60e18ef4-c0b0-11ea-a891-dca63233aa46,1,1,1,-50,0.00001,
243,DC:A6:32:33:AA:47,2020-07-07 17:22:48,60e18ef4-c0b0-11ea-a891-dca63233aa46,1,1,1,-52,0.000006309573445,
244,DC:A6:32:33:AA:47,2020-07-07 17:22:49,60e18ef4-c0b0-11ea-a891-dca63233aa46,1,1,1,-50,0.00001,
245,DC:A6:32:33:AA:47,2020-07-07 17:22:50,60e18ef4-c0b0-11ea-a891-dca63233aa46,1,1,1,-51,0.000007943282347,
246,DC:A6:32:33:AA:47,2020-07-07 17:22:51,60e18ef4-c0b0-11ea-a891-dca63233aa46,1,1,1,-51,0.000007943282347,
247,DC:A6:32:33:AA:47,2020-07-07 17:22:52,60e18ef4-c0b0-11ea-a891-dca63233aa46,1,1,1,-52,0.000006309573445,
248,DC:A6:32:33:AA:47,2020-07-07 17:22:53,60e18ef4-c0b0-11ea-a891-dca63233aa46,1,1,1,-51,0.000007943282347,
249,DC:A6:32:33:AA:47,2020-07-07 17:22:54,60e18ef4-c0b0-11ea-a891-dca63233aa46,1,1,1,-56,0.000002511886432,
250,DC:A6:32:33:AA:47,2020-07-07 17:22:56,60e18ef4-c0b0-11ea-a891-dca63233aa46,1,1,1,-56,0.000002511886432,
251,DC:A6:32:33:AA:47,2020-07-07 17:22:56,60e18ef4-c0b0-11ea-a891-dca63233aa46,1,1,1,-56,0.000002511886432,
252,DC:A6:32:33:AA:47,2020-07-07 17:22:57,60e18ef4-c0b0-11ea-a891-dca63233aa46,1,1,1,-56,0.000002511886432,
253,DC:A6:32:33:AA:47,2020-07-07 17:22:58,60e18ef4-c0b0-11ea-a891-dca63233aa46,1,1,1,-50,0.00001,
254,DC:A6:32:33:AA:47,2020-07-07 17:22:59,60e18ef4-c0b0-11ea-a891-dca63233aa46,1,1,1,-51,0.000007943282347,
255,DC:A6:32:33:AA:47,2020-07-07 17:23:01,60e18ef4-c0b0-11ea-a891-dca63233aa46,1,1,1,-50,0.00001,
256,DC:A6:32:33:AA:47,2020-07-07 17:23:02,60e18ef4-c0b0-11ea-a891-dca63233aa46,1,1,1,-56,0.000002511886432,
257,DC:A6:32:33:AA:47,2020-07-07 17:23:02,60e18ef4-c0b0-11ea-a891-dca63233aa46,1,1,1,-57,0.000001995262315,
258,DC:A6:32:33:AA:47,2020-07-07 17:23:04,60e18ef4-c0b0-11ea-a891-dca63233aa46,1,1,1,-50,0.00001,
259,DC:A6:32:33:AA:47,2020-07-07 17:23:06,60e18ef4-c0b0-11ea-a891-dca63233aa46,1,1,1,-52,0.000006309573445,
260,DC:A6:32:33:AA:47,2020-07-07 17:23:08,60e18ef4-c0b0-11ea-a891-dca63233aa46,1,1,1,-51,0.000007943282347,
261,DC:A6:32:33:AA:47,2020-07-07 17:23:09,60e18ef4-c0b0-11ea-a891-dca63233aa46,1,1,1,-57,0.000001995262315,
262,DC:A6:32:33:AA:47,2020-07-07 17:23:11,60e18ef4-c0b0-11ea-a891-dca63233aa46,1,1,1,-50,0.00001,
263,DC:A6:32:33:AA:47,2020-07-07 17:23:12,60e18ef4-c0b0-11ea-a891-dca63233aa46,1,1,1,-52,0.000006309573445,
264,DC:A6:32:33:AA:47,2020-07-07 17:23:14,60e18ef4-c0b0-11ea-a891-dca63233aa46,1,1,1,-52,0.000006309573445,
265,DC:A6:32:33:AA:47,2020-07-07 17:23:15,60e18ef4-c0b0-11ea-a891-dca63233aa46,1,1,1,-52,0.000006309573445,
266,DC:A6:32:33:AA:47,2020-07-07 17:23:16,60e18ef4-c0b0-11ea-a891-dca63233aa46,1,1,1,-52,0.000006309573445,
267,DC:A6:32:33:AA:47,2020-07-07 17:23:17,60e18ef4-c0b0-11ea-a891-dca63233aa46,1,1,1,-57,0.000001995262315,
268,DC:A6:32:33:AA:47,2020-07-07 17:23:18,60e18ef4-c0b0-11ea-a891-dca63233aa46,1,1,1,-50,0.00001,
269,DC:A6:32:33:AA:47,2020-07-07 17:23:19,60e18ef4-c0b0-11ea-a891-dca63233aa46,1,1,1,-52,0.000006309573445,
270,DC:A6:32:33:AA:47,2020-07-07 17:23:21,60e18ef4-c0b0-11ea-a891-dca63233aa46,1,1,1,-51,0.000007943282347,
271,DC:A6:32:33:AA:47,2020-07-07 17:23:23,60e18ef4-c0b0-11ea-a891-dca63233aa46,1,1,1,-56,0.000002511886432,
272,DC:A6:32:33:AA:47,2020-07-07 17:23:25,60e18ef4-c0b0-11ea-a891-dca63233aa46,1,1,1,-50,0.00001,
273,DC:A6:32:33:AA:47,2020-07-07 17:23:26,60e18ef4-c0b0-11ea-a891-dca63233aa46,1,1,1,-51,0.000007943282347,
274,DC:A6:32:33:AA:47,2020-07-07 17:23:26,60e18ef4-c0b0-11ea-a891-dca63233aa46,1,1,1,-50,0.00001,
275,DC:A6:32:33:AA:47,2020-07-07 17:23:28,60e18ef4-c0b0-11ea-a891-dca63233aa46,1,1,1,-51,0.000007943282347,
276,DC:A6:32:33:AA:47,2020-07-07 17:23:29,60e18ef4-c0b0-11ea-a891-dca63233aa46,1,1,1,-50,0.00001,
277,DC:A6:32:33:AA:47,2020-07-07 17:23:30,60e18ef4-c0b0-11ea-a891-dca63233aa46,1,1,1,-51,0.000007943282347,
278,DC:A6:32:33:AA:47,2020-07-07 17:23:31,60e18ef4-c0b0-11ea-a891-dca63233aa46,1,1,1,-56,0.000002511886432,
279,DC:A6:32:33:AA:47,2020-07-07 17:23:33,60e18ef4-c0b0-11ea-a891-dca63233aa46,1,1,1,-52,0.000006309573445,
280,DC:A6:32:33:AA:47,2020-07-07 17:23:35,60e18ef4-c0b0-11ea-a891-dca63233aa46,1,1,1,-51,0.000007943282347,
281,DC:A6:32:33:AA:47,2020-07-07 17:23:37,60e18ef4-c0b0-11ea-a891-dca63233aa46,1,1,1,-51,0.000007943282347,
282,DC:A6:32:33:AA:47,2020-07-07 17:23:38,60e18ef4-c0b0-11ea-a891-dca63233aa46,1,1,1,-51,0.000007943282347,
283,DC:A6:32:33:AA:47,2020-07-07 17:23:40,60e18ef4-c0b0-11ea-a891-dca63233aa46,1,1,1,-57,0.000001995262315,
284,DC:A6:32:33:AA:47,2020-07-07 17:23:40,60e18ef4-c0b0-11ea-a891-dca63233aa46,1,1,1,-58,0.000001584893192,
285,DC:A6:32:33:AA:47,2020-07-07 17:23:41,60e18ef4-c0b0-11ea-a891-dca63233aa46,1,1,1,-50,0.00001,
286,DC:A6:32:33:AA:47,2020-07-07 17:23:43,60e18ef4-c0b0-11ea-a891-dca63233aa46,1,1,1,-57,0.000001995262315,
287,DC:A6:32:33:AA:47,2020-07-07 17:23:43,60e18ef4-c0b0-11ea-a891-dca63233aa46,1,1,1,-52,0.000006309573445,
288,DC:A6:32:33:AA:47,2020-07-07 17:23:44,60e18ef4-c0b0-11ea-a891-dca63233aa46,1,1,1,-50,0.00001,
289,DC:A6:32:33:AA:47,2020-07-07 17:23:46,60e18ef4-c0b0-11ea-a891-dca63233aa46,1,1,1,-55,0.00000316227766,
290,DC:A6:32:33:AA:47,2020-07-07 17:23:47,60e18ef4-c0b0-11ea-a891-dca63233aa46,1,1,1,-52,0.000006309573445,
291,DC:A6:32:33:AA:47,2020-07-07 17:23:49,60e18ef4-c0b0-11ea-a891-dca63233aa46,1,1,1,-51,0.000007943282347,
292,DC:A6:32:33:AA:47,2020-07-07 17:23:51,60e18ef4-c0b0-11ea-a891-dca63233aa46,1,1,1,-52,0.000006309573445,
293,DC:A6:32:33:AA:47,2020-07-07 17:23:51,60e18ef4-c0b0-11ea-a891-dca63233aa46,1,1,1,-52,0.000006309573445,
294,DC:A6:32:33:AA:47,2020-07-07 17:23:52,60e18ef4-c0b0-11ea-a891-dca63233aa46,1,1,1,-50,0.00001,
295,DC:A6:32:33:AA:47,2020-07-07 17:23:54,60e18ef4-c0b0-11ea-a891-dca63233aa46,1,1,1,-59,0.000001258925412,
296,DC:A6:32:33:AA:47,2020-07-07 17:23:56,60e18ef4-c0b0-11ea-a891-dca63233aa46,1,1,1,-51,0.000007943282347,
297,DC:A6:32:33:AA:47,2020-07-07 17:23:57,60e18ef4-c0b0-11ea-a891-dca63233aa46,1,1,1,-50,0.00001,
298,DC:A6:32:33:AA:47,2020-07-07 17:23:58,60e18ef4-c0b0-11ea-a891-dca63233aa46,1,1,1,-55,0.00000316227766,
299,DC:A6:32:33:AA:47,2020-07-07 17:24:00,60e18ef4-c0b0-11ea-a891-dca63233aa46,1,1,1,-50,0.00001,
300,DC:A6:32:33:AA:47,2020-07-07 17:24:01,60e18ef4-c0b0-11ea-a891-dca63233aa46,1,1,1,-52,0.000006309573445,
301,DC:A6:32:33:AA:47,2020-07-07 17:24:02,60e18ef4-c0b0-11ea-a891-dca63233aa46,1,1,1,-50,0.00001,
302,DC:A6:32:33:AA:47,2020-07-07 17:24:03,60e18ef4-c0b0-11ea-a891-dca63233aa46,1,1,1,-56,0.000002511886432,
303,DC:A6:32:33:AA:47,2020-07-07 17:24:04,60e18ef4-c0b0-11ea-a891-dca63233aa46,1,1,1,-50,0.00001,
304,DC:A6:32:33:AA:47,2020-07-07 17:24:05,60e18ef4-c0b0-11ea-a891-dca63233aa46,1,1,1,-51,0.000007943282347,
305,DC:A6:32:33:AA:47,2020-07-07 17:24:06,60e18ef4-c0b0-11ea-a891-dca63233aa46,1,1,1,-52,0.000006309573445,
306,DC:A6:32:33:AA:47,2020-07-07 17:24:07,60e18ef4-c0b0-11ea-a891-dca63233aa46,1,1,1,-52,0.000006309573445,
307,DC:A6:32:33:AA:47,2020-07-07 17:24:08,60e18ef4-c0b0-11ea-a891-dca63233aa46,1,1,1,-51,0.000007943282347,
308,DC:A6:32:33:AA:47,2020-07-07 17:24:10,60e18ef4-c0b0-11ea-a891-dca63233aa46,1,1,1,-57,0.000001995262315,
309,DC:A6:32:33:AA:47,2020-07-07 17:24:12,60e18ef4-c0b0-11ea-a891-dca63233aa46,1,1,1,-50,0.00001,
310,DC:A6:32:33:AA:47,2020-07-07 17:24:14,60e18ef4-c0b0-11ea-a891-dca63233aa46,1,1,1,-58,0.000001584893192,
311,DC:A6:32:33:AA:47,2020-07-07 17:24:15,60e18ef4-c0b0-11ea-a891-dca63233aa46,1,1,1,-57,0.000001995262315,
312,DC:A6:32:33:AA:47,2020-07-07 17:24:17,60e18ef4-c0b0-11ea-a891-dca63233aa46,1,1,1,-51,0.000007943282347,
313,DC:A6:32:33:AA:47,2020-07-07 17:24:17,60e18ef4-c0b0-11ea-a891-dca63233aa46,1,1,1,-51,0.000007943282347,
314,DC:A6:32:33:AA:47,2020-07-07 17:24:18,60e18ef4-c0b0-11ea-a891-dca63233aa46,1,1,1,-52,0.000006309573445,
315,DC:A6:32:33:AA:47,2020-07-07 17:24:19,60e18ef4-c0b0-11ea-a891-dca63233aa46,1,1,1,-51,0.000007943282347,
316,DC:A6:32:33:AA:47,2020-07-07 17:24:21,60e18ef4-c0b0-11ea-a891-dca63233aa46,1,1,1,-50,0.00001,
317,DC:A6:32:33:AA:47,2020-07-07 17:24:22,60e18ef4-c0b0-11ea-a891-dca63233aa46,1,1,1,-57,0.000001995262315,
318,DC:A6:32:33:AA:47,2020-07-07 17:24:24,60e18ef4-c0b0-11ea-a891-dca63233aa46,1,1,1,-52,0.000006309573445,
319,DC:A6:32:33:AA:47,2020-07-07 17:24:25,60e18ef4-c0b0-11ea-a891-dca63233aa46,1,1,1,-52,0.000006309573445,
320,DC:A6:32:33:AA:47,2020-07-07 17:24:27,60e18ef4-c0b0-11ea-a891-dca63233aa46,1,1,1,-51,0.000007943282347,
321,DC:A6:32:33:AA:47,2020-07-07 17:24:29,60e18ef4-c0b0-11ea-a891-dca63233aa46,1,1,1,-50,0.00001,
322,DC:A6:32:33:AA:47,2020-07-07 17:24:31,60e18ef4-c0b0-11ea-a891-dca63233aa46,1,1,1,-52,0.000006309573445,
323,DC:A6:32:33:AA:47,2020-07-07 17:24:33,60e18ef4-c0b0-11ea-a891-dca63233aa46,1,1,1,-51,0.000007943282347,
324,DC:A6:32:33:AA:47,2020-07-07 17:24:35,60e18ef4-c0b0-11ea-a891-dca63233aa46,1,1,1,-51,0.000007943282347,
325,DC:A6:32:33:AA:47,2020-07-07 17:24:36,60e18ef4-c0b0-11ea-a891-dca63233aa46,1,1,1,-51,0.000007943282347,
326,DC:A6:32:33:AA:47,2020-07-07 17:24:38,60e18ef4-c0b0-11ea-a891-dca63233aa46,1,1,1,-51,0.000007943282347,
327,DC:A6:32:33:AA:47,2020-07-07 17:24:38,60e18ef4-c0b0-11ea-a891-dca63233aa46,1,1,1,-51,0.000007943282347,
328,DC:A6:32:33:AA:47,2020-07-07 17:24:40,60e18ef4-c0b0-11ea-a891-dca63233aa46,1,1,1,-58,0.000001584893192,
329,DC:A6:32:33:AA:47,2020-07-07 17:24:41,60e18ef4-c0b0-11ea-a891-dca63233aa46,1,1,1,-56,0.000002511886432,
330,DC:A6:32:33:AA:47,2020-07-07 17:24:43,60e18ef4-c0b0-11ea-a891-dca63233aa46,1,1,1,-51,0.000007943282347,
331,DC:A6:32:33:AA:47,2020-07-07 17:24:45,60e18ef4-c0b0-11ea-a891-dca63233aa46,1,1,1,-51,0.000007943282347,
332,DC:A6:32:33:AA:47,2020-07-07 17:24:46,60e18ef4-c0b0-11ea-a891-dca63233aa46,1,1,1,-51,0.000007943282347,
333,DC:A6:32:33:AA:47,2020-07-07 17:24:47,60e18ef4-c0b0-11ea-a891-dca63233aa46,1,1,1,-51,0.000007943282347,
334,DC:A6:32:33:AA:47,2020-07-07 17:24:49,60e18ef4-c0b0-11ea-a891-dca63233aa46,1,1,1,-52,0.000006309573445,
335,DC:A6:32:33:AA:47,2020-07-07 17:24:51,60e18ef4-c0b0-11ea-a891-dca63233aa46,1,1,1,-51,0.000007943282347,
336,DC:A6:32:33:AA:47,2020-07-07 17:24:53,60e18ef4-c0b0-11ea-a891-dca63233aa46,1,1,1,-55,0.00000316227766,
337,DC:A6:32:33:AA:47,2020-07-07 17:24:54,60e18ef4-c0b0-11ea-a891-dca63233aa46,1,1,1,-57,0.000001995262315,
338,DC:A6:32:33:AA:47,2020-07-07 17:24:56,60e18ef4-c0b0-11ea-a891-dca63233aa46,1,1,1,-51,0.000007943282347,
339,DC:A6:32:33:AA:47,2020-07-07 17:24:56,60e18ef4-c0b0-11ea-a891-dca63233aa46,1,1,1,-51,0.000007943282347,
340,DC:A6:32:33:AA:47,2020-07-07 17:24:57,60e18ef4-c0b0-11ea-a891-dca63233aa46,1,1,1,-51,0.000007943282347,
341,DC:A6:32:33:AA:47,2020-07-07 17:24:59,60e18ef4-c0b0-11ea-a891-dca63233aa46,1,1,1,-51,0.000007943282347,
342,DC:A6:32:33:AA:47,2020-07-07 17:25:00,60e18ef4-c0b0-11ea-a891-dca63233aa46,1,1,1,-56,0.000002511886432,
343,DC:A6:32:33:AA:47,2020-07-07 17:25:01,60e18ef4-c0b0-11ea-a891-dca63233aa46,1,1,1,-51,0.000007943282347,
344,DC:A6:32:33:AA:47,2020-07-07 17:25:02,60e18ef4-c0b0-11ea-a891-dca63233aa46,1,1,1,-50,0.00001,
345,DC:A6:32:33:AA:47,2020-07-07 17:25:04,60e18ef4-c0b0-11ea-a891-dca63233aa46,1,1,1,-51,0.000007943282347,
346,DC:A6:32:33:AA:47,2020-07-07 17:25:06,60e18ef4-c0b0-11ea-a891-dca63233aa46,1,1,1,-51,0.000007943282347,
347,DC:A6:32:33:AA:47,2020-07-07 17:25:06,60e18ef4-c0b0-11ea-a891-dca63233aa46,1,1,1,-51,0.000007943282347,
348,DC:A6:32:33:AA:47,2020-07-07 17:25:07,60e18ef4-c0b0-11ea-a891-dca63233aa46,1,1,1,-51,0.000007943282347,
349,DC:A6:32:33:AA:47,2020-07-07 17:25:08,60e18ef4-c0b0-11ea-a891-dca63233aa46,1,1,1,-51,0.000007943282347,
350,DC:A6:32:33:AA:47,2020-07-07 17:25:10,60e18ef4-c0b0-11ea-a891-dca63233aa46,1,1,1,-51,0.000007943282347,
351,DC:A6:32:33:AA:47,2020-07-07 17:25:10,60e18ef4-c0b0-11ea-a891-dca63233aa46,1,1,1,-50,0.00001,
352,DC:A6:32:33:AA:47,2020-07-07 17:25:12,60e18ef4-c0b0-11ea-a891-dca63233aa46,1,1,1,-50,0.00001,
353,DC:A6:32:33:AA:47,2020-07-07 17:25:13,60e18ef4-c0b0-11ea-a891-dca63233aa46,1,1,1,-55,0.00000316227766,
354,DC:A6:32:33:AA:47,2020-07-07 17:25:15,60e18ef4-c0b0-11ea-a891-dca63233aa46,1,1,1,-52,0.000006309573445,
355,DC:A6:32:33:AA:47,2020-07-07 17:25:16,60e18ef4-c0b0-11ea-a891-dca63233aa46,1,1,1,-51,0.000007943282347,
356,DC:A6:32:33:AA:47,2020-07-07 17:25:18,60e18ef4-c0b0-11ea-a891-dca63233aa46,1,1,1,-52,0.000006309573445,
357,DC:A6:32:33:AA:47,2020-07-07 17:25:20,60e18ef4-c0b0-11ea-a891-dca63233aa46,1,1,1,-52,0.000006309573445,
358,DC:A6:32:33:AA:47,2020-07-07 17:25:21,60e18ef4-c0b0-11ea-a891-dca63233aa46,1,1,1,-51,0.000007943282347,
359,DC:A6:32:33:AA:47,2020-07-07 17:25:23,60e18ef4-c0b0-11ea-a891-dca63233aa46,1,1,1,-52,0.000006309573445,
360,DC:A6:32:33:AA:47,2020-07-07 17:25:23,60e18ef4-c0b0-11ea-a891-dca63233aa46,1,1,1,-52,0.000006309573445,
361,DC:A6:32:33:AA:47,2020-07-07 17:25:24,60e18ef4-c0b0-11ea-a891-dca63233aa46,1,1,1,-52,0.000006309573445,
362,DC:A6:32:33:AA:47,2020-07-07 17:25:25,60e18ef4-c0b0-11ea-a891-dca63233aa46,1,1,1,-52,0.000006309573445,
363,DC:A6:32:33:AA:47,2020-07-07 17:25:26,60e18ef4-c0b0-11ea-a891-dca63233aa46,1,1,1,-52,0.000006309573445,
364,DC:A6:32:33:AA:47,2020-07-07 17:25:27,60e18ef4-c0b0-11ea-a891-dca63233aa46,1,1,1,-52,0.000006309573445,
365,DC:A6:32:33:AA:47,2020-07-07 17:25:29,60e18ef4-c0b0-11ea-a891-dca63233aa46,1,1,1,-53,0.000005011872336,
366,DC:A6:32:33:AA:47,2020-07-07 17:25:31,60e18ef4-c0b0-11ea-a891-dca63233aa46,1,1,1,-50,0.00001,
367,DC:A6:32:33:AA:47,2020-07-07 17:25:33,60e18ef4-c0b0-11ea-a891-dca63233aa46,1,1,1,-51,0.000007943282347,
368,DC:A6:32:33:AA:47,2020-07-07 17:25:35,60e18ef4-c0b0-11ea-a891-dca63233aa46,1,1,1,-55,0.00000316227766,
369,DC:A6:32:33:AA:47,2020-07-07 17:25:37,60e18ef4-c0b0-11ea-a891-dca63233aa46,1,1,1,-52,0.000006309573445,
370,DC:A6:32:33:AA:47,2020-07-07 17:25:39,60e18ef4-c0b0-11ea-a891-dca63233aa46,1,1,1,-50,0.00001,
371,DC:A6:32:33:AA:47,2020-07-07 17:25:40,60e18ef4-c0b0-11ea-a891-dca63233aa46,1,1,1,-52,0.000006309573445,
372,DC:A6:32:33:AA:47,2020-07-07 17:25:40,60e18ef4-c0b0-11ea-a891-dca63233aa46,1,1,1,-51,0.000007943282347,
373,DC:A6:32:33:AA:47,2020-07-07 17:25:41,60e18ef4-c0b0-11ea-a891-dca63233aa46,1,1,1,-52,0.000006309573445,
374,DC:A6:32:33:AA:47,2020-07-07 17:25:42,60e18ef4-c0b0-11ea-a891-dca63233aa46,1,1,1,-51,0.000007943282347,
375,DC:A6:32:33:AA:47,2020-07-07 17:25:44,60e18ef4-c0b0-11ea-a891-dca63233aa46,1,1,1,-50,0.00001,
376,DC:A6:32:33:AA:47,2020-07-07 17:25:46,60e18ef4-c0b0-11ea-a891-dca63233aa46,1,1,1,-52,0.000006309573445,
377,DC:A6:32:33:AA:47,2020-07-07 17:25:47,60e18ef4-c0b0-11ea-a891-dca63233aa46,1,1,1,-52,0.000006309573445,
378,DC:A6:32:33:AA:47,2020-07-07 17:25:47,60e18ef4-c0b0-11ea-a891-dca63233aa46,1,1,1,-52,0.000006309573445,
379,DC:A6:32:33:AA:47,2020-07-07 17:25:48,60e18ef4-c0b0-11ea-a891-dca63233aa46,1,1,1,-50,0.00001,
380,DC:A6:32:33:AA:47,2020-07-07 17:25:50,60e18ef4-c0b0-11ea-a891-dca63233aa46,1,1,1,-52,0.000006309573445,
381,DC:A6:32:33:AA:47,2020-07-07 17:25:52,60e18ef4-c0b0-11ea-a891-dca63233aa46,1,1,1,-55,0.00000316227766,
382,DC:A6:32:33:AA:47,2020-07-07 17:25:53,60e18ef4-c0b0-11ea-a891-dca63233aa46,1,1,1,-50,0.00001,
383,DC:A6:32:33:AA:47,2020-07-07 17:25:53,60e18ef4-c0b0-11ea-a891-dca63233aa46,1,1,1,-50,0.00001,
384,DC:A6:32:33:AA:47,2020-07-07 17:25:55,60e18ef4-c0b0-11ea-a891-dca63233aa46,1,1,1,-52,0.000006309573445,
385,DC:A6:32:33:AA:47,2020-07-07 17:25:57,60e18ef4-c0b0-11ea-a891-dca63233aa46,1,1,1,-50,0.00001,
386,DC:A6:32:33:AA:47,2020-07-07 17:25:59,60e18ef4-c0b0-11ea-a891-dca63233aa46,1,1,1,-56,0.000002511886432,
387,DC:A6:32:33:AA:47,2020-07-07 17:26:01,60e18ef4-c0b0-11ea-a891-dca63233aa46,1,1,1,-56,0.000002511886432,
388,DC:A6:32:33:AA:47,2020-07-07 17:26:02,60e18ef4-c0b0-11ea-a891-dca63233aa46,1,1,1,-55,0.00000316227766,
389,DC:A6:32:33:AA:47,2020-07-07 17:26:03,60e18ef4-c0b0-11ea-a891-dca63233aa46,1,1,1,-52,0.000006309573445,
390,DC:A6:32:33:AA:47,2020-07-07 17:26:04,60e18ef4-c0b0-11ea-a891-dca63233aa46,1,1,1,-56,0.000002511886432,
391,DC:A6:32:33:AA:47,2020-07-07 17:26:05,60e18ef4-c0b0-11ea-a891-dca63233aa46,1,1,1,-55,0.00000316227766,
392,DC:A6:32:33:AA:47,2020-07-07 17:26:07,60e18ef4-c0b0-11ea-a891-dca63233aa46,1,1,1,-52,0.000006309573445,
393,DC:A6:32:33:AA:47,2020-07-07 17:26:09,60e18ef4-c0b0-11ea-a891-dca63233aa46,1,1,1,-52,0.000006309573445,
394,DC:A6:32:33:AA:47,2020-07-07 17:26:11,60e18ef4-c0b0-11ea-a891-dca63233aa46,1,1,1,-56,0.000002511886432,
395,DC:A6:32:33:AA:47,2020-07-07 17:26:13,60e18ef4-c0b0-11ea-a891-dca63233aa46,1,1,1,-52,0.000006309573445,
396,DC:A6:32:33:AA:47,2020-07-07 17:26:13,60e18ef4-c0b0-11ea-a891-dca63233aa46,1,1,1,-51,0.000007943282347,
397,DC:A6:32:33:AA:47,2020-07-07 17:26:15,60e18ef4-c0b0-11ea-a891-dca63233aa46,1,1,1,-51,0.000007943282347,
398,DC:A6:32:33:AA:47,2020-07-07 17:26:16,60e18ef4-c0b0-11ea-a891-dca63233aa46,1,1,1,-52,0.000006309573445,
399,DC:A6:32:33:AA:47,2020-07-07 17:26:17,60e18ef4-c0b0-11ea-a891-dca63233aa46,1,1,1,-56,0.000002511886432,
400,DC:A6:32:33:AA:47,2020-07-07 17:26:18,60e18ef4-c0b0-11ea-a891-dca63233aa46,1,1,1,-52,0.000006309573445,
401,DC:A6:32:33:AA:47,2020-07-07 17:26:19,60e18ef4-c0b0-11ea-a891-dca63233aa46,1,1,1,-56,0.000002511886432,
402,DC:A6:32:33:AA:47,2020-07-07 17:26:20,60e18ef4-c0b0-11ea-a891-dca63233aa46,1,1,1,-52,0.000006309573445,
403,DC:A6:32:33:AA:47,2020-07-07 17:26:22,60e18ef4-c0b0-11ea-a891-dca63233aa46,1,1,1,-51,0.000007943282347,
404,DC:A6:32:33:AA:47,2020-07-07 17:26:24,60e18ef4-c0b0-11ea-a891-dca63233aa46,1,1,1,-51,0.000007943282347,
405,DC:A6:32:33:AA:47,2020-07-07 17:26:25,60e18ef4-c0b0-11ea-a891-dca63233aa46,1,1,1,-55,0.00000316227766,
406,DC:A6:32:33:AA:47,2020-07-07 17:26:26,60e18ef4-c0b0-11ea-a891-dca63233aa46,1,1,1,-50,0.00001,
407,DC:A6:32:33:AA:47,2020-07-07 17:26:27,60e18ef4-c0b0-11ea-a891-dca63233aa46,1,1,1,-52,0.000006309573445,
408,DC:A6:32:33:AA:47,2020-07-07 17:26:28,60e18ef4-c0b0-11ea-a891-dca63233aa46,1,1,1,-55,0.00000316227766,
409,DC:A6:32:33:AA:47,2020-07-07 17:26:30,60e18ef4-c0b0-11ea-a891-dca63233aa46,1,1,1,-55,0.00000316227766,
410,DC:A6:32:33:AA:47,2020-07-07 17:26:31,60e18ef4-c0b0-11ea-a891-dca63233aa46,1,1,1,-55,0.00000316227766,
411,DC:A6:32:33:AA:47,2020-07-07 17:26:33,60e18ef4-c0b0-11ea-a891-dca63233aa46,1,1,1,-52,0.000006309573445,
412,DC:A6:32:33:AA:47,2020-07-07 17:26:35,60e18ef4-c0b0-11ea-a891-dca63233aa46,1,1,1,-55,0.00000316227766,
413,DC:A6:32:33:AA:47,2020-07-07 17:26:35,60e18ef4-c0b0-11ea-a891-dca63233aa46,1,1,1,-51,0.000007943282347,
414,DC:A6:32:33:AA:47,2020-07-07 17:26:37,60e18ef4-c0b0-11ea-a891-dca63233aa46,1,1,1,-56,0.000002511886432,
415,DC:A6:32:33:AA:47,2020-07-07 17:26:39,60e18ef4-c0b0-11ea-a891-dca63233aa46,1,1,1,-50,0.00001,
416,DC:A6:32:33:AA:47,2020-07-07 17:26:41,60e18ef4-c0b0-11ea-a891-dca63233aa46,1,1,1,-52,0.000006309573445,
417,DC:A6:32:33:AA:47,2020-07-07 17:26:43,60e18ef4-c0b0-11ea-a891-dca63233aa46,1,1,1,-52,0.000006309573445,
418,DC:A6:32:33:AA:47,2020-07-07 17:26:45,60e18ef4-c0b0-11ea-a891-dca63233aa46,1,1,1,-56,0.000002511886432,
419,DC:A6:32:33:AA:47,2020-07-07 17:26:45,60e18ef4-c0b0-11ea-a891-dca63233aa46,1,1,1,-51,0.000007943282347,
420,DC:A6:32:33:AA:47,2020-07-07 17:26:47,60e18ef4-c0b0-11ea-a891-dca63233aa46,1,1,1,-55,0.00000316227766,
421,DC:A6:32:33:AA:47,2020-07-07 17:26:49,60e18ef4-c0b0-11ea-a891-dca63233aa46,1,1,1,-50,0.00001,
422,DC:A6:32:33:AA:47,2020-07-07 17:26:50,60e18ef4-c0b0-11ea-a891-dca63233aa46,1,1,1,-51,0.000007943282347,
423,DC:A6:32:33:AA:47,2020-07-07 17:26:52,60e18ef4-c0b0-11ea-a891-dca63233aa46,1,1,1,-51,0.000007943282347,
424,DC:A6:32:33:AA:47,2020-07-07 17:26:53,60e18ef4-c0b0-11ea-a891-dca63233aa46,1,1,1,-55,0.00000316227766,
425,DC:A6:32:33:AA:47,2020-07-07 17:26:55,60e18ef4-c0b0-11ea-a891-dca63233aa46,1,1,1,-51,0.000007943282347,
426,DC:A6:32:33:AA:47,2020-07-07 17:26:56,60e18ef4-c0b0-11ea-a891-dca63233aa46,1,1,1,-55,0.00000316227766,
427,DC:A6:32:33:AA:47,2020-07-07 17:26:58,60e18ef4-c0b0-11ea-a891-dca63233aa46,1,1,1,-52,0.000006309573445,
428,DC:A6:32:33:AA:47,2020-07-07 17:26:59,60e18ef4-c0b0-11ea-a891-dca63233aa46,1,1,1,-52,0.000006309573445,
429,DC:A6:32:33:AA:47,2020-07-07 17:27:00,60e18ef4-c0b0-11ea-a891-dca63233aa46,1,1,1,-52,0.000006309573445,
430,DC:A6:32:33:AA:47,2020-07-07 17:27:01,60e18ef4-c0b0-11ea-a891-dca63233aa46,1,1,1,-51,0.000007943282347,
431,DC:A6:32:33:AA:47,2020-07-07 17:27:02,60e18ef4-c0b0-11ea-a891-dca63233aa46,1,1,1,-52,0.000006309573445,
432,DC:A6:32:33:AA:47,2020-07-07 17:27:03,60e18ef4-c0b0-11ea-a891-dca63233aa46,1,1,1,-51,0.000007943282347,
433,DC:A6:32:33:AA:47,2020-07-07 17:27:05,60e18ef4-c0b0-11ea-a891-dca63233aa46,1,1,1,-55,0.00000316227766,
434,DC:A6:32:33:AA:47,2020-07-07 17:27:06,60e18ef4-c0b0-11ea-a891-dca63233aa46,1,1,1,-52,0.000006309573445,
435,DC:A6:32:33:AA:47,2020-07-07 17:27:07,60e18ef4-c0b0-11ea-a891-dca63233aa46,1,1,1,-51,0.000007943282347,
436,DC:A6:32:33:AA:47,2020-07-07 17:27:08,60e18ef4-c0b0-11ea-a891-dca63233aa46,1,1,1,-51,0.000007943282347,
437,DC:A6:32:33:AA:47,2020-07-07 17:27:10,60e18ef4-c0b0-11ea-a891-dca63233aa46,1,1,1,-51,0.000007943282347,
438,DC:A6:32:33:AA:47,2020-07-07 17:27:10,60e18ef4-c0b0-11ea-a891-dca63233aa46,1,1,1,-50,0.00001,
439,DC:A6:32:33:AA:47,2020-07-07 17:27:11,60e18ef4-c0b0-11ea-a891-dca63233aa46,1,1,1,-51,0.000007943282347,
440,DC:A6:32:33:AA:47,2020-07-07 17:27:13,60e18ef4-c0b0-11ea-a891-dca63233aa46,1,1,1,-50,0.00001,
441,DC:A6:32:33:AA:47,2020-07-07 17:27:14,60e18ef4-c0b0-11ea-a891-dca63233aa46,1,1,1,-57,0.000001995262315,
442,DC:A6:32:33:AA:47,2020-07-07 17:27:16,60e18ef4-c0b0-11ea-a891-dca63233aa46,1,1,1,-51,0.000007943282347,
443,DC:A6:32:33:AA:47,2020-07-07 17:27:18,60e18ef4-c0b0-11ea-a891-dca63233aa46,1,1,1,-51,0.000007943282347,
444,DC:A6:32:33:AA:47,2020-07-07 17:27:18,60e18ef4-c0b0-11ea-a891-dca63233aa46,1,1,1,-51,0.000007943282347,
445,DC:A6:32:33:AA:47,2020-07-07 17:27:20,60e18ef4-c0b0-11ea-a891-dca63233aa46,1,1,1,-55,0.00000316227766,