SCAN,ADDRESS,TIMESTAMP,UUID,MAJOR,MINOR,TX POWER,RSSI,Power ( mW ),Total Sum
0,DC:A6:32:33:AA:47,2020-07-07 18:13:01,60e18ef4-c0b0-11ea-a891-dca63233aa46,1,1,1,-56,0.000002511886432,0.002822200302
1,DC:A6:32:33:AA:47,2020-07-07 18:13:01,60e18ef4-c0b0-11ea-a891-dca63233aa46,1,1,1,-52,0.000006309573445,
2,DC:A6:32:33:AA:47,2020-07-07 18:13:02,60e18ef4-c0b0-11ea-a891-dca63233aa46,1,1,1,-56,0.000002511886432,
3,DC:A6:32:33:AA:47,2020-07-07 18:13:03,60e18ef4-c0b0-11ea-a891-dca63233aa46,1,1,1,-57,0.000001995262315,
4,DC:A6:32:33:AA:47,2020-07-07 18:13:04,60e18ef4-c0b0-11ea-a891-dca63233aa46,1,1,1,-57,0.000001995262315,
5,DC:A6:32:33:AA:47,2020-07-07 18:13:06,60e18ef4-c0b0-11ea-a891-dca63233aa46,1,1,1,-56,0.000002511886432,
6,DC:A6:32:33:AA:47,2020-07-07 18:13:08,60e18ef4-c0b0-11ea-a891-dca63233aa46,1,1,1,-52,0.000006309573445,
7,DC:A6:32:33:AA:47,2020-07-07 18:13:10,60e18ef4-c0b0-11ea-a891-dca63233aa46,1,1,1,-55,0.00000316227766,
8,DC:A6:32:33:AA:47,2020-07-07 18:13:10,60e18ef4-c0b0-11ea-a891-dca63233aa46,1,1,1,-51,0.000007943282347,
9,DC:A6:32:33:AA:47,2020-07-07 18:13:11,60e18ef4-c0b0-11ea-a891-dca63233aa46,1,1,1,-51,0.000007943282347,
10,DC:A6:32:33:AA:47,2020-07-07 18:13:13,60e18ef4-c0b0-11ea-a891-dca63233aa46,1,1,1,-51,0.000007943282347,
11,DC:A6:32:33:AA:47,2020-07-07 18:13:13,60e18ef4-c0b0-11ea-a891-dca63233aa46,1,1,1,-51,0.000007943282347,
12,DC:A6:32:33:AA:47,2020-07-07 18:13:15,60e18ef4-c0b0-11ea-a891-dca63233aa46,1,1,1,-52,0.000006309573445,
13,DC:A6:32:33:AA:47,2020-07-07 18:13:15,60e18ef4-c0b0-11ea-a891-dca63233aa46,1,1,1,-52,0.000006309573445,
14,DC:A6:32:33:AA:47,2020-07-07 18:13:16,60e18ef4-c0b0-11ea-a891-dca63233aa46,1,1,1,-52,0.000006309573445,
15,DC:A6:32:33:AA:47,2020-07-07 18:13:17,60e18ef4-c0b0-11ea-a891-dca63233aa46,1,1,1,-52,0.000006309573445,
16,DC:A6:32:33:AA:47,2020-07-07 18:13:18,60e18ef4-c0b0-11ea-a891-dca63233aa46,1,1,1,-55,0.00000316227766,
17,DC:A6:32:33:AA:47,2020-07-07 18:13:19,60e18ef4-c0b0-11ea-a891-dca63233aa46,1,1,1,-52,0.000006309573445,
18,DC:A6:32:33:AA:47,2020-07-07 18:13:21,60e18ef4-c0b0-11ea-a891-dca63233aa46,1,1,1,-52,0.000006309573445,
19,DC:A6:32:33:AA:47,2020-07-07 18:13:22,60e18ef4-c0b0-11ea-a891-dca63233aa46,1,1,1,-52,0.000006309573445,
20,DC:A6:32:33:AA:47,2020-07-07 18:13:24,60e18ef4-c0b0-11ea-a891-dca63233aa46,1,1,1,-52,0.000006309573445,
21,DC:A6:32:33:AA:47,2020-07-07 18:13:24,60e18ef4-c0b0-11ea-a891-dca63233aa46,1,1,1,-52,0.000006309573445,
22,DC:A6:32:33:AA:47,2020-07-07 18:13:26,60e18ef4-c0b0-11ea-a891-dca63233aa46,1,1,1,-52,0.000006309573445,
23,DC:A6:32:33:AA:47,2020-07-07 18:13:28,60e18ef4-c0b0-11ea-a891-dca63233aa46,1,1,1,-51,0.000007943282347,
24,DC:A6:32:33:AA:47,2020-07-07 18:13:28,60e18ef4-c0b0-11ea-a891-dca63233aa46,1,1,1,-52,0.000006309573445,
25,DC:A6:32:33:AA:47,2020-07-07 18:13:30,60e18ef4-c0b0-11ea-a891-dca63233aa46,1,1,1,-56,0.000002511886432,
26,DC:A6:32:33:AA:47,2020-07-07 18:13:31,60e18ef4-c0b0-11ea-a891-dca63233aa46,1,1,1,-52,0.000006309573445,
27,DC:A6:32:33:AA:47,2020-07-07 18:13:33,60e18ef4-c0b0-11ea-a891-dca63233aa46,1,1,1,-51,0.000007943282347,
28,DC:A6:32:33:AA:47,2020-07-07 18:13:34,60e18ef4-c0b0-11ea-a891-dca63233aa46,1,1,1,-52,0.000006309573445,
29,DC:A6:32:33:AA:47,2020-07-07 18:13:34,60e18ef4-c0b0-11ea-a891-dca63233aa46,1,1,1,-52,0.000006309573445,
30,DC:A6:32:33:AA:47,2020-07-07 18:13:35,60e18ef4-c0b0-11ea-a891-dca63233aa46,1,1,1,-54,0.000003981071706,
31,DC:A6:32:33:AA:47,2020-07-07 18:13:37,60e18ef4-c0b0-11ea-a891-dca63233aa46,1,1,1,-51,0.000007943282347,
32,DC:A6:32:33:AA:47,2020-07-07 18:13:37,60e18ef4-c0b0-11ea-a891-dca63233aa46,1,1,1,-54,0.000003981071706,
33,DC:A6:32:33:AA:47,2020-07-07 18:13:38,60e18ef4-c0b0-11ea-a891-dca63233aa46,1,1,1,-56,0.000002511886432,
34,DC:A6:32:33:AA:47,2020-07-07 18:13:40,60e18ef4-c0b0-11ea-a891-dca63233aa46,1,1,1,-54,0.000003981071706,
35,DC:A6:32:33:AA:47,2020-07-07 18:13:42,60e18ef4-c0b0-11ea-a891-dca63233aa46,1,1,1,-52,0.000006309573445,
36,DC:A6:32:33:AA:47,2020-07-07 18:13:44,60e18ef4-c0b0-11ea-a891-dca63233aa46,1,1,1,-51,0.000007943282347,
37,DC:A6:32:33:AA:47,2020-07-07 18:13:46,60e18ef4-c0b0-11ea-a891-dca63233aa46,1,1,1,-52,0.000006309573445,
38,DC:A6:32:33:AA:47,2020-07-07 18:13:47,60e18ef4-c0b0-11ea-a891-dca63233aa46,1,1,1,-56,0.000002511886432,
39,DC:A6:32:33:AA:47,2020-07-07 18:13:48,60e18ef4-c0b0-11ea-a891-dca63233aa46,1,1,1,-56,0.000002511886432,
40,DC:A6:32:33:AA:47,2020-07-07 18:13:49,60e18ef4-c0b0-11ea-a891-dca63233aa46,1,1,1,-56,0.000002511886432,
41,DC:A6:32:33:AA:47,2020-07-07 18:13:50,60e18ef4-c0b0-11ea-a891-dca63233aa46,1,1,1,-53,0.000005011872336,
42,DC:A6:32:33:AA:47,2020-07-07 18:13:51,60e18ef4-c0b0-11ea-a891-dca63233aa46,1,1,1,-51,0.000007943282347,
43,DC:A6:32:33:AA:47,2020-07-07 18:13:53,60e18ef4-c0b0-11ea-a891-dca63233aa46,1,1,1,-56,0.000002511886432,
44,DC:A6:32:33:AA:47,2020-07-07 18:13:54,60e18ef4-c0b0-11ea-a891-dca63233aa46,1,1,1,-56,0.000002511886432,
45,DC:A6:32:33:AA:47,2020-07-07 18:13:54,60e18ef4-c0b0-11ea-a891-dca63233aa46,1,1,1,-51,0.000007943282347,
46,DC:A6:32:33:AA:47,2020-07-07 18:13:56,60e18ef4-c0b0-11ea-a891-dca63233aa46,1,1,1,-51,0.000007943282347,
47,DC:A6:32:33:AA:47,2020-07-07 18:13:57,60e18ef4-c0b0-11ea-a891-dca63233aa46,1,1,1,-51,0.000007943282347,
48,DC:A6:32:33:AA:47,2020-07-07 18:13:57,60e18ef4-c0b0-11ea-a891-dca63233aa46,1,1,1,-51,0.000007943282347,
49,DC:A6:32:33:AA:47,2020-07-07 18:13:58,60e18ef4-c0b0-11ea-a891-dca63233aa46,1,1,1,-55,0.00000316227766,
50,DC:A6:32:33:AA:47,2020-07-07 18:14:00,60e18ef4-c0b0-11ea-a891-dca63233aa46,1,1,1,-51,0.000007943282347,
51,DC:A6:32:33:AA:47,2020-07-07 18:14:02,60e18ef4-c0b0-11ea-a891-dca63233aa46,1,1,1,-52,0.000006309573445,
52,DC:A6:32:33:AA:47,2020-07-07 18:14:03,60e18ef4-c0b0-11ea-a891-dca63233aa46,1,1,1,-52,0.000006309573445,
53,DC:A6:32:33:AA:47,2020-07-07 18:14:05,60e18ef4-c0b0-11ea-a891-dca63233aa46,1,1,1,-55,0.00000316227766,
54,DC:A6:32:33:AA:47,2020-07-07 18:14:06,60e18ef4-c0b0-11ea-a891-dca63233aa46,1,1,1,-51,0.000007943282347,
55,DC:A6:32:33:AA:47,2020-07-07 18:14:07,60e18ef4-c0b0-11ea-a891-dca63233aa46,1,1,1,-51,0.000007943282347,
56,DC:A6:32:33:AA:47,2020-07-07 18:14:09,60e18ef4-c0b0-11ea-a891-dca63233aa46,1,1,1,-51,0.000007943282347,
57,DC:A6:32:33:AA:47,2020-07-07 18:14:09,60e18ef4-c0b0-11ea-a891-dca63233aa46,1,1,1,-52,0.000006309573445,
58,DC:A6:32:33:AA:47,2020-07-07 18:14:10,60e18ef4-c0b0-11ea-a891-dca63233aa46,1,1,1,-55,0.00000316227766,
59,DC:A6:32:33:AA:47,2020-07-07 18:14:11,60e18ef4-c0b0-11ea-a891-dca63233aa46,1,1,1,-55,0.00000316227766,
60,DC:A6:32:33:AA:47,2020-07-07 18:14:13,60e18ef4-c0b0-11ea-a891-dca63233aa46,1,1,1,-51,0.000007943282347,
61,DC:A6:32:33:AA:47,2020-07-07 18:14:14,60e18ef4-c0b0-11ea-a891-dca63233aa46,1,1,1,-51,0.000007943282347,
62,DC:A6:32:33:AA:47,2020-07-07 18:14:16,60e18ef4-c0b0-11ea-a891-dca63233aa46,1,1,1,-52,0.000006309573445,
63,DC:A6:32:33:AA:47,2020-07-07 18:14:18,60e18ef4-c0b0-11ea-a891-dca63233aa46,1,1,1,-51,0.000007943282347,
64,DC:A6:32:33:AA:47,2020-07-07 18:14:18,60e18ef4-c0b0-11ea-a891-dca63233aa46,1,1,1,-56,0.000002511886432,
65,DC:A6:32:33:AA:47,2020-07-07 18:14:20,60e18ef4-c0b0-11ea-a891-dca63233aa46,1,1,1,-52,0.000006309573445,
66,DC:A6:32:33:AA:47,2020-07-07 18:14:20,60e18ef4-c0b0-11ea-a891-dca63233aa46,1,1,1,-52,0.000006309573445,
67,DC:A6:32:33:AA:47,2020-07-07 18:14:21,60e18ef4-c0b0-11ea-a891-dca63233aa46,1,1,1,-52,0.000006309573445,
68,DC:A6:32:33:AA:47,2020-07-07 18:14:22,60e18ef4-c0b0-11ea-a891-dca63233aa46,1,1,1,-55,0.00000316227766,
69,DC:A6:32:33:AA:47,2020-07-07 18:14:23,60e18ef4-c0b0-11ea-a891-dca63233aa46,1,1,1,-54,0.000003981071706,
70,DC:A6:32:33:AA:47,2020-07-07 18:14:25,60e18ef4-c0b0-11ea-a891-dca63233aa46,1,1,1,-52,0.000006309573445,
71,DC:A6:32:33:AA:47,2020-07-07 18:14:27,60e18ef4-c0b0-11ea-a891-dca63233aa46,1,1,1,-52,0.000006309573445,
72,DC:A6:32:33:AA:47,2020-07-07 18:14:29,60e18ef4-c0b0-11ea-a891-dca63233aa46,1,1,1,-51,0.000007943282347,
73,DC:A6:32:33:AA:47,2020-07-07 18:14:31,60e18ef4-c0b0-11ea-a891-dca63233aa46,1,1,1,-51,0.000007943282347,
74,DC:A6:32:33:AA:47,2020-07-07 18:14:33,60e18ef4-c0b0-11ea-a891-dca63233aa46,1,1,1,-51,0.000007943282347,
75,DC:A6:32:33:AA:47,2020-07-07 18:14:33,60e18ef4-c0b0-11ea-a891-dca63233aa46,1,1,1,-51,0.000007943282347,
76,DC:A6:32:33:AA:47,2020-07-07 18:14:35,60e18ef4-c0b0-11ea-a891-dca63233aa46,1,1,1,-58,0.000001584893192,
77,DC:A6:32:33:AA:47,2020-07-07 18:14:36,60e18ef4-c0b0-11ea-a891-dca63233aa46,1,1,1,-51,0.000007943282347,
78,DC:A6:32:33:AA:47,2020-07-07 18:14:37,60e18ef4-c0b0-11ea-a891-dca63233aa46,1,1,1,-52,0.000006309573445,
79,DC:A6:32:33:AA:47,2020-07-07 18:14:39,60e18ef4-c0b0-11ea-a891-dca63233aa46,1,1,1,-51,0.000007943282347,
80,DC:A6:32:33:AA:47,2020-07-07 18:14:39,60e18ef4-c0b0-11ea-a891-dca63233aa46,1,1,1,-56,0.000002511886432,
81,DC:A6:32:33:AA:47,2020-07-07 18:14:41,60e18ef4-c0b0-11ea-a891-dca63233aa46,1,1,1,-56,0.000002511886432,
82,DC:A6:32:33:AA:47,2020-07-07 18:14:41,60e18ef4-c0b0-11ea-a891-dca63233aa46,1,1,1,-51,0.000007943282347,
83,DC:A6:32:33:AA:47,2020-07-07 18:14:43,60e18ef4-c0b0-11ea-a891-dca63233aa46,1,1,1,-51,0.000007943282347,
84,DC:A6:32:33:AA:47,2020-07-07 18:14:43,60e18ef4-c0b0-11ea-a891-dca63233aa46,1,1,1,-56,0.000002511886432,
85,DC:A6:32:33:AA:47,2020-07-07 18:14:44,60e18ef4-c0b0-11ea-a891-dca63233aa46,1,1,1,-52,0.000006309573445,
86,DC:A6:32:33:AA:47,2020-07-07 18:14:45,60e18ef4-c0b0-11ea-a891-dca63233aa46,1,1,1,-52,0.000006309573445,
87,DC:A6:32:33:AA:47,2020-07-07 18:14:46,60e18ef4-c0b0-11ea-a891-dca63233aa46,1,1,1,-56,0.000002511886432,
88,DC:A6:32:33:AA:47,2020-07-07 18:14:47,60e18ef4-c0b0-11ea-a891-dca63233aa46,1,1,1,-55,0.00000316227766,
89,DC:A6:32:33:AA:47,2020-07-07 18:14:49,60e18ef4-c0b0-11ea-a891-dca63233aa46,1,1,1,-57,0.000001995262315,
90,DC:A6:32:33:AA:47,2020-07-07 18:14:50,60e18ef4-c0b0-11ea-a891-dca63233aa46,1,1,1,-54,0.000003981071706,
91,DC:A6:32:33:AA:47,2020-07-07 18:14:52,60e18ef4-c0b0-11ea-a891-dca63233aa46,1,1,1,-53,0.000005011872336,
92,DC:A6:32:33:AA:47,2020-07-07 18:14:54,60e18ef4-c0b0-11ea-a891-dca63233aa46,1,1,1,-51,0.000007943282347,
93,DC:A6:32:33:AA:47,2020-07-07 18:14:55,60e18ef4-c0b0-11ea-a891-dca63233aa46,1,1,1,-51,0.000007943282347,
94,DC:A6:32:33:AA:47,2020-07-07 18:14:56,60e18ef4-c0b0-11ea-a891-dca63233aa46,1,1,1,-52,0.000006309573445,
95,DC:A6:32:33:AA:47,2020-07-07 18:14:58,60e18ef4-c0b0-11ea-a891-dca63233aa46,1,1,1,-52,0.000006309573445,
96,DC:A6:32:33:AA:47,2020-07-07 18:14:58,60e18ef4-c0b0-11ea-a891-dca63233aa46,1,1,1,-57,0.000001995262315,
97,DC:A6:32:33:AA:47,2020-07-07 18:14:59,60e18ef4-c0b0-11ea-a891-dca63233aa46,1,1,1,-51,0.000007943282347,
98,DC:A6:32:33:AA:47,2020-07-07 18:15:00,60e18ef4-c0b0-11ea-a891-dca63233aa46,1,1,1,-51,0.000007943282347,
99,DC:A6:32:33:AA:47,2020-07-07 18:15:01,60e18ef4-c0b0-11ea-a891-dca63233aa46,1,1,1,-58,0.000001584893192,
100,DC:A6:32:33:AA:47,2020-07-07 18:15:02,60e18ef4-c0b0-11ea-a891-dca63233aa46,1,1,1,-56,0.000002511886432,
101,DC:A6:32:33:AA:47,2020-07-07 18:15:03,60e18ef4-c0b0-11ea-a891-dca63233aa46,1,1,1,-55,0.00000316227766,
102,DC:A6:32:33:AA:47,2020-07-07 18:15:04,60e18ef4-c0b0-11ea-a891-dca63233aa46,1,1,1,-51,0.000007943282347,
103,DC:A6:32:33:AA:47,2020-07-07 18:15:05,60e18ef4-c0b0-11ea-a891-dca63233aa46,1,1,1,-55,0.00000316227766,
104,DC:A6:32:33:AA:47,2020-07-07 18:15:07,60e18ef4-c0b0-11ea-a891-dca63233aa46,1,1,1,-52,0.000006309573445,
105,DC:A6:32:33:AA:47,2020-07-07 18:15:09,60e18ef4-c0b0-11ea-a891-dca63233aa46,1,1,1,-55,0.00000316227766,
106,DC:A6:32:33:AA:47,2020-07-07 18:15:10,60e18ef4-c0b0-11ea-a891-dca63233aa46,1,1,1,-55,0.00000316227766,
107,DC:A6:32:33:AA:47,2020-07-07 18:15:11,60e18ef4-c0b0-11ea-a891-dca63233aa46,1,1,1,-52,0.000006309573445,
108,DC:A6:32:33:AA:47,2020-07-07 18:15:13,60e18ef4-c0b0-11ea-a891-dca63233aa46,1,1,1,-52,0.000006309573445,
109,DC:A6:32:33:AA:47,2020-07-07 18:15:15,60e18ef4-c0b0-11ea-a891-dca63233aa46,1,1,1,-52,0.000006309573445,
110,DC:A6:32:33:AA:47,2020-07-07 18:15:16,60e18ef4-c0b0-11ea-a891-dca63233aa46,1,1,1,-52,0.000006309573445,
111,DC:A6:32:33:AA:47,2020-07-07 18:15:17,60e18ef4-c0b0-11ea-a891-dca63233aa46,1,1,1,-56,0.000002511886432,
112,DC:A6:32:33:AA:47,2020-07-07 18:15:18,60e18ef4-c0b0-11ea-a891-dca63233aa46,1,1,1,-51,0.000007943282347,
113,DC:A6:32:33:AA:47,2020-07-07 18:15:20,60e18ef4-c0b0-11ea-a891-dca63233aa46,1,1,1,-52,0.000006309573445,
114,DC:A6:32:33:AA:47,2020-07-07 18:15:20,60e18ef4-c0b0-11ea-a891-dca63233aa46,1,1,1,-56,0.000002511886432,
115,DC:A6:32:33:AA:47,2020-07-07 18:15:22,60e18ef4-c0b0-11ea-a891-dca63233aa46,1,1,1,-52,0.000006309573445,
116,DC:A6:32:33:AA:47,2020-07-07 18:15:23,60e18ef4-c0b0-11ea-a891-dca63233aa46,1,1,1,-51,0.000007943282347,
117,DC:A6:32:33:AA:47,2020-07-07 18:15:24,60e18ef4-c0b0-11ea-a891-dca63233aa46,1,1,1,-51,0.000007943282347,
118,DC:A6:32:33:AA:47,2020-07-07 18:15:25,60e18ef4-c0b0-11ea-a891-dca63233aa46,1,1,1,-56,0.000002511886432,
119,DC:A6:32:33:AA:47,2020-07-07 18:15:27,60e18ef4-c0b0-11ea-a891-dca63233aa46,1,1,1,-52,0.000006309573445,
120,DC:A6:32:33:AA:47,2020-07-07 18:15:28,60e18ef4-c0b0-11ea-a891-dca63233aa46,1,1,1,-51,0.000007943282347,
121,DC:A6:32:33:AA:47,2020-07-07 18:15:29,60e18ef4-c0b0-11ea-a891-dca63233aa46,1,1,1,-56,0.000002511886432,
122,DC:A6:32:33:AA:47,2020-07-07 18:15:30,60e18ef4-c0b0-11ea-a891-dca63233aa46,1,1,1,-51,0.000007943282347,
123,DC:A6:32:33:AA:47,2020-07-07 18:15:32,60e18ef4-c0b0-11ea-a891-dca63233aa46,1,1,1,-56,0.000002511886432,
124,DC:A6:32:33:AA:47,2020-07-07 18:15:32,60e18ef4-c0b0-11ea-a891-dca63233aa46,1,1,1,-52,0.000006309573445,
125,DC:A6:32:33:AA:47,2020-07-07 18:15:33,60e18ef4-c0b0-11ea-a891-dca63233aa46,1,1,1,-56,0.000002511886432,
126,DC:A6:32:33:AA:47,2020-07-07 18:15:35,60e18ef4-c0b0-11ea-a891-dca63233aa46,1,1,1,-56,0.000002511886432,
127,DC:A6:32:33:AA:47,2020-07-07 18:15:37,60e18ef4-c0b0-11ea-a891-dca63233aa46,1,1,1,-55,0.00000316227766,
128,DC:A6:32:33:AA:47,2020-07-07 18:15:39,60e18ef4-c0b0-11ea-a891-dca63233aa46,1,1,1,-56,0.000002511886432,
129,DC:A6:32:33:AA:47,2020-07-07 18:15:41,60e18ef4-c0b0-11ea-a891-dca63233aa46,1,1,1,-50,0.00001,
130,DC:A6:32:33:AA:47,2020-07-07 18:15:42,60e18ef4-c0b0-11ea-a891-dca63233aa46,1,1,1,-50,0.00001,
131,DC:A6:32:33:AA:47,2020-07-07 18:15:44,60e18ef4-c0b0-11ea-a891-dca63233aa46,1,1,1,-51,0.000007943282347,
132,DC:A6:32:33:AA:47,2020-07-07 18:15:45,60e18ef4-c0b0-11ea-a891-dca63233aa46,1,1,1,-50,0.00001,
133,DC:A6:32:33:AA:47,2020-07-07 18:15:45,60e18ef4-c0b0-11ea-a891-dca63233aa46,1,1,1,-56,0.000002511886432,
134,DC:A6:32:33:AA:47,2020-07-07 18:15:47,60e18ef4-c0b0-11ea-a891-dca63233aa46,1,1,1,-57,0.000001995262315,
135,DC:A6:32:33:AA:47,2020-07-07 18:15:47,60e18ef4-c0b0-11ea-a891-dca63233aa46,1,1,1,-50,0.00001,
136,DC:A6:32:33:AA:47,2020-07-07 18:15:49,60e18ef4-c0b0-11ea-a891-dca63233aa46,1,1,1,-52,0.000006309573445,
137,DC:A6:32:33:AA:47,2020-07-07 18:15:50,60e18ef4-c0b0-11ea-a891-dca63233aa46,1,1,1,-51,0.000007943282347,
138,DC:A6:32:33:AA:47,2020-07-07 18:15:51,60e18ef4-c0b0-11ea-a891-dca63233aa46,1,1,1,-55,0.00000316227766,
139,DC:A6:32:33:AA:47,2020-07-07 18:15:52,60e18ef4-c0b0-11ea-a891-dca63233aa46,1,1,1,-56,0.000002511886432,
140,DC:A6:32:33:AA:47,2020-07-07 18:15:54,60e18ef4-c0b0-11ea-a891-dca63233aa46,1,1,1,-50,0.00001,
141,DC:A6:32:33:AA:47,2020-07-07 18:15:56,60e18ef4-c0b0-11ea-a891-dca63233aa46,1,1,1,-51,0.000007943282347,
142,DC:A6:32:33:AA:47,2020-07-07 18:15:58,60e18ef4-c0b0-11ea-a891-dca63233aa46,1,1,1,-52,0.000006309573445,
143,DC:A6:32:33:AA:47,2020-07-07 18:15:58,60e18ef4-c0b0-11ea-a891-dca63233aa46,1,1,1,-51,0.000007943282347,
144,DC:A6:32:33:AA:47,2020-07-07 18:15:59,60e18ef4-c0b0-11ea-a891-dca63233aa46,1,1,1,-51,0.000007943282347,
145,DC:A6:32:33:AA:47,2020-07-07 18:16:00,60e18ef4-c0b0-11ea-a891-dca63233aa46,1,1,1,-56,0.000002511886432,
146,DC:A6:32:33:AA:47,2020-07-07 18:16:02,60e18ef4-c0b0-11ea-a891-dca63233aa46,1,1,1,-51,0.000007943282347,
147,DC:A6:32:33:AA:47,2020-07-07 18:16:04,60e18ef4-c0b0-11ea-a891-dca63233aa46,1,1,1,-57,0.000001995262315,
148,DC:A6:32:33:AA:47,2020-07-07 18:16:05,60e18ef4-c0b0-11ea-a891-dca63233aa46,1,1,1,-51,0.000007943282347,
149,DC:A6:32:33:AA:47,2020-07-07 18:16:06,60e18ef4-c0b0-11ea-a891-dca63233aa46,1,1,1,-55,0.00000316227766,
150,DC:A6:32:33:AA:47,2020-07-07 18:16:08,60e18ef4-c0b0-11ea-a891-dca63233aa46,1,1,1,-52,0.000006309573445,
151,DC:A6:32:33:AA:47,2020-07-07 18:16:10,60e18ef4-c0b0-11ea-a891-dca63233aa46,1,1,1,-51,0.000007943282347,
152,DC:A6:32:33:AA:47,2020-07-07 18:16:12,60e18ef4-c0b0-11ea-a891-dca63233aa46,1,1,1,-56,0.000002511886432,
153,DC:A6:32:33:AA:47,2020-07-07 18:16:14,60e18ef4-c0b0-11ea-a891-dca63233aa46,1,1,1,-57,0.000001995262315,
154,DC:A6:32:33:AA:47,2020-07-07 18:16:16,60e18ef4-c0b0-11ea-a891-dca63233aa46,1,1,1,-55,0.00000316227766,
155,DC:A6:32:33:AA:47,2020-07-07 18:16:16,60e18ef4-c0b0-11ea-a891-dca63233aa46,1,1,1,-51,0.000007943282347,
156,DC:A6:32:33:AA:47,2020-07-07 18:16:18,60e18ef4-c0b0-11ea-a891-dca63233aa46,1,1,1,-57,0.000001995262315,
157,DC:A6:32:33:AA:47,2020-07-07 18:16:18,60e18ef4-c0b0-11ea-a891-dca63233aa46,1,1,1,-51,0.000007943282347,
158,DC:A6:32:33:AA:47,2020-07-07 18:16:20,60e18ef4-c0b0-11ea-a891-dca63233aa46,1,1,1,-51,0.000007943282347,
159,DC:A6:32:33:AA:47,2020-07-07 18:16:21,60e18ef4-c0b0-11ea-a891-dca63233aa46,1,1,1,-51,0.000007943282347,
160,DC:A6:32:33:AA:47,2020-07-07 18:16:23,60e18ef4-c0b0-11ea-a891-dca63233aa46,1,1,1,-51,0.000007943282347,
161,DC:A6:32:33:AA:47,2020-07-07 18:16:25,60e18ef4-c0b0-11ea-a891-dca63233aa46,1,1,1,-51,0.000007943282347,
162,DC:A6:32:33:AA:47,2020-07-07 18:16:26,60e18ef4-c0b0-11ea-a891-dca63233aa46,1,1,1,-51,0.000007943282347,
163,DC:A6:32:33:AA:47,2020-07-07 18:16:27,60e18ef4-c0b0-11ea-a891-dca63233aa46,1,1,1,-51,0.000007943282347,
164,DC:A6:32:33:AA:47,2020-07-07 18:16:28,60e18ef4-c0b0-11ea-a891-dca63233aa46,1,1,1,-56,0.000002511886432,
165,DC:A6:32:33:AA:47,2020-07-07 18:16:30,60e18ef4-c0b0-11ea-a891-dca63233aa46,1,1,1,-51,0.000007943282347,
166,DC:A6:32:33:AA:47,2020-07-07 18:16:30,60e18ef4-c0b0-11ea-a891-dca63233aa46,1,1,1,-52,0.000006309573445,
167,DC:A6:32:33:AA:47,2020-07-07 18:16:31,60e18ef4-c0b0-11ea-a891-dca63233aa46,1,1,1,-51,0.000007943282347,
168,DC:A6:32:33:AA:47,2020-07-07 18:16:33,60e18ef4-c0b0-11ea-a891-dca63233aa46,1,1,1,-51,0.000007943282347,
169,DC:A6:32:33:AA:47,2020-07-07 18:16:33,60e18ef4-c0b0-11ea-a891-dca63233aa46,1,1,1,-53,0.000005011872336,
170,DC:A6:32:33:AA:47,2020-07-07 18:16:34,60e18ef4-c0b0-11ea-a891-dca63233aa46,1,1,1,-56,0.000002511886432,
171,DC:A6:32:33:AA:47,2020-07-07 18:16:36,60e18ef4-c0b0-11ea-a891-dca63233aa46,1,1,1,-51,0.000007943282347,
172,DC:A6:32:33:AA:47,2020-07-07 18:16:36,60e18ef4-c0b0-11ea-a891-dca63233aa46,1,1,1,-56,0.000002511886432,
173,DC:A6:32:33:AA:47,2020-07-07 18:16:37,60e18ef4-c0b0-11ea-a891-dca63233aa46,1,1,1,-51,0.000007943282347,
174,DC:A6:32:33:AA:47,2020-07-07 18:16:39,60e18ef4-c0b0-11ea-a891-dca63233aa46,1,1,1,-51,0.000007943282347,
175,DC:A6:32:33:AA:47,2020-07-07 18:16:41,60e18ef4-c0b0-11ea-a891-dca63233aa46,1,1,1,-51,0.000007943282347,
176,DC:A6:32:33:AA:47,2020-07-07 18:16:43,60e18ef4-c0b0-11ea-a891-dca63233aa46,1,1,1,-51,0.000007943282347,
177,DC:A6:32:33:AA:47,2020-07-07 18:16:43,60e18ef4-c0b0-11ea-a891-dca63233aa46,1,1,1,-51,0.000007943282347,
178,DC:A6:32:33:AA:47,2020-07-07 18:16:44,60e18ef4-c0b0-11ea-a891-dca63233aa46,1,1,1,-51,0.000007943282347,
179,DC:A6:32:33:AA:47,2020-07-07 18:16:45,60e18ef4-c0b0-11ea-a891-dca63233aa46,1,1,1,-51,0.000007943282347,
180,DC:A6:32:33:AA:47,2020-07-07 18:16:47,60e18ef4-c0b0-11ea-a891-dca63233aa46,1,1,1,-54,0.000003981071706,
181,DC:A6:32:33:AA:47,2020-07-07 18:16:47,60e18ef4-c0b0-11ea-a891-dca63233aa46,1,1,1,-53,0.000005011872336,
182,DC:A6:32:33:AA:47,2020-07-07 18:16:49,60e18ef4-c0b0-11ea-a891-dca63233aa46,1,1,1,-55,0.00000316227766,
183,DC:A6:32:33:AA:47,2020-07-07 18:16:50,60e18ef4-c0b0-11ea-a891-dca63233aa46,1,1,1,-52,0.000006309573445,
184,DC:A6:32:33:AA:47,2020-07-07 18:16:51,60e18ef4-c0b0-11ea-a891-dca63233aa46,1,1,1,-52,0.000006309573445,
185,DC:A6:32:33:AA:47,2020-07-07 18:16:52,60e18ef4-c0b0-11ea-a891-dca63233aa46,1,1,1,-51,0.000007943282347,
186,DC:A6:32:33:AA:47,2020-07-07 18:16:54,60e18ef4-c0b0-11ea-a891-dca63233aa46,1,1,1,-52,0.000006309573445,
187,DC:A6:32:33:AA:47,2020-07-07 18:16:56,60e18ef4-c0b0-11ea-a891-dca63233aa46,1,1,1,-52,0.000006309573445,
188,DC:A6:32:33:AA:47,2020-07-07 18:16:58,60e18ef4-c0b0-11ea-a891-dca63233aa46,1,1,1,-52,0.000006309573445,
189,DC:A6:32:33:AA:47,2020-07-07 18:16:59,60e18ef4-c0b0-11ea-a891-dca63233aa46,1,1,1,-57,0.000001995262315,
190,DC:A6:32:33:AA:47,2020-07-07 18:17:01,60e18ef4-c0b0-11ea-a891-dca63233aa46,1,1,1,-51,0.000007943282347,
191,DC:A6:32:33:AA:47,2020-07-07 18:17:02,60e18ef4-c0b0-11ea-a891-dca63233aa46,1,1,1,-53,0.000005011872336,
192,DC:A6:32:33:AA:47,2020-07-07 18:17:03,60e18ef4-c0b0-11ea-a891-dca63233aa46,1,1,1,-52,0.000006309573445,
193,DC:A6:32:33:AA:47,2020-07-07 18:17:04,60e18ef4-c0b0-11ea-a891-dca63233aa46,1,1,1,-56,0.000002511886432,
194,DC:A6:32:33:AA:47,2020-07-07 18:17:05,60e18ef4-c0b0-11ea-a891-dca63233aa46,1,1,1,-51,0.000007943282347,
195,DC:A6:32:33:AA:47,2020-07-07 18:17:06,60e18ef4-c0b0-11ea-a891-dca63233aa46,1,1,1,-55,0.00000316227766,
196,DC:A6:32:33:AA:47,2020-07-07 18:17:08,60e18ef4-c0b0-11ea-a891-dca63233aa46,1,1,1,-51,0.000007943282347,
197,DC:A6:32:33:AA:47,2020-07-07 18:17:08,60e18ef4-c0b0-11ea-a891-dca63233aa46,1,1,1,-51,0.000007943282347,
198,DC:A6:32:33:AA:47,2020-07-07 18:17:09,60e18ef4-c0b0-11ea-a891-dca63233aa46,1,1,1,-56,0.000002511886432,
199,DC:A6:32:33:AA:47,2020-07-07 18:17:11,60e18ef4-c0b0-11ea-a891-dca63233aa46,1,1,1,-56,0.000002511886432,
200,DC:A6:32:33:AA:47,2020-07-07 18:17:12,60e18ef4-c0b0-11ea-a891-dca63233aa46,1,1,1,-51,0.000007943282347,
201,DC:A6:32:33:AA:47,2020-07-07 18:17:13,60e18ef4-c0b0-11ea-a891-dca63233aa46,1,1,1,-58,0.000001584893192,
202,DC:A6:32:33:AA:47,2020-07-07 18:17:14,60e18ef4-c0b0-11ea-a891-dca63233aa46,1,1,1,-50,0.00001,
203,DC:A6:32:33:AA:47,2020-07-07 18:17:16,60e18ef4-c0b0-11ea-a891-dca63233aa46,1,1,1,-58,0.000001584893192,
204,DC:A6:32:33:AA:47,2020-07-07 18:17:18,60e18ef4-c0b0-11ea-a891-dca63233aa46,1,1,1,-52,0.000006309573445,
205,DC:A6:32:33:AA:47,2020-07-07 18:17:19,60e18ef4-c0b0-11ea-a891-dca63233aa46,1,1,1,-56,0.000002511886432,
206,DC:A6:32:33:AA:47,2020-07-07 18:17:21,60e18ef4-c0b0-11ea-a891-dca63233aa46,1,1,1,-52,0.000006309573445,
207,DC:A6:32:33:AA:47,2020-07-07 18:17:21,60e18ef4-c0b0-11ea-a891-dca63233aa46,1,1,1,-56,0.000002511886432,
208,DC:A6:32:33:AA:47,2020-07-07 18:17:22,60e18ef4-c0b0-11ea-a891-dca63233aa46,1,1,1,-55,0.00000316227766,
209,DC:A6:32:33:AA:47,2020-07-07 18:17:24,60e18ef4-c0b0-11ea-a891-dca63233aa46,1,1,1,-56,0.000002511886432,
210,DC:A6:32:33:AA:47,2020-07-07 18:17:26,60e18ef4-c0b0-11ea-a891-dca63233aa46,1,1,1,-51,0.000007943282347,
211,DC:A6:32:33:AA:47,2020-07-07 18:17:26,60e18ef4-c0b0-11ea-a891-dca63233aa46,1,1,1,-52,0.000006309573445,
212,DC:A6:32:33:AA:47,2020-07-07 18:17:27,60e18ef4-c0b0-11ea-a891-dca63233aa46,1,1,1,-51,0.000007943282347,
213,DC:A6:32:33:AA:47,2020-07-07 18:17:29,60e18ef4-c0b0-11ea-a891-dca63233aa46,1,1,1,-51,0.000007943282347,
214,DC:A6:32:33:AA:47,2020-07-07 18:17:30,60e18ef4-c0b0-11ea-a891-dca63233aa46,1,1,1,-55,0.00000316227766,
215,DC:A6:32:33:AA:47,2020-07-07 18:17:32,60e18ef4-c0b0-11ea-a891-dca63233aa46,1,1,1,-52,0.000006309573445,
216,DC:A6:32:33:AA:47,2020-07-07 18:17:33,60e18ef4-c0b0-11ea-a891-dca63233aa46,1,1,1,-56,0.000002511886432,
217,DC:A6:32:33:AA:47,2020-07-07 18:17:34,60e18ef4-c0b0-11ea-a891-dca63233aa46,1,1,1,-52,0.000006309573445,
218,DC:A6:32:33:AA:47,2020-07-07 18:17:36,60e18ef4-c0b0-11ea-a891-dca63233aa46,1,1,1,-50,0.00001,
219,DC:A6:32:33:AA:47,2020-07-07 18:17:36,60e18ef4-c0b0-11ea-a891-dca63233aa46,1,1,1,-51,0.000007943282347,
220,DC:A6:32:33:AA:47,2020-07-07 18:17:37,60e18ef4-c0b0-11ea-a891-dca63233aa46,1,1,1,-56,0.000002511886432,
221,DC:A6:32:33:AA:47,2020-07-07 18:17:39,60e18ef4-c0b0-11ea-a891-dca63233aa46,1,1,1,-52,0.000006309573445,
222,DC:A6:32:33:AA:47,2020-07-07 18:17:39,60e18ef4-c0b0-11ea-a891-dca63233aa46,1,1,1,-51,0.000007943282347,
223,DC:A6:32:33:AA:47,2020-07-07 18:17:41,60e18ef4-c0b0-11ea-a891-dca63233aa46,1,1,1,-50,0.00001,
224,DC:A6:32:33:AA:47,2020-07-07 18:17:42,60e18ef4-c0b0-11ea-a891-dca63233aa46,1,1,1,-55,0.00000316227766,
225,DC:A6:32:33:AA:47,2020-07-07 18:17:44,60e18ef4-c0b0-11ea-a891-dca63233aa46,1,1,1,-51,0.000007943282347,
226,DC:A6:32:33:AA:47,2020-07-07 18:17:45,60e18ef4-c0b0-11ea-a891-dca63233aa46,1,1,1,-50,0.00001,
227,DC:A6:32:33:AA:47,2020-07-07 18:17:46,60e18ef4-c0b0-11ea-a891-dca63233aa46,1,1,1,-55,0.00000316227766,
228,DC:A6:32:33:AA:47,2020-07-07 18:17:47,60e18ef4-c0b0-11ea-a891-dca63233aa46,1,1,1,-52,0.000006309573445,
229,DC:A6:32:33:AA:47,2020-07-07 18:17:49,60e18ef4-c0b0-11ea-a891-dca63233aa46,1,1,1,-55,0.00000316227766,
230,DC:A6:32:33:AA:47,2020-07-07 18:17:50,60e18ef4-c0b0-11ea-a891-dca63233aa46,1,1,1,-53,0.000005011872336,
231,DC:A6:32:33:AA:47,2020-07-07 18:17:51,60e18ef4-c0b0-11ea-a891-dca63233aa46,1,1,1,-57,0.000001995262315,
232,DC:A6:32:33:AA:47,2020-07-07 18:17:53,60e18ef4-c0b0-11ea-a891-dca63233aa46,1,1,1,-52,0.000006309573445,
233,DC:A6:32:33:AA:47,2020-07-07 18:17:54,60e18ef4-c0b0-11ea-a891-dca63233aa46,1,1,1,-56,0.000002511886432,
234,DC:A6:32:33:AA:47,2020-07-07 18:17:55,60e18ef4-c0b0-11ea-a891-dca63233aa46,1,1,1,-50,0.00001,
235,DC:A6:32:33:AA:47,2020-07-07 18:17:56,60e18ef4-c0b0-11ea-a891-dca63233aa46,1,1,1,-53,0.000005011872336,
236,DC:A6:32:33:AA:47,2020-07-07 18:17:57,60e18ef4-c0b0-11ea-a891-dca63233aa46,1,1,1,-56,0.000002511886432,
237,DC:A6:32:33:AA:47,2020-07-07 18:17:58,60e18ef4-c0b0-11ea-a891-dca63233aa46,1,1,1,-50,0.00001,
238,DC:A6:32:33:AA:47,2020-07-07 18:17:59,60e18ef4-c0b0-11ea-a891-dca63233aa46,1,1,1,-52,0.000006309573445,
239,DC:A6:32:33:AA:47,2020-07-07 18:18:01,60e18ef4-c0b0-11ea-a891-dca63233aa46,1,1,1,-52,0.000006309573445,
240,DC:A6:32:33:AA:47,2020-07-07 18:18:02,60e18ef4-c0b0-11ea-a891-dca63233aa46,1,1,1,-52,0.000006309573445,
241,DC:A6:32:33:AA:47,2020-07-07 18:18:04,60e18ef4-c0b0-11ea-a891-dca63233aa46,1,1,1,-52,0.000006309573445,
242,DC:A6:32:33:AA:47,2020-07-07 18:18:05,60e18ef4-c0b0-11ea-a891-dca63233aa46,1,1,1,-52,0.000006309573445,
243,DC:A6:32:33:AA:47,2020-07-07 18:18:05,60e18ef4-c0b0-11ea-a891-dca63233aa46,1,1,1,-56,0.000002511886432,
244,DC:A6:32:33:AA:47,2020-07-07 18:18:07,60e18ef4-c0b0-11ea-a891-dca63233aa46,1,1,1,-50,0.00001,
245,DC:A6:32:33:AA:47,2020-07-07 18:18:08,60e18ef4-c0b0-11ea-a891-dca63233aa46,1,1,1,-53,0.000005011872336,
246,DC:A6:32:33:AA:47,2020-07-07 18:18:10,60e18ef4-c0b0-11ea-a891-dca63233aa46,1,1,1,-52,0.000006309573445,
247,DC:A6:32:33:AA:47,2020-07-07 18:18:10,60e18ef4-c0b0-11ea-a891-dca63233aa46,1,1,1,-51,0.000007943282347,
248,DC:A6:32:33:AA:47,2020-07-07 18:18:12,60e18ef4-c0b0-11ea-a891-dca63233aa46,1,1,1,-50,0.00001,
249,DC:A6:32:33:AA:47,2020-07-07 18:18:14,60e18ef4-c0b0-11ea-a891-dca63233aa46,1,1,1,-51,0.000007943282347,
250,DC:A6:32:33:AA:47,2020-07-07 18:18:15,60e18ef4-c0b0-11ea-a891-dca63233aa46,1,1,1,-51,0.000007943282347,
251,DC:A6:32:33:AA:47,2020-07-07 18:18:17,60e18ef4-c0b0-11ea-a891-dca63233aa46,1,1,1,-51,0.000007943282347,
252,DC:A6:32:33:AA:47,2020-07-07 18:18:18,60e18ef4-c0b0-11ea-a891-dca63233aa46,1,1,1,-56,0.000002511886432,
253,DC:A6:32:33:AA:47,2020-07-07 18:18:20,60e18ef4-c0b0-11ea-a891-dca63233aa46,1,1,1,-59,0.000001258925412,
254,DC:A6:32:33:AA:47,2020-07-07 18:18:22,60e18ef4-c0b0-11ea-a891-dca63233aa46,1,1,1,-51,0.000007943282347,
255,DC:A6:32:33:AA:47,2020-07-07 18:18:24,60e18ef4-c0b0-11ea-a891-dca63233aa46,1,1,1,-50,0.00001,
256,DC:A6:32:33:AA:47,2020-07-07 18:18:26,60e18ef4-c0b0-11ea-a891-dca63233aa46,1,1,1,-51,0.000007943282347,
257,DC:A6:32:33:AA:47,2020-07-07 18:18:26,60e18ef4-c0b0-11ea-a891-dca63233aa46,1,1,1,-57,0.000001995262315,
258,DC:A6:32:33:AA:47,2020-07-07 18:18:28,60e18ef4-c0b0-11ea-a891-dca63233aa46,1,1,1,-50,0.00001,
259,DC:A6:32:33:AA:47,2020-07-07 18:18:28,60e18ef4-c0b0-11ea-a891-dca63233aa46,1,1,1,-51,0.000007943282347,
260,DC:A6:32:33:AA:47,2020-07-07 18:18:29,60e18ef4-c0b0-11ea-a891-dca63233aa46,1,1,1,-51,0.000007943282347,
261,DC:A6:32:33:AA:47,2020-07-07 18:18:30,60e18ef4-c0b0-11ea-a891-dca63233aa46,1,1,1,-51,0.000007943282347,
262,DC:A6:32:33:AA:47,2020-07-07 18:18:31,60e18ef4-c0b0-11ea-a891-dca63233aa46,1,1,1,-52,0.000006309573445,
263,DC:A6:32:33:AA:47,2020-07-07 18:18:33,60e18ef4-c0b0-11ea-a891-dca63233aa46,1,1,1,-50,0.00001,
264,DC:A6:32:33:AA:47,2020-07-07 18:18:35,60e18ef4-c0b0-11ea-a891-dca63233aa46,1,1,1,-55,0.00000316227766,
265,DC:A6:32:33:AA:47,2020-07-07 18:18:37,60e18ef4-c0b0-11ea-a891-dca63233aa46,1,1,1,-55,0.00000316227766,
266,DC:A6:32:33:AA:47,2020-07-07 18:18:37,60e18ef4-c0b0-11ea-a891-dca63233aa46,1,1,1,-56,0.000002511886432,
267,DC:A6:32:33:AA:47,2020-07-07 18:18:39,60e18ef4-c0b0-11ea-a891-dca63233aa46,1,1,1,-52,0.000006309573445,
268,DC:A6:32:33:AA:47,2020-07-07 18:18:39,60e18ef4-c0b0-11ea-a891-dca63233aa46,1,1,1,-51,0.000007943282347,
269,DC:A6:32:33:AA:47,2020-07-07 18:18:40,60e18ef4-c0b0-11ea-a891-dca63233aa46,1,1,1,-52,0.000006309573445,
270,DC:A6:32:33:AA:47,2020-07-07 18:18:42,60e18ef4-c0b0-11ea-a891-dca63233aa46,1,1,1,-52,0.000006309573445,
271,DC:A6:32:33:AA:47,2020-07-07 18:18:42,60e18ef4-c0b0-11ea-a891-dca63233aa46,1,1,1,-52,0.000006309573445,
272,DC:A6:32:33:AA:47,2020-07-07 18:18:44,60e18ef4-c0b0-11ea-a891-dca63233aa46,1,1,1,-50,0.00001,
273,DC:A6:32:33:AA:47,2020-07-07 18:18:45,60e18ef4-c0b0-11ea-a891-dca63233aa46,1,1,1,-50,0.00001,
274,DC:A6:32:33:AA:47,2020-07-07 18:18:46,60e18ef4-c0b0-11ea-a891-dca63233aa46,1,1,1,-52,0.000006309573445,
275,DC:A6:32:33:AA:47,2020-07-07 18:18:48,60e18ef4-c0b0-11ea-a891-dca63233aa46,1,1,1,-50,0.00001,
276,DC:A6:32:33:AA:47,2020-07-07 18:18:48,60e18ef4-c0b0-11ea-a891-dca63233aa46,1,1,1,-52,0.000006309573445,
277,DC:A6:32:33:AA:47,2020-07-07 18:18:50,60e18ef4-c0b0-11ea-a891-dca63233aa46,1,1,1,-50,0.00001,
278,DC:A6:32:33:AA:47,2020-07-07 18:18:51,60e18ef4-c0b0-11ea-a891-dca63233aa46,1,1,1,-55,0.00000316227766,
279,DC:A6:32:33:AA:47,2020-07-07 18:18:53,60e18ef4-c0b0-11ea-a891-dca63233aa46,1,1,1,-52,0.000006309573445,
280,DC:A6:32:33:AA:47,2020-07-07 18:18:54,60e18ef4-c0b0-11ea-a891-dca63233aa46,1,1,1,-52,0.000006309573445,
281,DC:A6:32:33:AA:47,2020-07-07 18:18:56,60e18ef4-c0b0-11ea-a891-dca63233aa46,1,1,1,-50,0.00001,
282,DC:A6:32:33:AA:47,2020-07-07 18:18:56,60e18ef4-c0b0-11ea-a891-dca63233aa46,1,1,1,-55,0.00000316227766,
283,DC:A6:32:33:AA:47,2020-07-07 18:18:58,60e18ef4-c0b0-11ea-a891-dca63233aa46,1,1,1,-54,0.000003981071706,
284,DC:A6:32:33:AA:47,2020-07-07 18:18:59,60e18ef4-c0b0-11ea-a891-dca63233aa46,1,1,1,-51,0.000007943282347,
285,DC:A6:32:33:AA:47,2020-07-07 18:19:00,60e18ef4-c0b0-11ea-a891-dca63233aa46,1,1,1,-52,0.000006309573445,
286,DC:A6:32:33:AA:47,2020-07-07 18:19:02,60e18ef4-c0b0-11ea-a891-dca63233aa46,1,1,1,-52,0.000006309573445,
287,DC:A6:32:33:AA:47,2020-07-07 18:19:03,60e18ef4-c0b0-11ea-a891-dca63233aa46,1,1,1,-54,0.000003981071706,
288,DC:A6:32:33:AA:47,2020-07-07 18:19:04,60e18ef4-c0b0-11ea-a891-dca63233aa46,1,1,1,-50,0.00001,
289,DC:A6:32:33:AA:47,2020-07-07 18:19:05,60e18ef4-c0b0-11ea-a891-dca63233aa46,1,1,1,-50,0.00001,
290,DC:A6:32:33:AA:47,2020-07-07 18:19:06,60e18ef4-c0b0-11ea-a891-dca63233aa46,1,1,1,-51,0.000007943282347,
291,DC:A6:32:33:AA:47,2020-07-07 18:19:08,60e18ef4-c0b0-11ea-a891-dca63233aa46,1,1,1,-50,0.00001,
292,DC:A6:32:33:AA:47,2020-07-07 18:19:10,60e18ef4-c0b0-11ea-a891-dca63233aa46,1,1,1,-52,0.000006309573445,
293,DC:A6:32:33:AA:47,2020-07-07 18:19:10,60e18ef4-c0b0-11ea-a891-dca63233aa46,1,1,1,-51,0.000007943282347,
294,DC:A6:32:33:AA:47,2020-07-07 18:19:11,60e18ef4-c0b0-11ea-a891-dca63233aa46,1,1,1,-52,0.000006309573445,
295,DC:A6:32:33:AA:47,2020-07-07 18:19:13,60e18ef4-c0b0-11ea-a891-dca63233aa46,1,1,1,-55,0.00000316227766,
296,DC:A6:32:33:AA:47,2020-07-07 18:19:15,60e18ef4-c0b0-11ea-a891-dca63233aa46,1,1,1,-53,0.000005011872336,
297,DC:A6:32:33:AA:47,2020-07-07 18:19:16,60e18ef4-c0b0-11ea-a891-dca63233aa46,1,1,1,-52,0.000006309573445,
298,DC:A6:32:33:AA:47,2020-07-07 18:19:18,60e18ef4-c0b0-11ea-a891-dca63233aa46,1,1,1,-51,0.000007943282347,
299,DC:A6:32:33:AA:47,2020-07-07 18:19:19,60e18ef4-c0b0-11ea-a891-dca63233aa46,1,1,1,-55,0.00000316227766,
300,DC:A6:32:33:AA:47,2020-07-07 18:19:20,60e18ef4-c0b0-11ea-a891-dca63233aa46,1,1,1,-52,0.000006309573445,
301,DC:A6:32:33:AA:47,2020-07-07 18:19:21,60e18ef4-c0b0-11ea-a891-dca63233aa46,1,1,1,-50,0.00001,
302,DC:A6:32:33:AA:47,2020-07-07 18:19:22,60e18ef4-c0b0-11ea-a891-dca63233aa46,1,1,1,-53,0.000005011872336,
303,DC:A6:32:33:AA:47,2020-07-07 18:19:23,60e18ef4-c0b0-11ea-a891-dca63233aa46,1,1,1,-50,0.00001,
304,DC:A6:32:33:AA:47,2020-07-07 18:19:25,60e18ef4-c0b0-11ea-a891-dca63233aa46,1,1,1,-55,0.00000316227766,
305,DC:A6:32:33:AA:47,2020-07-07 18:19:27,60e18ef4-c0b0-11ea-a891-dca63233aa46,1,1,1,-50,0.00001,
306,DC:A6:32:33:AA:47,2020-07-07 18:19:29,60e18ef4-c0b0-11ea-a891-dca63233aa46,1,1,1,-50,0.00001,
307,DC:A6:32:33:AA:47,2020-07-07 18:19:29,60e18ef4-c0b0-11ea-a891-dca63233aa46,1,1,1,-52,0.000006309573445,
308,DC:A6:32:33:AA:47,2020-07-07 18:19:31,60e18ef4-c0b0-11ea-a891-dca63233aa46,1,1,1,-51,0.000007943282347,
309,DC:A6:32:33:AA:47,2020-07-07 18:19:32,60e18ef4-c0b0-11ea-a891-dca63233aa46,1,1,1,-52,0.000006309573445,
310,DC:A6:32:33:AA:47,2020-07-07 18:19:34,60e18ef4-c0b0-11ea-a891-dca63233aa46,1,1,1,-56,0.000002511886432,
311,DC:A6:32:33:AA:47,2020-07-07 18:19:34,60e18ef4-c0b0-11ea-a891-dca63233aa46,1,1,1,-52,0.000006309573445,
312,DC:A6:32:33:AA:47,2020-07-07 18:19:35,60e18ef4-c0b0-11ea-a891-dca63233aa46,1,1,1,-56,0.000002511886432,
313,DC:A6:32:33:AA:47,2020-07-07 18:19:36,60e18ef4-c0b0-11ea-a891-dca63233aa46,1,1,1,-51,0.000007943282347,
314,DC:A6:32:33:AA:47,2020-07-07 18:19:37,60e18ef4-c0b0-11ea-a891-dca63233aa46,1,1,1,-51,0.000007943282347,
315,DC:A6:32:33:AA:47,2020-07-07 18:19:39,60e18ef4-c0b0-11ea-a891-dca63233aa46,1,1,1,-52,0.000006309573445,
316,DC:A6:32:33:AA:47,2020-07-07 18:19:40,60e18ef4-c0b0-11ea-a891-dca63233aa46,1,1,1,-56,0.000002511886432,
317,DC:A6:32:33:AA:47,2020-07-07 18:19:40,60e18ef4-c0b0-11ea-a891-dca63233aa46,1,1,1,-50,0.00001,
318,DC:A6:32:33:AA:47,2020-07-07 18:19:42,60e18ef4-c0b0-11ea-a891-dca63233aa46,1,1,1,-52,0.000006309573445,
319,DC:A6:32:33:AA:47,2020-07-07 18:19:43,60e18ef4-c0b0-11ea-a891-dca63233aa46,1,1,1,-52,0.000006309573445,
320,DC:A6:32:33:AA:47,2020-07-07 18:19:44,60e18ef4-c0b0-11ea-a891-dca63233aa46,1,1,1,-56,0.000002511886432,
321,DC:A6:32:33:AA:47,2020-07-07 18:19:45,60e18ef4-c0b0-11ea-a891-dca63233aa46,1,1,1,-50,0.00001,
322,DC:A6:32:33:AA:47,2020-07-07 18:19:47,60e18ef4-c0b0-11ea-a891-dca63233aa46,1,1,1,-55,0.00000316227766,
323,DC:A6:32:33:AA:47,2020-07-07 18:19:49,60e18ef4-c0b0-11ea-a891-dca63233aa46,1,1,1,-51,0.000007943282347,
324,DC:A6:32:33:AA:47,2020-07-07 18:19:49,60e18ef4-c0b0-11ea-a891-dca63233aa46,1,1,1,-50,0.00001,
325,DC:A6:32:33:AA:47,2020-07-07 18:19:50,60e18ef4-c0b0-11ea-a891-dca63233aa46,1,1,1,-50,0.00001,
326,DC:A6:32:33:AA:47,2020-07-07 18:19:52,60e18ef4-c0b0-11ea-a891-dca63233aa46,1,1,1,-51,0.000007943282347,
327,DC:A6:32:33:AA:47,2020-07-07 18:19:52,60e18ef4-c0b0-11ea-a891-dca63233aa46,1,1,1,-50,0.00001,
328,DC:A6:32:33:AA:47,2020-07-07 18:19:53,60e18ef4-c0b0-11ea-a891-dca63233aa46,1,1,1,-55,0.00000316227766,
329,DC:A6:32:33:AA:47,2020-07-07 18:19:55,60e18ef4-c0b0-11ea-a891-dca63233aa46,1,1,1,-51,0.000007943282347,
330,DC:A6:32:33:AA:47,2020-07-07 18:19:57,60e18ef4-c0b0-11ea-a891-dca63233aa46,1,1,1,-52,0.000006309573445,
331,DC:A6:32:33:AA:47,2020-07-07 18:19:58,60e18ef4-c0b0-11ea-a891-dca63233aa46,1,1,1,-53,0.000005011872336,
332,DC:A6:32:33:AA:47,2020-07-07 18:20:00,60e18ef4-c0b0-11ea-a891-dca63233aa46,1,1,1,-54,0.000003981071706,
333,DC:A6:32:33:AA:47,2020-07-07 18:20:01,60e18ef4-c0b0-11ea-a891-dca63233aa46,1,1,1,-55,0.00000316227766,
334,DC:A6:32:33:AA:47,2020-07-07 18:20:03,60e18ef4-c0b0-11ea-a891-dca63233aa46,1,1,1,-52,0.000006309573445,
335,DC:A6:32:33:AA:47,2020-07-07 18:20:04,60e18ef4-c0b0-11ea-a891-dca63233aa46,1,1,1,-52,0.000006309573445,
336,DC:A6:32:33:AA:47,2020-07-07 18:20:05,60e18ef4-c0b0-11ea-a891-dca63233aa46,1,1,1,-50,0.00001,
337,DC:A6:32:33:AA:47,2020-07-07 18:20:06,60e18ef4-c0b0-11ea-a891-dca63233aa46,1,1,1,-56,0.000002511886432,
338,DC:A6:32:33:AA:47,2020-07-07 18:20:07,60e18ef4-c0b0-11ea-a891-dca63233aa46,1,1,1,-50,0.00001,
339,DC:A6:32:33:AA:47,2020-07-07 18:20:09,60e18ef4-c0b0-11ea-a891-dca63233aa46,1,1,1,-50,0.00001,
340,DC:A6:32:33:AA:47,2020-07-07 18:20:10,60e18ef4-c0b0-11ea-a891-dca63233aa46,1,1,1,-55,0.00000316227766,
341,DC:A6:32:33:AA:47,2020-07-07 18:20:11,60e18ef4-c0b0-11ea-a891-dca63233aa46,1,1,1,-52,0.000006309573445,
342,DC:A6:32:33:AA:47,2020-07-07 18:20:13,60e18ef4-c0b0-11ea-a891-dca63233aa46,1,1,1,-55,0.00000316227766,
343,DC:A6:32:33:AA:47,2020-07-07 18:20:13,60e18ef4-c0b0-11ea-a891-dca63233aa46,1,1,1,-55,0.00000316227766,
344,DC:A6:32:33:AA:47,2020-07-07 18:20:14,60e18ef4-c0b0-11ea-a891-dca63233aa46,1,1,1,-51,0.000007943282347,
345,DC:A6:32:33:AA:47,2020-07-07 18:20:16,60e18ef4-c0b0-11ea-a891-dca63233aa46,1,1,1,-55,0.00000316227766,
346,DC:A6:32:33:AA:47,2020-07-07 18:20:18,60e18ef4-c0b0-11ea-a891-dca63233aa46,1,1,1,-56,0.000002511886432,
347,DC:A6:32:33:AA:47,2020-07-07 18:20:20,60e18ef4-c0b0-11ea-a891-dca63233aa46,1,1,1,-55,0.00000316227766,
348,DC:A6:32:33:AA:47,2020-07-07 18:20:21,60e18ef4-c0b0-11ea-a891-dca63233aa46,1,1,1,-55,0.00000316227766,
349,DC:A6:32:33:AA:47,2020-07-07 18:20:23,60e18ef4-c0b0-11ea-a891-dca63233aa46,1,1,1,-55,0.00000316227766,
350,DC:A6:32:33:AA:47,2020-07-07 18:20:23,60e18ef4-c0b0-11ea-a891-dca63233aa46,1,1,1,-56,0.000002511886432,
351,DC:A6:32:33:AA:47,2020-07-07 18:20:25,60e18ef4-c0b0-11ea-a891-dca63233aa46,1,1,1,-55,0.00000316227766,
352,DC:A6:32:33:AA:47,2020-07-07 18:20:27,60e18ef4-c0b0-11ea-a891-dca63233aa46,1,1,1,-55,0.00000316227766,
353,DC:A6:32:33:AA:47,2020-07-07 18:20:27,60e18ef4-c0b0-11ea-a891-dca63233aa46,1,1,1,-51,0.000007943282347,
354,DC:A6:32:33:AA:47,2020-07-07 18:20:29,60e18ef4-c0b0-11ea-a891-dca63233aa46,1,1,1,-54,0.000003981071706,
355,DC:A6:32:33:AA:47,2020-07-07 18:20:30,60e18ef4-c0b0-11ea-a891-dca63233aa46,1,1,1,-51,0.000007943282347,
356,DC:A6:32:33:AA:47,2020-07-07 18:20:30,60e18ef4-c0b0-11ea-a891-dca63233aa46,1,1,1,-50,0.00001,
357,DC:A6:32:33:AA:47,2020-07-07 18:20:32,60e18ef4-c0b0-11ea-a891-dca63233aa46,1,1,1,-51,0.000007943282347,
358,DC:A6:32:33:AA:47,2020-07-07 18:20:34,60e18ef4-c0b0-11ea-a891-dca63233aa46,1,1,1,-55,0.00000316227766,
359,DC:A6:32:33:AA:47,2020-07-07 18:20:36,60e18ef4-c0b0-11ea-a891-dca63233aa46,1,1,1,-52,0.000006309573445,
360,DC:A6:32:33:AA:47,2020-07-07 18:20:38,60e18ef4-c0b0-11ea-a891-dca63233aa46,1,1,1,-51,0.000007943282347,
361,DC:A6:32:33:AA:47,2020-07-07 18:20:39,60e18ef4-c0b0-11ea-a891-dca63233aa46,1,1,1,-55,0.00000316227766,
362,DC:A6:32:33:AA:47,2020-07-07 18:20:40,60e18ef4-c0b0-11ea-a891-dca63233aa46,1,1,1,-55,0.00000316227766,
363,DC:A6:32:33:AA:47,2020-07-07 18:20:42,60e18ef4-c0b0-11ea-a891-dca63233aa46,1,1,1,-52,0.000006309573445,
364,DC:A6:32:33:AA:47,2020-07-07 18:20:44,60e18ef4-c0b0-11ea-a891-dca63233aa46,1,1,1,-55,0.00000316227766,
365,DC:A6:32:33:AA:47,2020-07-07 18:20:45,60e18ef4-c0b0-11ea-a891-dca63233aa46,1,1,1,-52,0.000006309573445,
366,DC:A6:32:33:AA:47,2020-07-07 18:20:46,60e18ef4-c0b0-11ea-a891-dca63233aa46,1,1,1,-55,0.00000316227766,
367,DC:A6:32:33:AA:47,2020-07-07 18:20:47,60e18ef4-c0b0-11ea-a891-dca63233aa46,1,1,1,-50,0.00001,
368,DC:A6:32:33:AA:47,2020-07-07 18:20:49,60e18ef4-c0b0-11ea-a891-dca63233aa46,1,1,1,-55,0.00000316227766,
369,DC:A6:32:33:AA:47,2020-07-07 18:20:50,60e18ef4-c0b0-11ea-a891-dca63233aa46,1,1,1,-56,0.000002511886432,
370,DC:A6:32:33:AA:47,2020-07-07 18:20:52,60e18ef4-c0b0-11ea-a891-dca63233aa46,1,1,1,-55,0.00000316227766,
371,DC:A6:32:33:AA:47,2020-07-07 18:20:54,60e18ef4-c0b0-11ea-a891-dca63233aa46,1,1,1,-50,0.00001,
372,DC:A6:32:33:AA:47,2020-07-07 18:20:56,60e18ef4-c0b0-11ea-a891-dca63233aa46,1,1,1,-51,0.000007943282347,
373,DC:A6:32:33:AA:47,2020-07-07 18:20:56,60e18ef4-c0b0-11ea-a891-dca63233aa46,1,1,1,-56,0.000002511886432,
374,DC:A6:32:33:AA:47,2020-07-07 18:20:57,60e18ef4-c0b0-11ea-a891-dca63233aa46,1,1,1,-56,0.000002511886432,
375,DC:A6:32:33:AA:47,2020-07-07 18:20:58,60e18ef4-c0b0-11ea-a891-dca63233aa46,1,1,1,-56,0.000002511886432,
376,DC:A6:32:33:AA:47,2020-07-07 18:21:00,60e18ef4-c0b0-11ea-a891-dca63233aa46,1,1,1,-50,0.00001,
377,DC:A6:32:33:AA:47,2020-07-07 18:21:02,60e18ef4-c0b0-11ea-a891-dca63233aa46,1,1,1,-56,0.000002511886432,
378,DC:A6:32:33:AA:47,2020-07-07 18:21:03,60e18ef4-c0b0-11ea-a891-dca63233aa46,1,1,1,-50,0.00001,
379,DC:A6:32:33:AA:47,2020-07-07 18:21:05,60e18ef4-c0b0-11ea-a891-dca63233aa46,1,1,1,-51,0.000007943282347,
380,DC:A6:32:33:AA:47,2020-07-07 18:21:07,60e18ef4-c0b0-11ea-a891-dca63233aa46,1,1,1,-50,0.00001,
381,DC:A6:32:33:AA:47,2020-07-07 18:21:09,60e18ef4-c0b0-11ea-a891-dca63233aa46,1,1,1,-50,0.00001,
382,DC:A6:32:33:AA:47,2020-07-07 18:21:09,60e18ef4-c0b0-11ea-a891-dca63233aa46,1,1,1,-55,0.00000316227766,
383,DC:A6:32:33:AA:47,2020-07-07 18:21:10,60e18ef4-c0b0-11ea-a891-dca63233aa46,1,1,1,-52,0.000006309573445,
384,DC:A6:32:33:AA:47,2020-07-07 18:21:12,60e18ef4-c0b0-11ea-a891-dca63233aa46,1,1,1,-50,0.00001,
385,DC:A6:32:33:AA:47,2020-07-07 18:21:13,60e18ef4-c0b0-11ea-a891-dca63233aa46,1,1,1,-56,0.000002511886432,
386,DC:A6:32:33:AA:47,2020-07-07 18:21:15,60e18ef4-c0b0-11ea-a891-dca63233aa46,1,1,1,-51,0.000007943282347,
387,DC:A6:32:33:AA:47,2020-07-07 18:21:15,60e18ef4-c0b0-11ea-a891-dca63233aa46,1,1,1,-52,0.000006309573445,
388,DC:A6:32:33:AA:47,2020-07-07 18:21:17,60e18ef4-c0b0-11ea-a891-dca63233aa46,1,1,1,-51,0.000007943282347,
389,DC:A6:32:33:AA:47,2020-07-07 18:21:17,60e18ef4-c0b0-11ea-a891-dca63233aa46,1,1,1,-55,0.00000316227766,
390,DC:A6:32:33:AA:47,2020-07-07 18:21:19,60e18ef4-c0b0-11ea-a891-dca63233aa46,1,1,1,-50,0.00001,
391,DC:A6:32:33:AA:47,2020-07-07 18:21:20,60e18ef4-c0b0-11ea-a891-dca63233aa46,1,1,1,-56,0.000002511886432,
392,DC:A6:32:33:AA:47,2020-07-07 18:21:21,60e18ef4-c0b0-11ea-a891-dca63233aa46,1,1,1,-55,0.00000316227766,
393,DC:A6:32:33:AA:47,2020-07-07 18:21:22,60e18ef4-c0b0-11ea-a891-dca63233aa46,1,1,1,-56,0.000002511886432,
394,DC:A6:32:33:AA:47,2020-07-07 18:21:23,60e18ef4-c0b0-11ea-a891-dca63233aa46,1,1,1,-52,0.000006309573445,
395,DC:A6:32:33:AA:47,2020-07-07 18:21:24,60e18ef4-c0b0-11ea-a891-dca63233aa46,1,1,1,-54,0.000003981071706,
396,DC:A6:32:33:AA:47,2020-07-07 18:21:26,60e18ef4-c0b0-11ea-a891-dca63233aa46,1,1,1,-50,0.00001,
397,DC:A6:32:33:AA:47,2020-07-07 18:21:27,60e18ef4-c0b0-11ea-a891-dca63233aa46,1,1,1,-50,0.00001,
398,DC:A6:32:33:AA:47,2020-07-07 18:21:28,60e18ef4-c0b0-11ea-a891-dca63233aa46,1,1,1,-53,0.000005011872336,
399,DC:A6:32:33:AA:47,2020-07-07 18:21:29,60e18ef4-c0b0-11ea-a891-dca63233aa46,1,1,1,-51,0.000007943282347,
400,DC:A6:32:33:AA:47,2020-07-07 18:21:30,60e18ef4-c0b0-11ea-a891-dca63233aa46,1,1,1,-55,0.00000316227766,
401,DC:A6:32:33:AA:47,2020-07-07 18:21:31,60e18ef4-c0b0-11ea-a891-dca63233aa46,1,1,1,-52,0.000006309573445,
402,DC:A6:32:33:AA:47,2020-07-07 18:21:32,60e18ef4-c0b0-11ea-a891-dca63233aa46,1,1,1,-56,0.000002511886432,
403,DC:A6:32:33:AA:47,2020-07-07 18:21:33,60e18ef4-c0b0-11ea-a891-dca63233aa46,1,1,1,-51,0.000007943282347,
404,DC:A6:32:33:AA:47,2020-07-07 18:21:34,60e18ef4-c0b0-11ea-a891-dca63233aa46,1,1,1,-50,0.00001,
405,DC:A6:32:33:AA:47,2020-07-07 18:21:36,60e18ef4-c0b0-11ea-a891-dca63233aa46,1,1,1,-50,0.00001,
406,DC:A6:32:33:AA:47,2020-07-07 18:21:36,60e18ef4-c0b0-11ea-a891-dca63233aa46,1,1,1,-50,0.00001,
407,DC:A6:32:33:AA:47,2020-07-07 18:21:37,60e18ef4-c0b0-11ea-a891-dca63233aa46,1,1,1,-55,0.00000316227766,
408,DC:A6:32:33:AA:47,2020-07-07 18:21:39,60e18ef4-c0b0-11ea-a891-dca63233aa46,1,1,1,-51,0.000007943282347,
409,DC:A6:32:33:AA:47,2020-07-07 18:21:40,60e18ef4-c0b0-11ea-a891-dca63233aa46,1,1,1,-51,0.000007943282347,
410,DC:A6:32:33:AA:47,2020-07-07 18:21:41,60e18ef4-c0b0-11ea-a891-dca63233aa46,1,1,1,-55,0.00000316227766,
411,DC:A6:32:33:AA:47,2020-07-07 18:21:43,60e18ef4-c0b0-11ea-a891-dca63233aa46,1,1,1,-52,0.000006309573445,
412,DC:A6:32:33:AA:47,2020-07-07 18:21:44,60e18ef4-c0b0-11ea-a891-dca63233aa46,1,1,1,-55,0.00000316227766,
413,DC:A6:32:33:AA:47,2020-07-07 18:21:45,60e18ef4-c0b0-11ea-a891-dca63233aa46,1,1,1,-56,0.000002511886432,
414,DC:A6:32:33:AA:47,2020-07-07 18:21:46,60e18ef4-c0b0-11ea-a891-dca63233aa46,1,1,1,-50,0.00001,
415,DC:A6:32:33:AA:47,2020-07-07 18:21:47,60e18ef4-c0b0-11ea-a891-dca63233aa46,1,1,1,-50,0.00001,
416,DC:A6:32:33:AA:47,2020-07-07 18:21:49,60e18ef4-c0b0-11ea-a891-dca63233aa46,1,1,1,-56,0.000002511886432,
417,DC:A6:32:33:AA:47,2020-07-07 18:21:50,60e18ef4-c0b0-11ea-a891-dca63233aa46,1,1,1,-52,0.000006309573445,
418,DC:A6:32:33:AA:47,2020-07-07 18:21:50,60e18ef4-c0b0-11ea-a891-dca63233aa46,1,1,1,-50,0.00001,
419,DC:A6:32:33:AA:47,2020-07-07 18:21:51,60e18ef4-c0b0-11ea-a891-dca63233aa46,1,1,1,-56,0.000002511886432,
420,DC:A6:32:33:AA:47,2020-07-07 18:21:53,60e18ef4-c0b0-11ea-a891-dca63233aa46,1,1,1,-55,0.00000316227766,
421,DC:A6:32:33:AA:47,2020-07-07 18:21:54,60e18ef4-c0b0-11ea-a891-dca63233aa46,1,1,1,-50,0.00001,
422,DC:A6:32:33:AA:47,2020-07-07 18:21:56,60e18ef4-c0b0-11ea-a891-dca63233aa46,1,1,1,-51,0.000007943282347,
423,DC:A6:32:33:AA:47,2020-07-07 18:21:57,60e18ef4-c0b0-11ea-a891-dca63233aa46,1,1,1,-56,0.000002511886432,
424,DC:A6:32:33:AA:47,2020-07-07 18:21:58,60e18ef4-c0b0-11ea-a891-dca63233aa46,1,1,1,-53,0.000005011872336,
425,DC:A6:32:33:AA:47,2020-07-07 18:21:59,60e18ef4-c0b0-11ea-a891-dca63233aa46,1,1,1,-55,0.00000316227766,
426,DC:A6:32:33:AA:47,2020-07-07 18:22:01,60e18ef4-c0b0-11ea-a891-dca63233aa46,1,1,1,-51,0.000007943282347,
427,DC:A6:32:33:AA:47,2020-07-07 18:22:02,60e18ef4-c0b0-11ea-a891-dca63233aa46,1,1,1,-52,0.000006309573445,
428,DC:A6:32:33:AA:47,2020-07-07 18:22:03,60e18ef4-c0b0-11ea-a891-dca63233aa46,1,1,1,-51,0.000007943282347,
429,DC:A6:32:33:AA:47,2020-07-07 18:22:04,60e18ef4-c0b0-11ea-a891-dca63233aa46,1,1,1,-50,0.00001,
430,DC:A6:32:33:AA:47,2020-07-07 18:22:05,60e18ef4-c0b0-11ea-a891-dca63233aa46,1,1,1,-50,0.00001,
431,DC:A6:32:33:AA:47,2020-07-07 18:22:06,60e18ef4-c0b0-11ea-a891-dca63233aa46,1,1,1,-51,0.000007943282347,
432,DC:A6:32:33:AA:47,2020-07-07 18:22:08,60e18ef4-c0b0-11ea-a891-dca63233aa46,1,1,1,-55,0.00000316227766,
433,DC:A6:32:33:AA:47,2020-07-07 18:22:09,60e18ef4-c0b0-11ea-a891-dca63233aa46,1,1,1,-52,0.000006309573445,
434,DC:A6:32:33:AA:47,2020-07-07 18:22:10,60e18ef4-c0b0-11ea-a891-dca63233aa46,1,1,1,-56,0.000002511886432,
435,DC:A6:32:33:AA:47,2020-07-07 18:22:12,60e18ef4-c0b0-11ea-a891-dca63233aa46,1,1,1,-52,0.000006309573445,
436,DC:A6:32:33:AA:47,2020-07-07 18:22:14,60e18ef4-c0b0-11ea-a891-dca63233aa46,1,1,1,-54,0.000003981071706,
437,DC:A6:32:33:AA:47,2020-07-07 18:22:15,60e18ef4-c0b0-11ea-a891-dca63233aa46,1,1,1,-55,0.00000316227766,
438,DC:A6:32:33:AA:47,2020-07-07 18:22:15,60e18ef4-c0b0-11ea-a891-dca63233aa46,1,1,1,-52,0.000006309573445,
439,DC:A6:32:33:AA:47,2020-07-07 18:22:16,60e18ef4-c0b0-11ea-a891-dca63233aa46,1,1,1,-53,0.000005011872336,
440,DC:A6:32:33:AA:47,2020-07-07 18:22:18,60e18ef4-c0b0-11ea-a891-dca63233aa46,1,1,1,-52,0.000006309573445,
441,DC:A6:32:33:AA:47,2020-07-07 18:22:20,60e18ef4-c0b0-11ea-a891-dca63233aa46,1,1,1,-50,0.00001,
442,DC:A6:32:33:AA:47,2020-07-07 18:22:22,60e18ef4-c0b0-11ea-a891-dca63233aa46,1,1,1,-52,0.000006309573445,
443,DC:A6:32:33:AA:47,2020-07-07 18:22:24,60e18ef4-c0b0-11ea-a891-dca63233aa46,1,1,1,-50,0.00001,
444,DC:A6:32:33:AA:47,2020-07-07 18:22:25,60e18ef4-c0b0-11ea-a891-dca63233aa46,1,1,1,-52,0.000006309573445,
445,DC:A6:32:33:AA:47,2020-07-07 18:22:26,60e18ef4-c0b0-11ea-a891-dca63233aa46,1,1,1,-52,0.000006309573445,
446,DC:A6:32:33:AA:47,2020-07-07 18:22:28,60e18ef4-c0b0-11ea-a891-dca63233aa46,1,1,1,-55,0.00000316227766,
447,DC:A6:32:33:AA:47,2020-07-07 18:22:30,60e18ef4-c0b0-11ea-a891-dca63233aa46,1,1,1,-56,0.000002511886432,
448,DC:A6:32:33:AA:47,2020-07-07 18:22:30,60e18ef4-c0b0-11ea-a891-dca63233aa46,1,1,1,-52,0.000006309573445,
449,DC:A6:32:33:AA:47,2020-07-07 18:22:32,60e18ef4-c0b0-11ea-a891-dca63233aa46,1,1,1,-52,0.000006309573445,
450,DC:A6:32:33:AA:47,2020-07-07 18:22:32,60e18ef4-c0b0-11ea-a891-dca63233aa46,1,1,1,-50,0.00001,
451,DC:A6:32:33:AA:47,2020-07-07 18:22:34,60e18ef4-c0b0-11ea-a891-dca63233aa46,1,1,1,-51,0.000007943282347,
452,DC:A6:32:33:AA:47,2020-07-07 18:22:36,60e18ef4-c0b0-11ea-a891-dca63233aa46,1,1,1,-55,0.00000316227766,
453,DC:A6:32:33:AA:47,2020-07-07 18:22:38,60e18ef4-c0b0-11ea-a891-dca63233aa46,1,1,1,-50,0.00001,
454,DC:A6:32:33:AA:47,2020-07-07 18:22:39,60e18ef4-c0b0-11ea-a891-dca63233aa46,1,1,1,-52,0.000006309573445,
455,DC:A6:32:33:AA:47,2020-07-07 18:22:39,60e18ef4-c0b0-11ea-a891-dca63233aa46,1,1,1,-50,0.00001,
456,DC:A6:32:33:AA:47,2020-07-07 18:22:41,60e18ef4-c0b0-11ea-a891-dca63233aa46,1,1,1,-52,0.000006309573445,
457,DC:A6:32:33:AA:47,2020-07-07 18:22:42,60e18ef4-c0b0-11ea-a891-dca63233aa46,1,1,1,-56,0.000002511886432,
458,DC:A6:32:33:AA:47,2020-07-07 18:22:43,60e18ef4-c0b0-11ea-a891-dca63233aa46,1,1,1,-50,0.00001,
459,DC:A6:32:33:AA:47,2020-07-07 18:22:44,60e18ef4-c0b0-11ea-a891-dca63233aa46,1,1,1,-52,0.000006309573445,
460,DC:A6:32:33:AA:47,2020-07-07 18:22:46,60e18ef4-c0b0-11ea-a891-dca63233aa46,1,1,1,-52,0.000006309573445,
461,DC:A6:32:33:AA:47,2020-07-07 18:22:47,60e18ef4-c0b0-11ea-a891-dca63233aa46,1,1,1,-50,0.00001,
462,DC:A6:32:33:AA:47,2020-07-07 18:22:49,60e18ef4-c0b0-11ea-a891-dca63233aa46,1,1,1,-55,0.00000316227766,
463,DC:A6:32:33:AA:47,2020-07-07 18:22:50,60e18ef4-c0b0-11ea-a891-dca63233aa46,1,1,1,-51,0.000007943282347,
464,DC:A6:32:33:AA:47,2020-07-07 18:22:52,60e18ef4-c0b0-11ea-a891-dca63233aa46,1,1,1,-52,0.000006309573445,
465,DC:A6:32:33:AA:47,2020-07-07 18:22:52,60e18ef4-c0b0-11ea-a891-dca63233aa46,1,1,1,-55,0.00000316227766,
466,DC:A6:32:33:AA:47,2020-07-07 18:22:53,60e18ef4-c0b0-11ea-a891-dca63233aa46,1,1,1,-52,0.000006309573445,
467,DC:A6:32:33:AA:47,2020-07-07 18:22:54,60e18ef4-c0b0-11ea-a891-dca63233aa46,1,1,1,-55,0.00000316227766,
468,DC:A6:32:33:AA:47,2020-07-07 18:22:56,60e18ef4-c0b0-11ea-a891-dca63233aa46,1,1,1,-51,0.000007943282347,
469,DC:A6:32:33:AA:47,2020-07-07 18:22:56,60e18ef4-c0b0-11ea-a891-dca63233aa46,1,1,1,-51,0.000007943282347,
470,DC:A6:32:33:AA:47,2020-07-07 18:22:58,60e18ef4-c0b0-11ea-a891-dca63233aa46,1,1,1,-54,0.000003981071706,
471,DC:A6:32:33:AA:47,2020-07-07 18:23:00,60e18ef4-c0b0-11ea-a891-dca63233aa46,1,1,1,-54,0.000003981071706,